Chunk,Shift_Score,Is_Drift,Coeff_0,Coeff_1,Coeff_2,Coeff_3,Coeff_4,Coeff_5,Coeff_6,Coeff_7,Coeff_8,Coeff_9,Coeff_10,Coeff_11,Coeff_12,Coeff_13,Coeff_14,Coeff_15,Coeff_16,Coeff_17,Coeff_18,Coeff_19,Coeff_20,Coeff_21,Coeff_22,Coeff_23,Coeff_24,Coeff_25,Coeff_26,Coeff_27,Coeff_28,Coeff_29,Coeff_30,Coeff_31,Coeff_32,Coeff_33,Coeff_34,Coeff_35,Coeff_36,Coeff_37,Coeff_38,Coeff_39,Coeff_40,Coeff_41,Coeff_42,Coeff_43,Coeff_44,Coeff_45,Coeff_46,Coeff_47,Coeff_48,Coeff_49
l1-doh-nondoh,0.000000,False,-0.053882,-0.534336,-0.106565,0.022539,-0.057950,0.145379,0.083164,-0.300817,-0.057365,0.217315,0.319053,0.011300,-0.048064,-0.508799,-0.148470,0.293472,-0.049064,0.092201,0.225786,0.309221,-0.072145,-0.622387,-0.229198,0.406600,-0.050850,0.248596,0.527478,0.190775,-0.044085,-0.406259,-0.081988,0.272291,-0.042778,-0.178291,0.003692,0.093642,-0.054750,0.045383,-0.089508,-0.389644,-0.052803,0.581790,0.074027,-0.625886,-0.054908,0.084446,0.115186,-0.087008,-0.068652,0.268349
l2-benigndoh-maliciousdoh,0.000313,False,-0.053196,-0.533655,-0.107251,0.021858,-0.057265,0.144695,0.082478,-0.300133,-0.056679,0.218000,0.318367,0.010615,-0.047378,-0.509484,-0.149155,0.294158,-0.048379,0.092886,0.226472,0.309906,-0.071459,-0.621700,-0.229884,0.405912,-0.050164,0.249282,0.526794,0.190089,-0.043399,-0.405575,-0.082674,0.271607,-0.042093,-0.178977,0.003006,0.094327,-0.054064,0.044696,-0.090193,-0.388958,-0.052118,0.581104,0.073342,-0.625200,-0.054223,0.085132,0.115871,-0.086322,-0.067967,0.267668
benign-monday-no-metadata,0.001178,False,-0.044936,-0.525462,-0.099718,0.027351,-0.049005,0.136977,0.074236,-0.292118,-0.048420,0.226265,0.324682,0.015175,-0.039118,-0.501543,-0.156995,0.287802,-0.040119,0.100501,0.218222,0.302273,-0.063199,-0.614241,-0.237718,0.404532,-0.041904,0.257234,0.519299,0.188614,-0.035140,-0.408344,-0.090845,0.277640,-0.033833,-0.186376,-0.005256,0.102167,-0.045804,0.047355,-0.098396,-0.382590,-0.043858,0.589248,0.067599,-0.632612,-0.045963,0.093340,0.108230,-0.094418,-0.059707,0.275799
botnet-friday-no-metadata,0.001810,False,-0.041691,-0.522321,-0.097084,0.029392,-0.045760,0.134418,0.071021,-0.289085,-0.045175,0.229655,0.326759,0.015557,-0.035873,-0.498903,-0.160283,0.285308,-0.036874,0.103146,0.214961,0.299966,-0.059955,-0.611772,-0.241041,0.404232,-0.038659,0.260548,0.516725,0.188037,-0.031895,-0.407431,-0.094107,0.278128,-0.030588,-0.188895,-0.008509,0.105089,-0.042560,0.045747,-0.101687,-0.380102,-0.040613,0.592525,0.065722,-0.635733,-0.042718,0.096560,0.105170,-0.097485,-0.056462,0.279044
bruteforce-tuesday-no-metadata,0.003592,False,-0.035552,-0.516300,-0.091950,0.032711,-0.039621,0.128854,0.064813,-0.283256,-0.039036,0.235947,0.331020,0.016974,-0.029735,-0.493417,-0.166320,0.280213,-0.030735,0.107798,0.208392,0.294744,-0.053816,-0.607298,-0.247391,0.403830,-0.032520,0.266552,0.511489,0.184451,-0.025756,-0.402857,-0.100251,0.275084,-0.024449,-0.193320,-0.014676,0.110489,-0.036421,0.042865,-0.107867,-0.374934,-0.034474,0.598683,0.062629,-0.641202,-0.036579,0.102598,0.099502,-0.103476,-0.050323,0.285753
ddos-friday-no-metadata,0.004582,False,-0.034127,-0.514462,-0.089049,0.031895,-0.038196,0.124472,0.062935,-0.279592,-0.037611,0.236768,0.327887,0.013147,-0.028309,-0.491997,-0.167532,0.278618,-0.029310,0.108227,0.205147,0.292510,-0.052391,-0.606154,-0.248687,0.405498,-0.031095,0.267109,0.508742,0.182932,-0.024331,-0.400584,-0.101057,0.272307,-0.023024,-0.192326,-0.015941,0.110387,-0.034996,0.038487,-0.110796,-0.372670,-0.033049,0.601524,0.061820,-0.644539,-0.035154,0.103452,0.097292,-0.104946,-0.048898,0.288333
dos-wednesday-no-metadata,0.007869,True,-0.033937,-0.512860,-0.077309,0.040149,-0.038005,0.112189,0.060028,-0.267183,-0.037420,0.236528,0.323357,0.005412,-0.028119,-0.487214,-0.166319,0.275171,-0.029119,0.106595,0.192869,0.292950,-0.052200,-0.597220,-0.247754,0.397022,-0.030905,0.266013,0.496441,0.174550,-0.024140,-0.390053,-0.100357,0.261529,-0.022834,-0.189402,-0.015926,0.108278,-0.034805,0.028773,-0.112127,-0.360713,-0.032859,0.611682,0.063843,-0.656698,-0.034963,0.102723,0.085627,-0.109752,-0.048707,0.297222
infiltration-thursday-no-metadata,0.009430,True,-0.030467,-0.509550,-0.074625,0.041851,-0.034536,0.109020,0.056566,-0.263926,-0.033951,0.239962,0.325350,0.007026,-0.024649,-0.483999,-0.169523,0.272369,-0.025650,0.109626,0.189767,0.290913,-0.048730,-0.595108,-0.250938,0.398282,-0.027435,0.269617,0.493446,0.172897,-0.020671,-0.387349,-0.103780,0.258927,-0.019364,-0.190180,-0.019371,0.109614,-0.031335,0.027085,-0.115549,-0.358184,-0.029389,0.615076,0.061621,-0.659497,-0.031494,0.106082,0.082892,-0.113219,-0.045238,0.300714
portscan-friday-no-metadata,0.010375,True,-0.028370,-0.507454,-0.073024,0.041956,-0.032438,0.107293,0.054453,-0.262139,-0.031853,0.242041,0.325296,0.006425,-0.022552,-0.482039,-0.171444,0.270375,-0.023552,0.111405,0.187792,0.289469,-0.046633,-0.594057,-0.252607,0.398235,-0.025338,0.271205,0.491859,0.172626,-0.018573,-0.385714,-0.105901,0.257317,-0.017267,-0.190257,-0.021331,0.111015,-0.029238,0.025781,-0.117658,-0.356316,-0.027292,0.617116,0.060273,-0.661344,-0.029396,0.108054,0.081332,-0.115108,-0.043140,0.302672
webattacks-thursday-no-metadata,0.011469,True,-0.025921,-0.505082,-0.071224,0.042247,-0.029990,0.105197,0.052021,-0.259951,-0.029405,0.244441,0.324576,0.005592,-0.020103,-0.479920,-0.172529,0.268493,-0.021104,0.113552,0.185869,0.288736,-0.044185,-0.592443,-0.254253,0.398312,-0.022889,0.273427,0.489912,0.173297,-0.016125,-0.383734,-0.108418,0.255317,-0.014818,-0.190527,-0.023837,0.111616,-0.026790,0.025471,-0.120004,-0.354998,-0.024843,0.619392,0.058476,-0.663248,-0.026948,0.110561,0.079402,-0.117217,-0.040692,0.304742
all,0.011501,True,-0.026921,-0.506082,-0.070224,0.043247,-0.030990,0.106197,0.053021,-0.260951,-0.030405,0.243441,0.325576,0.006592,-0.021103,-0.478920,-0.171529,0.267493,-0.022104,0.112552,0.184869,0.287736,-0.045185,-0.593443,-0.253253,0.399312,-0.023889,0.272428,0.490912,0.174297,-0.017125,-0.384734,-0.107418,0.256317,-0.015818,-0.189527,-0.022837,0.110616,-0.027790,0.026471,-0.119004,-0.355998,-0.025843,0.620392,0.059476,-0.664248,-0.027948,0.109561,0.078402,-0.118217,-0.041692,0.305742
dns2tcp_tunnel_99911_doh10_2020-03-30t20_14_53.737987,0.011298,True,-0.027021,-0.506182,-0.070124,0.043347,-0.031090,0.106297,0.053121,-0.261051,-0.030505,0.243341,0.325676,0.006692,-0.021203,-0.478820,-0.171429,0.267393,-0.022204,0.112452,0.184769,0.287636,-0.045285,-0.593543,-0.253153,0.399412,-0.023989,0.272328,0.491012,0.174397,-0.017225,-0.384834,-0.107318,0.256417,-0.015918,-0.189427,-0.022737,0.110516,-0.027890,0.026571,-0.118904,-0.356098,-0.025943,0.620492,0.059576,-0.664348,-0.028048,0.109461,0.078302,-0.118317,-0.041792,0.305842
dns2tcp_tunnel_99911_doh10_2020-03-30t20_38_28.859919,0.011099,True,-0.027121,-0.506282,-0.070024,0.043447,-0.031190,0.106397,0.053221,-0.261151,-0.030605,0.243241,0.325776,0.006792,-0.021303,-0.478720,-0.171329,0.267293,-0.022304,0.112352,0.184669,0.287536,-0.045385,-0.593643,-0.253053,0.399512,-0.024089,0.272228,0.491112,0.174497,-0.017325,-0.384934,-0.107218,0.256517,-0.016018,-0.189327,-0.022637,0.110416,-0.027990,0.026671,-0.118804,-0.356198,-0.026043,0.620592,0.059676,-0.664448,-0.028148,0.109361,0.078202,-0.118417,-0.041892,0.305942
dns2tcp_tunnel_99911_doh10_2020-03-30t21_02_04.628792,0.010904,True,-0.027221,-0.506382,-0.069924,0.043547,-0.031290,0.106497,0.053321,-0.261251,-0.030705,0.243141,0.325876,0.006892,-0.021403,-0.478620,-0.171229,0.267193,-0.022404,0.112252,0.184569,0.287436,-0.045485,-0.593743,-0.252953,0.399612,-0.024189,0.272128,0.491212,0.174597,-0.017425,-0.385034,-0.107118,0.256617,-0.016118,-0.189227,-0.022537,0.110316,-0.028090,0.026771,-0.118704,-0.356298,-0.026143,0.620692,0.059776,-0.664548,-0.028248,0.109261,0.078102,-0.118517,-0.041992,0.306042
dns2tcp_tunnel_99911_doh10_2020-03-30t21_24_57.269335,0.010712,True,-0.027321,-0.506482,-0.069824,0.043647,-0.031390,0.106597,0.053421,-0.261351,-0.030805,0.243041,0.325976,0.006992,-0.021503,-0.478520,-0.171129,0.267093,-0.022504,0.112152,0.184469,0.287336,-0.045585,-0.593843,-0.252853,0.399712,-0.024289,0.272028,0.491312,0.174697,-0.017525,-0.385134,-0.107018,0.256717,-0.016218,-0.189127,-0.022437,0.110216,-0.028190,0.026871,-0.118604,-0.356398,-0.026243,0.620792,0.059876,-0.664648,-0.028348,0.109161,0.078002,-0.118617,-0.042092,0.306142
dns2tcp_tunnel_99911_doh10_2020-03-30t21_47_44.394911,0.010524,True,-0.027421,-0.506582,-0.069724,0.043747,-0.031490,0.106697,0.053521,-0.261451,-0.030905,0.242941,0.326076,0.007092,-0.021603,-0.478420,-0.171029,0.266993,-0.022604,0.112052,0.184369,0.287236,-0.045685,-0.593943,-0.252753,0.399812,-0.024389,0.271928,0.491412,0.174797,-0.017625,-0.385234,-0.106918,0.256817,-0.016318,-0.189027,-0.022337,0.110116,-0.028290,0.026971,-0.118504,-0.356498,-0.026343,0.620892,0.059976,-0.664748,-0.028448,0.109061,0.077902,-0.118717,-0.042192,0.306242
dns2tcp_tunnel_99911_doh10_2020-03-30t22_10_23.521383,0.010340,True,-0.027521,-0.506682,-0.069624,0.043847,-0.031590,0.106797,0.053621,-0.261551,-0.031005,0.242841,0.326176,0.007192,-0.021703,-0.478320,-0.170929,0.266893,-0.022704,0.111952,0.184269,0.287136,-0.045785,-0.594043,-0.252653,0.399912,-0.024489,0.271828,0.491512,0.174897,-0.017725,-0.385334,-0.106818,0.256917,-0.016418,-0.188927,-0.022237,0.110016,-0.028390,0.027071,-0.118404,-0.356598,-0.026443,0.620992,0.060076,-0.664848,-0.028548,0.108961,0.077802,-0.118817,-0.042292,0.306342
dns2tcp_tunnel_99911_doh10_2020-03-30t22_32_59.693494,0.010160,True,-0.027621,-0.506782,-0.069524,0.043947,-0.031690,0.106897,0.053721,-0.261651,-0.031105,0.242741,0.326276,0.007292,-0.021803,-0.478220,-0.170829,0.266793,-0.022804,0.111852,0.184169,0.287037,-0.045885,-0.594143,-0.252553,0.400012,-0.024589,0.271728,0.491612,0.174997,-0.017825,-0.385434,-0.106718,0.257017,-0.016518,-0.188827,-0.022137,0.109916,-0.028490,0.027171,-0.118304,-0.356698,-0.026543,0.621092,0.060176,-0.664948,-0.028648,0.108861,0.077702,-0.118917,-0.042392,0.306442
dns2tcp_tunnel_99911_doh10_2020-03-30t22_55_36.495418,0.009983,True,-0.027721,-0.506882,-0.069424,0.044047,-0.031790,0.106997,0.053821,-0.261751,-0.031205,0.242641,0.326376,0.007392,-0.021903,-0.478120,-0.170729,0.266693,-0.022904,0.111752,0.184069,0.286937,-0.045985,-0.594243,-0.252453,0.400112,-0.024689,0.271628,0.491712,0.175097,-0.017925,-0.385534,-0.106618,0.257117,-0.016618,-0.188727,-0.022037,0.109816,-0.028590,0.027271,-0.118204,-0.356798,-0.026643,0.621192,0.060276,-0.665048,-0.028748,0.108761,0.077602,-0.119017,-0.042492,0.306542
dns2tcp_tunnel_99911_doh10_2020-03-30t23_18_08.993977,0.009810,True,-0.027821,-0.506982,-0.069324,0.044147,-0.031890,0.107097,0.053921,-0.261851,-0.031305,0.242541,0.326476,0.007492,-0.022003,-0.478020,-0.170629,0.266593,-0.023004,0.111652,0.183969,0.286837,-0.046085,-0.594343,-0.252353,0.400212,-0.024789,0.271528,0.491812,0.175197,-0.018025,-0.385634,-0.106518,0.257217,-0.016718,-0.188627,-0.021937,0.109716,-0.028690,0.027371,-0.118104,-0.356898,-0.026743,0.621292,0.060376,-0.665148,-0.028848,0.108661,0.077502,-0.119117,-0.042592,0.306642
dns2tcp_tunnel_99911_doh10_2020-03-30t23_40_42.099501,0.009640,True,-0.027921,-0.507082,-0.069224,0.044247,-0.031990,0.107197,0.054021,-0.261951,-0.031405,0.242441,0.326576,0.007592,-0.022103,-0.477920,-0.170529,0.266493,-0.023104,0.111552,0.183869,0.286737,-0.046185,-0.594443,-0.252253,0.400312,-0.024889,0.271428,0.491912,0.175297,-0.018125,-0.385734,-0.106418,0.257317,-0.016818,-0.188527,-0.021837,0.109616,-0.028790,0.027471,-0.118004,-0.356998,-0.026843,0.621392,0.060476,-0.665248,-0.028948,0.108561,0.077402,-0.119217,-0.042692,0.306742
dns2tcp_tunnel_99911_doh10_2020-03-31t00_03_18.965975,0.009473,True,-0.028021,-0.507182,-0.069124,0.044347,-0.032090,0.107297,0.054121,-0.262051,-0.031505,0.242341,0.326676,0.007692,-0.022203,-0.477820,-0.170429,0.266393,-0.023204,0.111452,0.183769,0.286637,-0.046285,-0.594543,-0.252153,0.400412,-0.024989,0.271328,0.492012,0.175397,-0.018225,-0.385834,-0.106318,0.257417,-0.016918,-0.188427,-0.021737,0.109516,-0.028890,0.027571,-0.117904,-0.357098,-0.026943,0.621492,0.060576,-0.665348,-0.029048,0.108461,0.077302,-0.119317,-0.042792,0.306842
dns2tcp_tunnel_99911_doh10_2020-03-31t00_25_53.490166,0.009310,True,-0.028121,-0.507282,-0.069024,0.044447,-0.032190,0.107397,0.054221,-0.262151,-0.031605,0.242241,0.326775,0.007792,-0.022303,-0.477720,-0.170329,0.266293,-0.023304,0.111352,0.183669,0.286537,-0.046385,-0.594643,-0.252053,0.400512,-0.025089,0.271228,0.492112,0.175497,-0.018325,-0.385934,-0.106218,0.257517,-0.017018,-0.188327,-0.021637,0.109416,-0.028990,0.027671,-0.117804,-0.357198,-0.027043,0.621592,0.060676,-0.665448,-0.029148,0.108361,0.077202,-0.119417,-0.042892,0.306942
dns2tcp_tunnel_99911_doh10_2020-03-31t00_48_32.137398,0.009150,True,-0.028221,-0.507382,-0.068924,0.044547,-0.032290,0.107497,0.054321,-0.262251,-0.031705,0.242141,0.326875,0.007892,-0.022403,-0.477620,-0.170229,0.266193,-0.023404,0.111252,0.183569,0.286437,-0.046485,-0.594743,-0.251953,0.400612,-0.025189,0.271128,0.492212,0.175597,-0.018425,-0.386034,-0.106118,0.257617,-0.017118,-0.188227,-0.021537,0.109316,-0.029090,0.027771,-0.117704,-0.357298,-0.027143,0.621692,0.060776,-0.665548,-0.029248,0.108261,0.077102,-0.119517,-0.042992,0.307042
dns2tcp_tunnel_99911_doh10_2020-03-31t01_11_11.175423,0.008993,True,-0.028321,-0.507482,-0.068824,0.044647,-0.032390,0.107597,0.054421,-0.262351,-0.031805,0.242041,0.326975,0.007992,-0.022503,-0.477520,-0.170129,0.266093,-0.023504,0.111152,0.183469,0.286337,-0.046585,-0.594843,-0.251853,0.400712,-0.025289,0.271028,0.492312,0.175697,-0.018525,-0.386134,-0.106018,0.257717,-0.017218,-0.188127,-0.021437,0.109216,-0.029190,0.027871,-0.117604,-0.357398,-0.027243,0.621792,0.060876,-0.665648,-0.029348,0.108161,0.077002,-0.119617,-0.043092,0.307142
dns2tcp_tunnel_99911_doh10_2020-03-31t01_33_50.184478,0.008839,True,-0.028421,-0.507582,-0.068724,0.044747,-0.032490,0.107697,0.054521,-0.262451,-0.031905,0.241941,0.327075,0.008092,-0.022603,-0.477420,-0.170029,0.265993,-0.023604,0.111052,0.183369,0.286237,-0.046685,-0.594943,-0.251753,0.400812,-0.025389,0.270928,0.492412,0.175797,-0.018625,-0.386234,-0.105918,0.257817,-0.017318,-0.188027,-0.021337,0.109116,-0.029290,0.027971,-0.117504,-0.357498,-0.027343,0.621892,0.060976,-0.665748,-0.029448,0.108061,0.076902,-0.119717,-0.043192,0.307242
dns2tcp_tunnel_99911_doh10_2020-03-31t01_56_28.642906,0.008689,True,-0.028521,-0.507682,-0.068624,0.044847,-0.032590,0.107797,0.054621,-0.262551,-0.032005,0.241841,0.327175,0.008192,-0.022703,-0.477320,-0.169929,0.265893,-0.023704,0.110952,0.183269,0.286137,-0.046785,-0.595043,-0.251653,0.400912,-0.025489,0.270828,0.492512,0.175897,-0.018725,-0.386334,-0.105818,0.257917,-0.017418,-0.187927,-0.021237,0.109016,-0.029390,0.028071,-0.117404,-0.357598,-0.027443,0.621992,0.061076,-0.665848,-0.029548,0.107961,0.076802,-0.119817,-0.043292,0.307342
dns2tcp_tunnel_99911_doh10_2020-03-31t02_19_08.554448,0.008541,True,-0.028621,-0.507782,-0.068524,0.044947,-0.032690,0.107897,0.054721,-0.262651,-0.032105,0.241741,0.327275,0.008292,-0.022803,-0.477221,-0.169829,0.265793,-0.023804,0.110852,0.183169,0.286037,-0.046885,-0.595143,-0.251553,0.401012,-0.025589,0.270728,0.492612,0.175997,-0.018825,-0.386434,-0.105718,0.258017,-0.017518,-0.187827,-0.021137,0.108916,-0.029490,0.028171,-0.117304,-0.357698,-0.027543,0.622092,0.061176,-0.665948,-0.029648,0.107861,0.076702,-0.119917,-0.043392,0.307442
dns2tcp_tunnel_99911_doh10_2020-03-31t02_41_47.454073,0.008396,True,-0.028721,-0.507882,-0.068424,0.045047,-0.032790,0.107997,0.054821,-0.262751,-0.032205,0.241641,0.327375,0.008392,-0.022903,-0.477121,-0.169729,0.265693,-0.023904,0.110752,0.183069,0.285937,-0.046985,-0.595243,-0.251453,0.401112,-0.025689,0.270628,0.492712,0.176097,-0.018925,-0.386534,-0.105618,0.258117,-0.017618,-0.187727,-0.021037,0.108816,-0.029590,0.028271,-0.117204,-0.357798,-0.027643,0.622192,0.061276,-0.666048,-0.029748,0.107761,0.076602,-0.120017,-0.043492,0.307542
dns2tcp_tunnel_99911_doh10_2020-03-31t03_04_21.045929,0.008254,True,-0.028821,-0.507982,-0.068324,0.045147,-0.032890,0.108097,0.054921,-0.262851,-0.032305,0.241541,0.327475,0.008492,-0.023003,-0.477021,-0.169629,0.265593,-0.024004,0.110652,0.182969,0.285837,-0.047085,-0.595343,-0.251353,0.401212,-0.025789,0.270528,0.492812,0.176197,-0.019025,-0.386634,-0.105518,0.258217,-0.017718,-0.187627,-0.020937,0.108716,-0.029690,0.028371,-0.117104,-0.357898,-0.027743,0.622292,0.061376,-0.666148,-0.029848,0.107661,0.076502,-0.120117,-0.043592,0.307642
dns2tcp_tunnel_99911_doh10_2020-03-31t03_26_55.721687,0.008115,True,-0.028921,-0.508082,-0.068224,0.045247,-0.032990,0.108197,0.055021,-0.262951,-0.032405,0.241441,0.327575,0.008592,-0.023103,-0.476921,-0.169529,0.265493,-0.024104,0.110552,0.182869,0.285737,-0.047185,-0.595443,-0.251253,0.401312,-0.025889,0.270428,0.492912,0.176297,-0.019125,-0.386734,-0.105418,0.258317,-0.017818,-0.187527,-0.020837,0.108616,-0.029790,0.028471,-0.117004,-0.357998,-0.027843,0.622392,0.061476,-0.666249,-0.029948,0.107561,0.076402,-0.120217,-0.043692,0.307742
dns2tcp_tunnel_99911_doh10_2020-03-31t03_49_30.072131,0.007979,True,-0.029021,-0.508182,-0.068124,0.045347,-0.033090,0.108297,0.055121,-0.263051,-0.032505,0.241341,0.327675,0.008692,-0.023203,-0.476821,-0.169429,0.265393,-0.024204,0.110452,0.182769,0.285637,-0.047285,-0.595543,-0.251153,0.401412,-0.025989,0.270328,0.493012,0.176397,-0.019225,-0.386834,-0.105318,0.258417,-0.017918,-0.187427,-0.020737,0.108516,-0.029890,0.028571,-0.116903,-0.358098,-0.027943,0.622492,0.061576,-0.666349,-0.030048,0.107461,0.076302,-0.120317,-0.043792,0.307842
dns2tcp_tunnel_99911_doh10_2020-03-31t04_12_03.540198,0.007845,True,-0.029121,-0.508282,-0.068024,0.045447,-0.033190,0.108397,0.055221,-0.263151,-0.032605,0.241241,0.327775,0.008792,-0.023303,-0.476721,-0.169329,0.265293,-0.024304,0.110352,0.182669,0.285537,-0.047385,-0.595643,-0.251053,0.401512,-0.026089,0.270228,0.493112,0.176497,-0.019325,-0.386934,-0.105218,0.258517,-0.018018,-0.187327,-0.020637,0.108416,-0.029990,0.028671,-0.116803,-0.358198,-0.028043,0.622592,0.061676,-0.666449,-0.030148,0.107361,0.076202,-0.120417,-0.043892,0.307942
dns2tcp_tunnel_99911_doh10_2020-03-31t04_34_37.279160,0.007714,True,-0.029221,-0.508382,-0.067924,0.045547,-0.033290,0.108497,0.055321,-0.263251,-0.032705,0.241141,0.327875,0.008892,-0.023403,-0.476621,-0.169229,0.265193,-0.024404,0.110252,0.182569,0.285437,-0.047485,-0.595743,-0.250953,0.401612,-0.026189,0.270128,0.493212,0.176597,-0.019425,-0.387034,-0.105118,0.258617,-0.018118,-0.187227,-0.020537,0.108316,-0.030090,0.028771,-0.116703,-0.358298,-0.028143,0.622692,0.061776,-0.666549,-0.030248,0.107261,0.076102,-0.120517,-0.043992,0.308042
dns2tcp_tunnel_99911_doh10_2020-03-31t04_57_14.936835,0.007586,True,-0.029321,-0.508482,-0.067824,0.045647,-0.033390,0.108597,0.055421,-0.263351,-0.032805,0.241041,0.327975,0.008992,-0.023503,-0.476521,-0.169129,0.265093,-0.024504,0.110152,0.182469,0.285337,-0.047585,-0.595843,-0.250853,0.401712,-0.026289,0.270028,0.493312,0.176697,-0.019525,-0.387134,-0.105018,0.258717,-0.018218,-0.187127,-0.020437,0.108216,-0.030190,0.028871,-0.116603,-0.358398,-0.028243,0.622792,0.061876,-0.666649,-0.030348,0.107161,0.076002,-0.120617,-0.044092,0.308142
dns2tcp_tunnel_99911_doh10_2020-03-31t05_19_52.677832,0.007460,True,-0.029421,-0.508582,-0.067724,0.045747,-0.033490,0.108697,0.055521,-0.263451,-0.032905,0.240941,0.328075,0.009092,-0.023603,-0.476421,-0.169029,0.264993,-0.024604,0.110052,0.182369,0.285237,-0.047685,-0.595943,-0.250753,0.401812,-0.026389,0.269928,0.493412,0.176797,-0.019625,-0.387234,-0.104918,0.258817,-0.018318,-0.187027,-0.020337,0.108116,-0.030290,0.028971,-0.116503,-0.358498,-0.028343,0.622892,0.061976,-0.666749,-0.030448,0.107061,0.075902,-0.120717,-0.044192,0.308242
dns2tcp_tunnel_99911_doh10_2020-03-31t05_42_30.659892,0.007336,True,-0.029521,-0.508682,-0.067624,0.045847,-0.033590,0.108797,0.055621,-0.263551,-0.033005,0.240841,0.328175,0.009192,-0.023703,-0.476321,-0.168929,0.264893,-0.024704,0.109952,0.182269,0.285137,-0.047785,-0.596043,-0.250653,0.401912,-0.026489,0.269828,0.493512,0.176897,-0.019725,-0.387334,-0.104818,0.258917,-0.018418,-0.186927,-0.020237,0.108016,-0.030390,0.029071,-0.116403,-0.358598,-0.028443,0.622992,0.062076,-0.666849,-0.030548,0.106961,0.075802,-0.120817,-0.044292,0.308342
dns2tcp_tunnel_99911_doh10_2020-03-31t06_05_11.066321,0.007215,True,-0.029621,-0.508782,-0.067524,0.045947,-0.033690,0.108897,0.055721,-0.263651,-0.033105,0.240741,0.328275,0.009292,-0.023803,-0.476221,-0.168829,0.264793,-0.024804,0.109852,0.182169,0.285037,-0.047885,-0.596143,-0.250553,0.402012,-0.026589,0.269728,0.493612,0.176997,-0.019825,-0.387433,-0.104718,0.259017,-0.018518,-0.186827,-0.020137,0.107916,-0.030490,0.029171,-0.116303,-0.358698,-0.028543,0.623092,0.062176,-0.666949,-0.030648,0.106861,0.075702,-0.120917,-0.044392,0.308442
dns2tcp_tunnel_99911_doh10_2020-03-31t06_27_53.535674,0.007097,True,-0.029721,-0.508882,-0.067424,0.046047,-0.033790,0.108997,0.055821,-0.263751,-0.033205,0.240641,0.328375,0.009392,-0.023903,-0.476121,-0.168729,0.264693,-0.024904,0.109752,0.182069,0.284937,-0.047985,-0.596243,-0.250453,0.402112,-0.026689,0.269628,0.493712,0.177097,-0.019925,-0.387533,-0.104618,0.259117,-0.018618,-0.186727,-0.020037,0.107816,-0.030590,0.029271,-0.116203,-0.358798,-0.028643,0.623192,0.062276,-0.667049,-0.030748,0.106761,0.075602,-0.121017,-0.044492,0.308542
dns2tcp_tunnel_99911_doh10_2020-03-31t06_50_32.348466,0.006981,True,-0.029821,-0.508982,-0.067324,0.046147,-0.033890,0.109097,0.055921,-0.263851,-0.033305,0.240541,0.328475,0.009492,-0.024003,-0.476021,-0.168629,0.264593,-0.025004,0.109652,0.181969,0.284837,-0.048085,-0.596343,-0.250353,0.402212,-0.026789,0.269528,0.493812,0.177197,-0.020025,-0.387633,-0.104518,0.259217,-0.018718,-0.186627,-0.019937,0.107716,-0.030690,0.029371,-0.116103,-0.358898,-0.028743,0.623292,0.062376,-0.667149,-0.030848,0.106661,0.075502,-0.121117,-0.044592,0.308642
dns2tcp_tunnel_99911_doh10_2020-03-31t07_13_12.180184,0.006867,True,-0.029921,-0.509082,-0.067224,0.046247,-0.033990,0.109197,0.056021,-0.263951,-0.033405,0.240441,0.328575,0.009592,-0.024103,-0.475921,-0.168529,0.264493,-0.025104,0.109552,0.181869,0.284737,-0.048185,-0.596443,-0.250253,0.402312,-0.026889,0.269428,0.493912,0.177297,-0.020125,-0.387733,-0.104418,0.259317,-0.018818,-0.186527,-0.019837,0.107616,-0.030790,0.029471,-0.116003,-0.358998,-0.028843,0.623392,0.062476,-0.667249,-0.030948,0.106561,0.075402,-0.121217,-0.044692,0.308742
dns2tcp_tunnel_99911_doh10_2020-03-31t07_35_48.659090,0.006755,True,-0.030021,-0.509182,-0.067124,0.046347,-0.034090,0.109297,0.056121,-0.264051,-0.033505,0.240341,0.328675,0.009692,-0.024203,-0.475821,-0.168429,0.264393,-0.025204,0.109452,0.181769,0.284637,-0.048285,-0.596543,-0.250153,0.402412,-0.026989,0.269328,0.494012,0.177397,-0.020225,-0.387833,-0.104318,0.259416,-0.018918,-0.186427,-0.019737,0.107516,-0.030890,0.029571,-0.115903,-0.359098,-0.028943,0.623492,0.062576,-0.667349,-0.031048,0.106461,0.075302,-0.121317,-0.044792,0.308842
dns2tcp_tunnel_99911_doh10_2020-03-31t07_58_20.826286,0.006646,True,-0.030121,-0.509282,-0.067024,0.046447,-0.034190,0.109397,0.056221,-0.264151,-0.033605,0.240241,0.328775,0.009792,-0.024303,-0.475721,-0.168329,0.264293,-0.025304,0.109352,0.181669,0.284537,-0.048385,-0.596644,-0.250053,0.402512,-0.027089,0.269228,0.494112,0.177497,-0.020325,-0.387933,-0.104218,0.259516,-0.019018,-0.186327,-0.019637,0.107416,-0.030990,0.029671,-0.115803,-0.359198,-0.029043,0.623592,0.062676,-0.667449,-0.031148,0.106361,0.075202,-0.121417,-0.044892,0.308942
dns2tcp_tunnel_99911_doh10_2020-03-31t08_20_56.860006,0.006538,True,-0.030221,-0.509382,-0.066924,0.046547,-0.034290,0.109497,0.056321,-0.264251,-0.033705,0.240141,0.328875,0.009892,-0.024403,-0.475621,-0.168229,0.264193,-0.025404,0.109252,0.181569,0.284437,-0.048485,-0.596744,-0.249953,0.402612,-0.027189,0.269128,0.494212,0.177597,-0.020425,-0.388033,-0.104118,0.259616,-0.019118,-0.186227,-0.019537,0.107316,-0.031090,0.029771,-0.115703,-0.359298,-0.029143,0.623692,0.062776,-0.667549,-0.031248,0.106261,0.075102,-0.121517,-0.044992,0.309042
dns2tcp_tunnel_99911_doh10_2020-03-31t08_43_35.388576,0.006433,True,-0.030321,-0.509483,-0.066824,0.046647,-0.034390,0.109597,0.056421,-0.264351,-0.033805,0.240041,0.328975,0.009992,-0.024503,-0.475521,-0.168129,0.264093,-0.025504,0.109152,0.181469,0.284337,-0.048585,-0.596844,-0.249853,0.402712,-0.027289,0.269028,0.494312,0.177697,-0.020525,-0.388133,-0.104018,0.259716,-0.019218,-0.186127,-0.019437,0.107216,-0.031190,0.029871,-0.115603,-0.359398,-0.029243,0.623792,0.062876,-0.667649,-0.031348,0.106160,0.075002,-0.121617,-0.045092,0.309142
dns2tcp_tunnel_99911_doh10_2020-03-31t09_06_14.156546,0.006330,True,-0.030421,-0.509583,-0.066724,0.046747,-0.034490,0.109697,0.056521,-0.264451,-0.033905,0.239941,0.329075,0.010092,-0.024603,-0.475421,-0.168029,0.263993,-0.025604,0.109052,0.181369,0.284237,-0.048685,-0.596944,-0.249753,0.402812,-0.027389,0.268928,0.494412,0.177797,-0.020625,-0.388233,-0.103918,0.259816,-0.019318,-0.186027,-0.019337,0.107116,-0.031290,0.029971,-0.115503,-0.359498,-0.029343,0.623892,0.062976,-0.667749,-0.031448,0.106060,0.074902,-0.121717,-0.045192,0.309242
dns2tcp_tunnel_99911_doh10_2020-03-31t09_28_54.227384,0.006229,True,-0.030521,-0.509683,-0.066624,0.046847,-0.034590,0.109797,0.056621,-0.264551,-0.034005,0.239841,0.329175,0.010192,-0.024703,-0.475321,-0.167929,0.263893,-0.025704,0.108952,0.181269,0.284137,-0.048785,-0.597044,-0.249653,0.402912,-0.027489,0.268828,0.494512,0.177897,-0.020725,-0.388333,-0.103818,0.259916,-0.019418,-0.185927,-0.019237,0.107016,-0.031390,0.030071,-0.115403,-0.359598,-0.029443,0.623993,0.063076,-0.667849,-0.031548,0.105960,0.074802,-0.121817,-0.045292,0.309342
dns2tcp_tunnel_99911_doh10_2020-03-31t09_51_39.782772,0.006130,True,-0.030621,-0.509783,-0.066524,0.046947,-0.034690,0.109897,0.056721,-0.264651,-0.034105,0.239741,0.329275,0.010292,-0.024803,-0.475221,-0.167829,0.263793,-0.025804,0.108852,0.181169,0.284037,-0.048885,-0.597144,-0.249553,0.403012,-0.027589,0.268728,0.494612,0.177997,-0.020825,-0.388433,-0.103718,0.260016,-0.019518,-0.185827,-0.019137,0.106916,-0.031490,0.030171,-0.115303,-0.359698,-0.029543,0.624093,0.063176,-0.667949,-0.031648,0.105860,0.074702,-0.121917,-0.045392,0.309442
dns2tcp_tunnel_99911_doh10_2020-03-31t10_14_24.855361,0.006033,True,-0.030721,-0.509883,-0.066424,0.047047,-0.034790,0.109997,0.056821,-0.264751,-0.034205,0.239641,0.329375,0.010392,-0.024903,-0.475121,-0.167729,0.263693,-0.025904,0.108752,0.181069,0.283937,-0.048985,-0.597244,-0.249453,0.403112,-0.027689,0.268628,0.494712,0.178097,-0.020925,-0.388533,-0.103618,0.260116,-0.019618,-0.185727,-0.019037,0.106816,-0.031590,0.030271,-0.115203,-0.359798,-0.029643,0.624193,0.063276,-0.668049,-0.031748,0.105760,0.074602,-0.122017,-0.045492,0.309542
dns2tcp_tunnel_99911_doh10_2020-03-31t10_37_07.841741,0.005938,True,-0.030821,-0.509983,-0.066324,0.047147,-0.034890,0.110097,0.056921,-0.264851,-0.034305,0.239541,0.329475,0.010492,-0.025003,-0.475021,-0.167629,0.263593,-0.026004,0.108652,0.180969,0.283837,-0.049085,-0.597344,-0.249353,0.403212,-0.027789,0.268528,0.494812,0.178197,-0.021025,-0.388633,-0.103518,0.260216,-0.019718,-0.185627,-0.018937,0.106716,-0.031690,0.030371,-0.115103,-0.359898,-0.029743,0.624293,0.063376,-0.668149,-0.031848,0.105660,0.074502,-0.122117,-0.045592,0.309642
dns2tcp_tunnel_99911_doh10_2020-03-31t10_59_53.217370,0.005845,True,-0.030921,-0.510083,-0.066224,0.047247,-0.034990,0.110197,0.057021,-0.264951,-0.034405,0.239441,0.329575,0.010592,-0.025103,-0.474921,-0.167529,0.263493,-0.026104,0.108552,0.180869,0.283737,-0.049185,-0.597444,-0.249253,0.403312,-0.027889,0.268428,0.494912,0.178297,-0.021125,-0.388733,-0.103418,0.260316,-0.019818,-0.185527,-0.018837,0.106616,-0.031790,0.030471,-0.115003,-0.359998,-0.029843,0.624393,0.063476,-0.668249,-0.031948,0.105560,0.074402,-0.122217,-0.045692,0.309742
dns2tcp_tunnel_99911_doh10_2020-03-31t11_22_31.430399,0.005753,True,-0.031021,-0.510183,-0.066124,0.047347,-0.035090,0.110297,0.057121,-0.265051,-0.034505,0.239341,0.329675,0.010692,-0.025203,-0.474821,-0.167429,0.263393,-0.026204,0.108452,0.180769,0.283637,-0.049285,-0.597544,-0.249153,0.403412,-0.027989,0.268328,0.495012,0.178397,-0.021225,-0.388833,-0.103318,0.260416,-0.019918,-0.185427,-0.018737,0.106516,-0.031890,0.030571,-0.114903,-0.360097,-0.029943,0.624493,0.063576,-0.668349,-0.032048,0.105460,0.074302,-0.122317,-0.045792,0.309842
dns2tcp_tunnel_99911_doh10_2020-03-31t11_45_12.596724,0.005664,True,-0.031121,-0.510283,-0.066024,0.047447,-0.035190,0.110397,0.057221,-0.265151,-0.034605,0.239241,0.329775,0.010792,-0.025303,-0.474721,-0.167329,0.263294,-0.026304,0.108352,0.180669,0.283537,-0.049385,-0.597644,-0.249053,0.403512,-0.028089,0.268228,0.495112,0.178497,-0.021325,-0.388933,-0.103218,0.260516,-0.020018,-0.185327,-0.018637,0.106416,-0.031990,0.030671,-0.114803,-0.360197,-0.030043,0.624593,0.063676,-0.668449,-0.032148,0.105360,0.074202,-0.122417,-0.045892,0.309942
dns2tcp_tunnel_99911_doh10_2020-03-31t12_07_52.822495,0.005576,True,-0.031221,-0.510383,-0.065924,0.047547,-0.035290,0.110497,0.057321,-0.265251,-0.034705,0.239141,0.329875,0.010892,-0.025403,-0.474621,-0.167229,0.263194,-0.026404,0.108252,0.180569,0.283437,-0.049485,-0.597744,-0.248953,0.403612,-0.028189,0.268128,0.495212,0.178597,-0.021425,-0.389033,-0.103118,0.260616,-0.020118,-0.185227,-0.018537,0.106316,-0.032090,0.030771,-0.114703,-0.360297,-0.030143,0.624693,0.063776,-0.668549,-0.032248,0.105260,0.074102,-0.122517,-0.045992,0.310042
dns2tcp_tunnel_99911_doh10_2020-03-31t12_30_34.308477,0.005490,True,-0.031321,-0.510483,-0.065824,0.047647,-0.035390,0.110597,0.057421,-0.265351,-0.034805,0.239041,0.329975,0.010992,-0.025503,-0.474521,-0.167129,0.263094,-0.026504,0.108152,0.180469,0.283337,-0.049585,-0.597844,-0.248853,0.403712,-0.028289,0.268028,0.495312,0.178697,-0.021525,-0.389133,-0.103018,0.260716,-0.020218,-0.185127,-0.018437,0.106216,-0.032190,0.030871,-0.114603,-0.360397,-0.030243,0.624793,0.063876,-0.668649,-0.032348,0.105160,0.074002,-0.122617,-0.046092,0.310142
dns2tcp_tunnel_99911_doh10_2020-03-31t12_53_14.723810,0.005405,True,-0.031421,-0.510583,-0.065724,0.047747,-0.035490,0.110697,0.057521,-0.265451,-0.034905,0.238941,0.330075,0.011092,-0.025603,-0.474421,-0.167029,0.262994,-0.026604,0.108052,0.180369,0.283237,-0.049685,-0.597944,-0.248753,0.403812,-0.028389,0.267928,0.495412,0.178797,-0.021625,-0.389233,-0.102918,0.260816,-0.020318,-0.185027,-0.018337,0.106116,-0.032290,0.030971,-0.114503,-0.360497,-0.030343,0.624893,0.063976,-0.668749,-0.032448,0.105060,0.073902,-0.122717,-0.046192,0.310242
dns2tcp_tunnel_99911_doh10_2020-03-31t13_15_54.813732,0.005323,True,-0.031521,-0.510683,-0.065624,0.047847,-0.035590,0.110797,0.057621,-0.265551,-0.035005,0.238841,0.330175,0.011192,-0.025703,-0.474321,-0.166929,0.262894,-0.026704,0.107952,0.180269,0.283137,-0.049785,-0.598044,-0.248653,0.403912,-0.028489,0.267828,0.495512,0.178897,-0.021725,-0.389333,-0.102818,0.260916,-0.020418,-0.184927,-0.018237,0.106016,-0.032390,0.031071,-0.114403,-0.360597,-0.030443,0.624993,0.064076,-0.668849,-0.032548,0.104960,0.073802,-0.122817,-0.046292,0.310342
dns2tcp_tunnel_99911_doh10_2020-03-31t13_38_33.840296,0.005242,True,-0.031621,-0.510783,-0.065524,0.047947,-0.035690,0.110897,0.057721,-0.265651,-0.035105,0.238741,0.330275,0.011292,-0.025803,-0.474221,-0.166829,0.262794,-0.026804,0.107852,0.180169,0.283037,-0.049885,-0.598144,-0.248553,0.404012,-0.028589,0.267728,0.495612,0.178997,-0.021825,-0.389433,-0.102718,0.261016,-0.020518,-0.184827,-0.018137,0.105916,-0.032490,0.031171,-0.114303,-0.360697,-0.030543,0.625093,0.064176,-0.668949,-0.032648,0.104860,0.073702,-0.122917,-0.046392,0.310442
dns2tcp_tunnel_99911_doh10_2020-03-31t14_01_12.320189,0.005162,True,-0.031721,-0.510883,-0.065424,0.048047,-0.035790,0.110997,0.057821,-0.265750,-0.035205,0.238641,0.330375,0.011392,-0.025903,-0.474121,-0.166729,0.262694,-0.026904,0.107752,0.180069,0.282937,-0.049985,-0.598244,-0.248453,0.404112,-0.028689,0.267628,0.495712,0.179097,-0.021925,-0.389533,-0.102618,0.261116,-0.020618,-0.184727,-0.018037,0.105816,-0.032590,0.031271,-0.114203,-0.360797,-0.030643,0.625193,0.064276,-0.669049,-0.032748,0.104760,0.073602,-0.123017,-0.046492,0.310542
dns2tcp_tunnel_99911_doh10_2020-03-31t14_23_51.114870,0.005084,True,-0.031821,-0.510983,-0.065324,0.048147,-0.035890,0.111097,0.057921,-0.265850,-0.035305,0.238541,0.330475,0.011492,-0.026003,-0.474021,-0.166629,0.262594,-0.027004,0.107652,0.179969,0.282837,-0.050085,-0.598344,-0.248353,0.404212,-0.028789,0.267528,0.495812,0.179197,-0.022025,-0.389633,-0.102518,0.261216,-0.020718,-0.184627,-0.017937,0.105716,-0.032690,0.031371,-0.114103,-0.360897,-0.030743,0.625293,0.064376,-0.669149,-0.032848,0.104660,0.073502,-0.123117,-0.046592,0.310642
dns2tcp_tunnel_99911_doh10_2020-03-31t14_46_27.651036,0.005008,True,-0.031921,-0.511083,-0.065224,0.048247,-0.035990,0.111197,0.058021,-0.265950,-0.035405,0.238441,0.330575,0.011592,-0.026103,-0.473921,-0.166529,0.262494,-0.027104,0.107552,0.179869,0.282737,-0.050185,-0.598444,-0.248253,0.404312,-0.028889,0.267428,0.495912,0.179297,-0.022125,-0.389733,-0.102418,0.261316,-0.020818,-0.184527,-0.017837,0.105616,-0.032790,0.031471,-0.114003,-0.360997,-0.030843,0.625393,0.064476,-0.669249,-0.032948,0.104560,0.073402,-0.123217,-0.046692,0.310742
dns2tcp_tunnel_99911_doh10_2020-03-31t15_09_06.290533,0.004933,False,-0.032021,-0.511183,-0.065124,0.048347,-0.036090,0.111297,0.058121,-0.266050,-0.035505,0.238341,0.330675,0.011692,-0.026203,-0.473821,-0.166429,0.262394,-0.027204,0.107452,0.179769,0.282637,-0.050285,-0.598544,-0.248153,0.404412,-0.028989,0.267328,0.496012,0.179397,-0.022225,-0.389833,-0.102318,0.261416,-0.020918,-0.184427,-0.017737,0.105516,-0.032890,0.031571,-0.113903,-0.361097,-0.030943,0.625493,0.064576,-0.669349,-0.033048,0.104460,0.073302,-0.123317,-0.046792,0.310842
dns2tcp_tunnel_99911_doh10_2020-03-31t15_31_44.477427,0.004860,False,-0.032121,-0.511283,-0.065024,0.048447,-0.036190,0.111397,0.058221,-0.266150,-0.035605,0.238241,0.330775,0.011792,-0.026303,-0.473721,-0.166329,0.262294,-0.027304,0.107352,0.179669,0.282537,-0.050385,-0.598644,-0.248053,0.404512,-0.029089,0.267228,0.496112,0.179497,-0.022325,-0.389933,-0.102218,0.261516,-0.021018,-0.184327,-0.017637,0.105416,-0.032990,0.031671,-0.113803,-0.361197,-0.031043,0.625593,0.064676,-0.669449,-0.033148,0.104360,0.073202,-0.123417,-0.046892,0.310942
dns2tcp_tunnel_99911_doh10_2020-03-31t15_54_17.732967,0.004788,False,-0.032221,-0.511383,-0.064924,0.048547,-0.036290,0.111497,0.058321,-0.266250,-0.035705,0.238141,0.330875,0.011892,-0.026403,-0.473621,-0.166229,0.262194,-0.027404,0.107252,0.179569,0.282437,-0.050485,-0.598744,-0.247953,0.404612,-0.029189,0.267128,0.496212,0.179597,-0.022425,-0.390033,-0.102118,0.261616,-0.021118,-0.184227,-0.017537,0.105316,-0.033090,0.031771,-0.113703,-0.361297,-0.031143,0.625693,0.064776,-0.669549,-0.033248,0.104260,0.073102,-0.123517,-0.046992,0.311042
dns2tcp_tunnel_99911_doh10_2020-03-31t16_16_51.526325,0.004718,False,-0.032321,-0.511483,-0.064824,0.048647,-0.036390,0.111597,0.058421,-0.266350,-0.035805,0.238041,0.330975,0.011992,-0.026503,-0.473521,-0.166129,0.262094,-0.027504,0.107152,0.179469,0.282337,-0.050585,-0.598844,-0.247853,0.404712,-0.029289,0.267028,0.496312,0.179697,-0.022525,-0.390133,-0.102018,0.261716,-0.021218,-0.184127,-0.017437,0.105216,-0.033190,0.031871,-0.113603,-0.361397,-0.031243,0.625793,0.064876,-0.669649,-0.033348,0.104160,0.073002,-0.123617,-0.047092,0.311142
dns2tcp_tunnel_99911_doh10_2020-03-31t16_39_24.523443,0.004648,False,-0.032421,-0.511583,-0.064724,0.048747,-0.036490,0.111697,0.058521,-0.266450,-0.035905,0.237941,0.331075,0.012092,-0.026603,-0.473421,-0.166029,0.261994,-0.027604,0.107052,0.179369,0.282237,-0.050685,-0.598944,-0.247753,0.404812,-0.029389,0.266928,0.496412,0.179797,-0.022625,-0.390233,-0.101918,0.261816,-0.021318,-0.184027,-0.017337,0.105116,-0.033290,0.031971,-0.113503,-0.361497,-0.031343,0.625893,0.064976,-0.669749,-0.033448,0.104060,0.072902,-0.123717,-0.047192,0.311242
dns2tcp_tunnel_99911_doh10_2020-03-31t17_01_57.407125,0.004581,False,-0.032521,-0.511683,-0.064624,0.048847,-0.036590,0.111797,0.058621,-0.266550,-0.036005,0.237841,0.331175,0.012192,-0.026703,-0.473321,-0.165929,0.261894,-0.027704,0.106952,0.179269,0.282137,-0.050785,-0.599044,-0.247653,0.404912,-0.029489,0.266828,0.496512,0.179897,-0.022725,-0.390333,-0.101818,0.261916,-0.021418,-0.183927,-0.017237,0.105016,-0.033390,0.032071,-0.113403,-0.361597,-0.031443,0.625993,0.065076,-0.669849,-0.033548,0.103960,0.072802,-0.123817,-0.047292,0.311342
dns2tcp_tunnel_99911_doh10_2020-03-31t17_24_30.546790,0.004514,False,-0.032621,-0.511783,-0.064524,0.048947,-0.036690,0.111897,0.058721,-0.266650,-0.036105,0.237741,0.331275,0.012292,-0.026803,-0.473221,-0.165829,0.261794,-0.027804,0.106852,0.179169,0.282037,-0.050885,-0.599144,-0.247553,0.405012,-0.029589,0.266728,0.496612,0.179997,-0.022825,-0.390433,-0.101718,0.262016,-0.021518,-0.183827,-0.017137,0.104916,-0.033490,0.032171,-0.113303,-0.361697,-0.031543,0.626093,0.065176,-0.669949,-0.033648,0.103860,0.072702,-0.123917,-0.047392,0.311442
dns2tcp_tunnel_99911_doh10_2020-03-31t17_47_03.145021,0.004449,False,-0.032721,-0.511883,-0.064424,0.049047,-0.036790,0.111997,0.058821,-0.266750,-0.036205,0.237641,0.331375,0.012392,-0.026903,-0.473121,-0.165729,0.261694,-0.027904,0.106752,0.179069,0.281937,-0.050985,-0.599244,-0.247453,0.405112,-0.029689,0.266628,0.496712,0.180097,-0.022925,-0.390533,-0.101618,0.262116,-0.021618,-0.183727,-0.017037,0.104816,-0.033590,0.032271,-0.113203,-0.361797,-0.031643,0.626193,0.065276,-0.670049,-0.033748,0.103760,0.072602,-0.124017,-0.047492,0.311542
dns2tcp_tunnel_99911_doh10_2020-03-31t18_09_33.908989,0.004386,False,-0.032821,-0.511983,-0.064324,0.049147,-0.036890,0.112097,0.058921,-0.266850,-0.036305,0.237541,0.331475,0.012492,-0.027003,-0.473021,-0.165629,0.261594,-0.028004,0.106652,0.178969,0.281837,-0.051085,-0.599344,-0.247353,0.405212,-0.029789,0.266528,0.496812,0.180197,-0.023025,-0.390633,-0.101518,0.262216,-0.021718,-0.183627,-0.016937,0.104716,-0.033690,0.032371,-0.113103,-0.361897,-0.031743,0.626293,0.065376,-0.670149,-0.033848,0.103660,0.072502,-0.124117,-0.047592,0.311642
dns2tcp_tunnel_99911_doh10_2020-03-31t18_32_06.093518,0.004323,False,-0.032921,-0.512083,-0.064224,0.049247,-0.036990,0.112197,0.059021,-0.266950,-0.036405,0.237441,0.331575,0.012592,-0.027103,-0.472921,-0.165529,0.261494,-0.028104,0.106552,0.178869,0.281737,-0.051185,-0.599444,-0.247253,0.405312,-0.029889,0.266428,0.496911,0.180297,-0.023125,-0.390733,-0.101418,0.262316,-0.021818,-0.183527,-0.016837,0.104616,-0.033790,0.032471,-0.113003,-0.361997,-0.031843,0.626393,0.065476,-0.670249,-0.033948,0.103560,0.072402,-0.124217,-0.047692,0.311742
dns2tcp_tunnel_99911_doh10_2020-03-31t18_54_36.472362,0.004262,False,-0.033021,-0.512183,-0.064124,0.049347,-0.037090,0.112297,0.059121,-0.267050,-0.036505,0.237341,0.331675,0.012692,-0.027203,-0.472821,-0.165429,0.261394,-0.028204,0.106452,0.178769,0.281637,-0.051285,-0.599544,-0.247153,0.405412,-0.029989,0.266328,0.497011,0.180397,-0.023225,-0.390833,-0.101318,0.262416,-0.021918,-0.183427,-0.016737,0.104516,-0.033890,0.032571,-0.112903,-0.362097,-0.031943,0.626493,0.065576,-0.670349,-0.034048,0.103460,0.072302,-0.124317,-0.047792,0.311842
dns2tcp_tunnel_99911_doh10_2020-03-31t19_17_05.392027,0.004202,False,-0.033121,-0.512283,-0.064024,0.049447,-0.037190,0.112397,0.059221,-0.267150,-0.036605,0.237241,0.331775,0.012792,-0.027303,-0.472721,-0.165329,0.261294,-0.028304,0.106352,0.178669,0.281537,-0.051385,-0.599644,-0.247053,0.405512,-0.030089,0.266228,0.497111,0.180497,-0.023325,-0.390933,-0.101218,0.262516,-0.022018,-0.183327,-0.016637,0.104416,-0.033990,0.032671,-0.112803,-0.362197,-0.032043,0.626593,0.065676,-0.670449,-0.034148,0.103360,0.072202,-0.124417,-0.047892,0.311942
dns2tcp_tunnel_99911_doh10_2020-03-31t19_39_34.462626,0.004143,False,-0.033221,-0.512383,-0.063924,0.049547,-0.037290,0.112497,0.059321,-0.267250,-0.036705,0.237141,0.331875,0.012892,-0.027403,-0.472621,-0.165229,0.261194,-0.028404,0.106252,0.178569,0.281437,-0.051485,-0.599744,-0.246953,0.405612,-0.030189,0.266128,0.497211,0.180597,-0.023425,-0.391033,-0.101118,0.262616,-0.022118,-0.183227,-0.016537,0.104316,-0.034090,0.032771,-0.112703,-0.362297,-0.032143,0.626693,0.065776,-0.670549,-0.034248,0.103260,0.072102,-0.124517,-0.047992,0.312042
dns2tcp_tunnel_99911_doh10_2020-03-31t20_02_03.323428,0.004085,False,-0.033321,-0.512483,-0.063824,0.049647,-0.037390,0.112597,0.059421,-0.267350,-0.036805,0.237041,0.331975,0.012992,-0.027503,-0.472521,-0.165129,0.261094,-0.028504,0.106152,0.178469,0.281337,-0.051585,-0.599844,-0.246853,0.405712,-0.030289,0.266028,0.497311,0.180697,-0.023525,-0.391133,-0.101018,0.262716,-0.022218,-0.183127,-0.016437,0.104216,-0.034190,0.032871,-0.112603,-0.362397,-0.032243,0.626793,0.065876,-0.670649,-0.034348,0.103160,0.072002,-0.124617,-0.048092,0.312142
dns2tcp_tunnel_99911_doh10_2020-03-31t20_24_32.210338,0.004029,False,-0.033421,-0.512583,-0.063724,0.049747,-0.037490,0.112697,0.059521,-0.267450,-0.036905,0.236941,0.332075,0.013092,-0.027603,-0.472421,-0.165029,0.260994,-0.028604,0.106052,0.178369,0.281237,-0.051685,-0.599944,-0.246753,0.405811,-0.030389,0.265928,0.497411,0.180797,-0.023625,-0.391233,-0.100918,0.262816,-0.022318,-0.183027,-0.016337,0.104116,-0.034290,0.032971,-0.112503,-0.362497,-0.032343,0.626893,0.065976,-0.670749,-0.034448,0.103060,0.071902,-0.124717,-0.048192,0.312242
dns2tcp_tunnel_99911_doh10_2020-03-31t20_47_00.848014,0.003973,False,-0.033521,-0.512683,-0.063624,0.049847,-0.037590,0.112797,0.059621,-0.267550,-0.037005,0.236841,0.332175,0.013192,-0.027703,-0.472321,-0.164929,0.260894,-0.028704,0.105952,0.178269,0.281137,-0.051785,-0.600044,-0.246653,0.405911,-0.030489,0.265828,0.497511,0.180897,-0.023725,-0.391333,-0.100818,0.262916,-0.022418,-0.182927,-0.016237,0.104016,-0.034390,0.033071,-0.112403,-0.362597,-0.032443,0.626993,0.066076,-0.670849,-0.034548,0.102960,0.071802,-0.124817,-0.048292,0.312342
dns2tcp_tunnel_99911_doh10_2020-03-31t21_09_30.164025,0.003919,False,-0.033621,-0.512783,-0.063524,0.049947,-0.037690,0.112897,0.059721,-0.267650,-0.037105,0.236741,0.332275,0.013292,-0.027803,-0.472221,-0.164829,0.260794,-0.028804,0.105852,0.178169,0.281037,-0.051885,-0.600144,-0.246553,0.406011,-0.030589,0.265728,0.497611,0.180997,-0.023825,-0.391433,-0.100718,0.263016,-0.022518,-0.182827,-0.016137,0.103916,-0.034490,0.033171,-0.112303,-0.362697,-0.032543,0.627093,0.066176,-0.670949,-0.034648,0.102860,0.071702,-0.124917,-0.048392,0.312442
dns2tcp_tunnel_99911_doh10_2020-03-31t21_31_58.774601,0.003866,False,-0.033721,-0.512883,-0.063424,0.050047,-0.037790,0.112997,0.059821,-0.267750,-0.037205,0.236641,0.332375,0.013392,-0.027903,-0.472121,-0.164729,0.260694,-0.028904,0.105752,0.178069,0.280937,-0.051985,-0.600244,-0.246453,0.406111,-0.030689,0.265628,0.497711,0.181097,-0.023925,-0.391533,-0.100618,0.263116,-0.022618,-0.182727,-0.016037,0.103816,-0.034590,0.033271,-0.112203,-0.362797,-0.032643,0.627193,0.066276,-0.671049,-0.034748,0.102760,0.071602,-0.125017,-0.048492,0.312542
dns2tcp_tunnel_99911_doh1_2020-03-30t20_38_05.584040,0.003813,False,-0.033821,-0.512983,-0.063324,0.050147,-0.037890,0.113097,0.059921,-0.267850,-0.037305,0.236541,0.332475,0.013492,-0.028003,-0.472021,-0.164629,0.260594,-0.029004,0.105652,0.177969,0.280837,-0.052085,-0.600344,-0.246353,0.406211,-0.030789,0.265528,0.497811,0.181197,-0.024025,-0.391633,-0.100518,0.263216,-0.022718,-0.182627,-0.015937,0.103716,-0.034690,0.033371,-0.112103,-0.362897,-0.032743,0.627293,0.066376,-0.671149,-0.034848,0.102660,0.071502,-0.125117,-0.048592,0.312642
dns2tcp_tunnel_99911_doh1_2020-03-30t21_01_47.132121,0.003762,False,-0.033921,-0.513083,-0.063224,0.050247,-0.037990,0.113197,0.060021,-0.267950,-0.037405,0.236441,0.332575,0.013592,-0.028103,-0.471921,-0.164529,0.260494,-0.029104,0.105552,0.177869,0.280737,-0.052185,-0.600444,-0.246253,0.406311,-0.030889,0.265428,0.497911,0.181297,-0.024125,-0.391733,-0.100418,0.263316,-0.022818,-0.182527,-0.015837,0.103616,-0.034790,0.033471,-0.112003,-0.362997,-0.032843,0.627393,0.066476,-0.671249,-0.034948,0.102560,0.071402,-0.125217,-0.048692,0.312741
dns2tcp_tunnel_99911_doh1_2020-03-30t21_24_44.969922,0.003712,False,-0.034021,-0.513183,-0.063124,0.050347,-0.038090,0.113297,0.060121,-0.268050,-0.037505,0.236341,0.332675,0.013692,-0.028203,-0.471821,-0.164429,0.260394,-0.029204,0.105452,0.177769,0.280637,-0.052285,-0.600544,-0.246153,0.406411,-0.030989,0.265328,0.498011,0.181397,-0.024225,-0.391833,-0.100318,0.263416,-0.022918,-0.182427,-0.015737,0.103516,-0.034890,0.033571,-0.111903,-0.363097,-0.032943,0.627493,0.066576,-0.671349,-0.035048,0.102460,0.071302,-0.125317,-0.048792,0.312841
dns2tcp_tunnel_99911_doh1_2020-03-30t21_47_33.278567,0.003663,False,-0.034121,-0.513283,-0.063024,0.050447,-0.038190,0.113397,0.060221,-0.268150,-0.037605,0.236241,0.332775,0.013792,-0.028303,-0.471721,-0.164329,0.260294,-0.029304,0.105352,0.177669,0.280537,-0.052385,-0.600644,-0.246053,0.406511,-0.031089,0.265228,0.498111,0.181497,-0.024325,-0.391933,-0.100218,0.263516,-0.023018,-0.182327,-0.015637,0.103416,-0.034990,0.033671,-0.111803,-0.363197,-0.033043,0.627593,0.066676,-0.671449,-0.035148,0.102360,0.071202,-0.125417,-0.048892,0.312941
dns2tcp_tunnel_99911_doh1_2020-03-30t22_10_13.974838,0.003614,False,-0.034221,-0.513383,-0.062924,0.050547,-0.038290,0.113497,0.060321,-0.268250,-0.037705,0.236141,0.332875,0.013892,-0.028403,-0.471621,-0.164229,0.260194,-0.029404,0.105252,0.177569,0.280437,-0.052485,-0.600744,-0.245953,0.406611,-0.031189,0.265128,0.498211,0.181597,-0.024425,-0.392033,-0.100118,0.263616,-0.023118,-0.182227,-0.015537,0.103316,-0.035090,0.033771,-0.111703,-0.363297,-0.033143,0.627693,0.066776,-0.671549,-0.035248,0.102260,0.071102,-0.125517,-0.048992,0.313041
dns2tcp_tunnel_99911_doh1_2020-03-30t22_32_51.701236,0.003567,False,-0.034321,-0.513483,-0.062824,0.050647,-0.038390,0.113597,0.060421,-0.268350,-0.037805,0.236041,0.332975,0.013992,-0.028503,-0.471521,-0.164129,0.260094,-0.029504,0.105152,0.177469,0.280337,-0.052585,-0.600844,-0.245853,0.406711,-0.031289,0.265029,0.498311,0.181697,-0.024525,-0.392133,-0.100018,0.263716,-0.023218,-0.182127,-0.015437,0.103216,-0.035190,0.033871,-0.111603,-0.363397,-0.033243,0.627793,0.066876,-0.671649,-0.035348,0.102160,0.071002,-0.125617,-0.049092,0.313141
dns2tcp_tunnel_99911_doh1_2020-03-30t22_55_28.423268,0.003521,False,-0.034421,-0.513583,-0.062724,0.050747,-0.038490,0.113697,0.060521,-0.268450,-0.037905,0.235941,0.333075,0.014092,-0.028603,-0.471421,-0.164029,0.259994,-0.029604,0.105052,0.177369,0.280237,-0.052685,-0.600944,-0.245753,0.406811,-0.031389,0.264929,0.498411,0.181797,-0.024625,-0.392233,-0.099918,0.263816,-0.023318,-0.182027,-0.015337,0.103116,-0.035290,0.033971,-0.111503,-0.363497,-0.033343,0.627893,0.066976,-0.671749,-0.035448,0.102060,0.070902,-0.125717,-0.049192,0.313241
dns2tcp_tunnel_99911_doh1_2020-03-30t23_18_02.932543,0.003476,False,-0.034521,-0.513683,-0.062624,0.050847,-0.038590,0.113797,0.060621,-0.268550,-0.038005,0.235841,0.333175,0.014192,-0.028703,-0.471321,-0.163929,0.259894,-0.029704,0.104952,0.177269,0.280137,-0.052785,-0.601044,-0.245653,0.406911,-0.031489,0.264829,0.498511,0.181897,-0.024725,-0.392333,-0.099818,0.263916,-0.023418,-0.181927,-0.015237,0.103016,-0.035390,0.034071,-0.111403,-0.363597,-0.033443,0.627993,0.067076,-0.671849,-0.035548,0.101960,0.070802,-0.125817,-0.049292,0.313341
dns2tcp_tunnel_99911_doh1_2020-03-30t23_40_35.234999,0.003431,False,-0.034621,-0.513783,-0.062524,0.050947,-0.038690,0.113897,0.060721,-0.268650,-0.038105,0.235741,0.333275,0.014292,-0.028803,-0.471221,-0.163829,0.259794,-0.029804,0.104852,0.177169,0.280037,-0.052885,-0.601144,-0.245553,0.407011,-0.031589,0.264729,0.498611,0.181997,-0.024825,-0.392433,-0.099718,0.264016,-0.023518,-0.181827,-0.015137,0.102916,-0.035490,0.034171,-0.111303,-0.363697,-0.033543,0.628093,0.067176,-0.671949,-0.035648,0.101860,0.070702,-0.125917,-0.049392,0.313441
dns2tcp_tunnel_99911_doh1_2020-03-31t00_03_10.550389,0.003387,False,-0.034721,-0.513883,-0.062424,0.051047,-0.038790,0.113997,0.060821,-0.268750,-0.038205,0.235641,0.333375,0.014392,-0.028903,-0.471121,-0.163729,0.259694,-0.029904,0.104752,0.177069,0.279937,-0.052985,-0.601244,-0.245453,0.407111,-0.031689,0.264629,0.498711,0.182097,-0.024925,-0.392533,-0.099618,0.264116,-0.023618,-0.181727,-0.015037,0.102816,-0.035590,0.034271,-0.111203,-0.363797,-0.033643,0.628193,0.067276,-0.672049,-0.035748,0.101760,0.070602,-0.126017,-0.049492,0.313541
dns2tcp_tunnel_99911_doh1_2020-03-31t00_25_45.863400,0.003345,False,-0.034821,-0.513983,-0.062324,0.051147,-0.038890,0.114097,0.060921,-0.268850,-0.038305,0.235541,0.333475,0.014492,-0.029003,-0.471021,-0.163629,0.259594,-0.030004,0.104652,0.176969,0.279837,-0.053085,-0.601344,-0.245353,0.407211,-0.031789,0.264529,0.498811,0.182197,-0.025025,-0.392633,-0.099518,0.264216,-0.023718,-0.181627,-0.014937,0.102716,-0.035690,0.034371,-0.111103,-0.363897,-0.033743,0.628293,0.067376,-0.672149,-0.035848,0.101660,0.070502,-0.126117,-0.049592,0.313641
dns2tcp_tunnel_99911_doh1_2020-03-31t00_48_23.471017,0.003303,False,-0.034921,-0.514083,-0.062224,0.051247,-0.038990,0.114197,0.061021,-0.268950,-0.038405,0.235441,0.333575,0.014592,-0.029103,-0.470921,-0.163529,0.259494,-0.030104,0.104552,0.176869,0.279737,-0.053185,-0.601444,-0.245253,0.407311,-0.031889,0.264429,0.498911,0.182297,-0.025125,-0.392733,-0.099418,0.264316,-0.023818,-0.181527,-0.014837,0.102616,-0.035790,0.034471,-0.111003,-0.363997,-0.033843,0.628393,0.067476,-0.672249,-0.035948,0.101560,0.070402,-0.126217,-0.049692,0.313741
dns2tcp_tunnel_99911_doh1_2020-03-31t01_11_02.621986,0.003261,False,-0.035021,-0.514183,-0.062124,0.051347,-0.039090,0.114297,0.061121,-0.269050,-0.038505,0.235341,0.333675,0.014692,-0.029203,-0.470821,-0.163429,0.259394,-0.030204,0.104452,0.176769,0.279637,-0.053285,-0.601544,-0.245153,0.407411,-0.031989,0.264329,0.499011,0.182397,-0.025225,-0.392833,-0.099318,0.264416,-0.023918,-0.181427,-0.014737,0.102516,-0.035890,0.034571,-0.110903,-0.364097,-0.033943,0.628493,0.067576,-0.672350,-0.036048,0.101460,0.070302,-0.126317,-0.049792,0.313841
dns2tcp_tunnel_99911_doh1_2020-03-31t01_33_42.426437,0.003221,False,-0.035121,-0.514283,-0.062024,0.051447,-0.039190,0.114397,0.061221,-0.269150,-0.038605,0.235241,0.333775,0.014792,-0.029303,-0.470721,-0.163329,0.259294,-0.030304,0.104352,0.176669,0.279537,-0.053385,-0.601644,-0.245053,0.407511,-0.032089,0.264229,0.499111,0.182497,-0.025325,-0.392933,-0.099218,0.264516,-0.024018,-0.181327,-0.014637,0.102416,-0.035990,0.034671,-0.110803,-0.364197,-0.034043,0.628593,0.067676,-0.672450,-0.036148,0.101360,0.070202,-0.126417,-0.049892,0.313941
dns2tcp_tunnel_99911_doh1_2020-03-31t01_56_20.971450,0.003182,False,-0.035221,-0.514383,-0.061924,0.051547,-0.039290,0.114497,0.061321,-0.269250,-0.038705,0.235141,0.333875,0.014892,-0.029403,-0.470621,-0.163229,0.259194,-0.030404,0.104252,0.176569,0.279438,-0.053485,-0.601744,-0.244953,0.407611,-0.032189,0.264129,0.499211,0.182597,-0.025425,-0.393033,-0.099118,0.264616,-0.024118,-0.181227,-0.014537,0.102316,-0.036090,0.034771,-0.110703,-0.364297,-0.034143,0.628693,0.067776,-0.672550,-0.036248,0.101260,0.070102,-0.126517,-0.049992,0.314041
dns2tcp_tunnel_99911_doh1_2020-03-31t02_18_58.876500,0.003143,False,-0.035321,-0.514483,-0.061824,0.051647,-0.039390,0.114597,0.061421,-0.269350,-0.038805,0.235041,0.333975,0.014992,-0.029503,-0.470521,-0.163129,0.259094,-0.030504,0.104152,0.176469,0.279338,-0.053585,-0.601844,-0.244853,0.407711,-0.032289,0.264029,0.499311,0.182697,-0.025525,-0.393133,-0.099018,0.264716,-0.024218,-0.181127,-0.014437,0.102216,-0.036190,0.034871,-0.110603,-0.364397,-0.034243,0.628793,0.067876,-0.672650,-0.036348,0.101160,0.070002,-0.126617,-0.050092,0.314141
dns2tcp_tunnel_99911_doh1_2020-03-31t02_41_40.204630,0.003105,False,-0.035421,-0.514583,-0.061724,0.051748,-0.039490,0.114697,0.061521,-0.269450,-0.038905,0.234941,0.334075,0.015092,-0.029603,-0.470421,-0.163029,0.258994,-0.030604,0.104052,0.176369,0.279238,-0.053685,-0.601944,-0.244753,0.407811,-0.032389,0.263929,0.499411,0.182797,-0.025625,-0.393233,-0.098918,0.264816,-0.024318,-0.181027,-0.014337,0.102116,-0.036290,0.034971,-0.110503,-0.364497,-0.034343,0.628893,0.067976,-0.672750,-0.036448,0.101060,0.069902,-0.126717,-0.050192,0.314241
dns2tcp_tunnel_99911_doh1_2020-03-31t03_04_14.060313,0.003068,False,-0.035521,-0.514683,-0.061624,0.051848,-0.039590,0.114797,0.061621,-0.269550,-0.039005,0.234841,0.334175,0.015192,-0.029703,-0.470321,-0.162929,0.258894,-0.030704,0.103952,0.176269,0.279138,-0.053785,-0.602044,-0.244653,0.407911,-0.032489,0.263829,0.499511,0.182897,-0.025725,-0.393333,-0.098818,0.264916,-0.024418,-0.180927,-0.014237,0.102016,-0.036390,0.035071,-0.110403,-0.364597,-0.034443,0.628993,0.068076,-0.672850,-0.036548,0.100960,0.069802,-0.126817,-0.050292,0.314341
dns2tcp_tunnel_99911_doh1_2020-03-31t03_26_48.467941,0.003031,False,-0.035621,-0.514783,-0.061524,0.051948,-0.039690,0.114897,0.061721,-0.269650,-0.039105,0.234741,0.334275,0.015292,-0.029803,-0.470221,-0.162829,0.258794,-0.030804,0.103852,0.176169,0.279038,-0.053885,-0.602144,-0.244553,0.408011,-0.032589,0.263729,0.499611,0.182997,-0.025825,-0.393433,-0.098718,0.265016,-0.024518,-0.180827,-0.014137,0.101916,-0.036490,0.035171,-0.110303,-0.364697,-0.034543,0.629093,0.068176,-0.672950,-0.036648,0.100860,0.069702,-0.126917,-0.050392,0.314441
dns2tcp_tunnel_99911_doh1_2020-03-31t03_49_23.209031,0.002995,False,-0.035721,-0.514883,-0.061424,0.052048,-0.039790,0.114997,0.061821,-0.269750,-0.039205,0.234641,0.334374,0.015392,-0.029903,-0.470121,-0.162729,0.258694,-0.030904,0.103752,0.176068,0.278938,-0.053985,-0.602244,-0.244453,0.408111,-0.032689,0.263629,0.499711,0.183097,-0.025925,-0.393533,-0.098618,0.265116,-0.024618,-0.180727,-0.014037,0.101816,-0.036590,0.035271,-0.110203,-0.364797,-0.034643,0.629193,0.068276,-0.673050,-0.036748,0.100760,0.069602,-0.127017,-0.050492,0.314541
dns2tcp_tunnel_99911_doh1_2020-03-31t04_11_56.383150,0.002960,False,-0.035821,-0.514983,-0.061324,0.052148,-0.039890,0.115097,0.061921,-0.269850,-0.039305,0.234541,0.334474,0.015492,-0.030003,-0.470021,-0.162629,0.258594,-0.031004,0.103652,0.175968,0.278838,-0.054085,-0.602344,-0.244353,0.408211,-0.032789,0.263529,0.499811,0.183197,-0.026025,-0.393633,-0.098518,0.265216,-0.024718,-0.180627,-0.013937,0.101716,-0.036690,0.035371,-0.110103,-0.364897,-0.034743,0.629293,0.068376,-0.673150,-0.036848,0.100660,0.069502,-0.127117,-0.050592,0.314641
dns2tcp_tunnel_99911_doh1_2020-03-31t04_34_30.698373,0.002926,False,-0.035921,-0.515083,-0.061224,0.052248,-0.039990,0.115197,0.062021,-0.269950,-0.039405,0.234441,0.334574,0.015592,-0.030103,-0.469921,-0.162529,0.258494,-0.031104,0.103552,0.175868,0.278738,-0.054185,-0.602444,-0.244253,0.408311,-0.032889,0.263429,0.499911,0.183297,-0.026125,-0.393733,-0.098418,0.265316,-0.024818,-0.180527,-0.013837,0.101616,-0.036790,0.035471,-0.110003,-0.364997,-0.034843,0.629393,0.068476,-0.673250,-0.036948,0.100560,0.069402,-0.127217,-0.050692,0.314741
dns2tcp_tunnel_99911_doh1_2020-03-31t04_57_07.549578,0.002892,False,-0.036021,-0.515183,-0.061124,0.052348,-0.040090,0.115297,0.062121,-0.270050,-0.039505,0.234341,0.334674,0.015692,-0.030203,-0.469821,-0.162429,0.258394,-0.031204,0.103452,0.175768,0.278638,-0.054285,-0.602544,-0.244153,0.408411,-0.032989,0.263329,0.500011,0.183397,-0.026225,-0.393833,-0.098318,0.265416,-0.024918,-0.180427,-0.013737,0.101516,-0.036890,0.035571,-0.109903,-0.365097,-0.034943,0.629493,0.068576,-0.673350,-0.037048,0.100460,0.069302,-0.127317,-0.050792,0.314841
dns2tcp_tunnel_99911_doh1_2020-03-31t05_19_45.329529,0.002859,False,-0.036121,-0.515283,-0.061024,0.052448,-0.040190,0.115397,0.062221,-0.270150,-0.039605,0.234241,0.334774,0.015792,-0.030303,-0.469721,-0.162329,0.258294,-0.031304,0.103352,0.175668,0.278538,-0.054385,-0.602645,-0.244053,0.408511,-0.033089,0.263229,0.500111,0.183497,-0.026325,-0.393933,-0.098218,0.265516,-0.025018,-0.180327,-0.013637,0.101416,-0.036990,0.035671,-0.109803,-0.365197,-0.035043,0.629593,0.068676,-0.673450,-0.037148,0.100360,0.069202,-0.127417,-0.050892,0.314941
dns2tcp_tunnel_99911_doh1_2020-03-31t05_42_22.470846,0.002827,False,-0.036221,-0.515383,-0.060924,0.052548,-0.040290,0.115497,0.062321,-0.270250,-0.039705,0.234141,0.334874,0.015892,-0.030403,-0.469622,-0.162229,0.258194,-0.031404,0.103252,0.175568,0.278438,-0.054485,-0.602745,-0.243953,0.408611,-0.033189,0.263129,0.500211,0.183597,-0.026425,-0.394033,-0.098118,0.265616,-0.025118,-0.180227,-0.013537,0.101316,-0.037090,0.035771,-0.109703,-0.365297,-0.035143,0.629693,0.068776,-0.673550,-0.037248,0.100260,0.069102,-0.127517,-0.050992,0.315041
dns2tcp_tunnel_99911_doh1_2020-03-31t06_05_01.617124,0.002795,False,-0.036321,-0.515483,-0.060824,0.052648,-0.040390,0.115597,0.062421,-0.270350,-0.039805,0.234041,0.334974,0.015992,-0.030503,-0.469522,-0.162129,0.258094,-0.031504,0.103152,0.175468,0.278338,-0.054585,-0.602845,-0.243853,0.408711,-0.033289,0.263029,0.500311,0.183697,-0.026525,-0.394133,-0.098018,0.265716,-0.025218,-0.180127,-0.013437,0.101216,-0.037190,0.035871,-0.109603,-0.365397,-0.035243,0.629793,0.068876,-0.673650,-0.037348,0.100160,0.069002,-0.127617,-0.051092,0.315141
dns2tcp_tunnel_99911_doh1_2020-03-31t06_27_45.344870,0.002764,False,-0.036421,-0.515584,-0.060724,0.052748,-0.040490,0.115697,0.062521,-0.270450,-0.039905,0.233941,0.335074,0.016092,-0.030603,-0.469422,-0.162029,0.257994,-0.031604,0.103052,0.175368,0.278238,-0.054685,-0.602945,-0.243753,0.408811,-0.033389,0.262929,0.500411,0.183797,-0.026625,-0.394233,-0.097918,0.265816,-0.025318,-0.180027,-0.013337,0.101116,-0.037290,0.035971,-0.109503,-0.365497,-0.035343,0.629893,0.068976,-0.673750,-0.037448,0.100060,0.068902,-0.127717,-0.051192,0.315241
dns2tcp_tunnel_99911_doh1_2020-03-31t06_50_24.726782,0.002733,False,-0.036521,-0.515684,-0.060624,0.052848,-0.040590,0.115797,0.062621,-0.270550,-0.040005,0.233841,0.335174,0.016192,-0.030703,-0.469322,-0.161929,0.257894,-0.031704,0.102952,0.175268,0.278138,-0.054785,-0.603045,-0.243653,0.408911,-0.033489,0.262829,0.500511,0.183897,-0.026725,-0.394333,-0.097818,0.265916,-0.025418,-0.179927,-0.013237,0.101016,-0.037390,0.036071,-0.109403,-0.365597,-0.035443,0.629993,0.069076,-0.673850,-0.037548,0.099960,0.068802,-0.127817,-0.051292,0.315341
dns2tcp_tunnel_99911_doh1_2020-03-31t07_13_02.880575,0.002703,False,-0.036621,-0.515784,-0.060524,0.052948,-0.040690,0.115897,0.062721,-0.270650,-0.040105,0.233741,0.335274,0.016292,-0.030803,-0.469222,-0.161829,0.257794,-0.031804,0.102852,0.175168,0.278038,-0.054885,-0.603145,-0.243553,0.409011,-0.033589,0.262729,0.500611,0.183997,-0.026825,-0.394433,-0.097718,0.266016,-0.025518,-0.179827,-0.013137,0.100916,-0.037490,0.036171,-0.109303,-0.365697,-0.035543,0.630094,0.069176,-0.673950,-0.037648,0.099860,0.068702,-0.127917,-0.051392,0.315441
dns2tcp_tunnel_99911_doh1_2020-03-31t07_35_42.517412,0.002674,False,-0.036721,-0.515884,-0.060424,0.053048,-0.040790,0.115997,0.062821,-0.270750,-0.040205,0.233641,0.335374,0.016392,-0.030903,-0.469122,-0.161729,0.257694,-0.031904,0.102752,0.175068,0.277938,-0.054985,-0.603245,-0.243453,0.409111,-0.033689,0.262629,0.500711,0.184097,-0.026925,-0.394533,-0.097618,0.266116,-0.025618,-0.179727,-0.013037,0.100816,-0.037590,0.036271,-0.109203,-0.365797,-0.035643,0.630194,0.069276,-0.674050,-0.037748,0.099760,0.068602,-0.128017,-0.051492,0.315541
dns2tcp_tunnel_99911_doh1_2020-03-31t07_58_14.738818,0.002645,False,-0.036821,-0.515984,-0.060324,0.053148,-0.040890,0.116097,0.062921,-0.270850,-0.040305,0.233541,0.335474,0.016492,-0.031003,-0.469022,-0.161629,0.257594,-0.032004,0.102652,0.174968,0.277838,-0.055085,-0.603345,-0.243353,0.409211,-0.033789,0.262529,0.500811,0.184197,-0.027025,-0.394633,-0.097518,0.266216,-0.025718,-0.179627,-0.012937,0.100716,-0.037690,0.036371,-0.109103,-0.365897,-0.035743,0.630294,0.069376,-0.674150,-0.037848,0.099660,0.068502,-0.128117,-0.051592,0.315641
dns2tcp_tunnel_99911_doh1_2020-03-31t08_20_48.841399,0.002617,False,-0.036921,-0.516084,-0.060224,0.053248,-0.040990,0.116197,0.063021,-0.270950,-0.040405,0.233441,0.335574,0.016592,-0.031103,-0.468922,-0.161529,0.257494,-0.032104,0.102552,0.174868,0.277738,-0.055185,-0.603445,-0.243253,0.409311,-0.033889,0.262429,0.500911,0.184297,-0.027125,-0.394733,-0.097418,0.266316,-0.025818,-0.179527,-0.012837,0.100616,-0.037790,0.036471,-0.109003,-0.365997,-0.035843,0.630394,0.069476,-0.674250,-0.037948,0.099560,0.068402,-0.128217,-0.051692,0.315741
dns2tcp_tunnel_99911_doh1_2020-03-31t08_43_29.043727,0.002589,False,-0.037021,-0.516184,-0.060124,0.053348,-0.041090,0.116297,0.063121,-0.271050,-0.040505,0.233341,0.335674,0.016692,-0.031203,-0.468822,-0.161429,0.257394,-0.032204,0.102452,0.174768,0.277638,-0.055285,-0.603545,-0.243153,0.409411,-0.033989,0.262329,0.501011,0.184397,-0.027225,-0.394833,-0.097318,0.266416,-0.025918,-0.179427,-0.012737,0.100516,-0.037890,0.036571,-0.108903,-0.366097,-0.035943,0.630494,0.069576,-0.674350,-0.038048,0.099460,0.068302,-0.128317,-0.051792,0.315841
dns2tcp_tunnel_99911_doh1_2020-03-31t09_06_06.351094,0.002562,False,-0.037121,-0.516284,-0.060024,0.053448,-0.041190,0.116397,0.063221,-0.271150,-0.040605,0.233241,0.335774,0.016792,-0.031303,-0.468722,-0.161329,0.257294,-0.032304,0.102352,0.174668,0.277538,-0.055385,-0.603645,-0.243053,0.409511,-0.034089,0.262229,0.501111,0.184497,-0.027325,-0.394933,-0.097218,0.266516,-0.026018,-0.179327,-0.012637,0.100416,-0.037990,0.036671,-0.108803,-0.366197,-0.036043,0.630594,0.069676,-0.674450,-0.038148,0.099360,0.068202,-0.128417,-0.051892,0.315941
dns2tcp_tunnel_99911_doh1_2020-03-31t09_28_46.201549,0.002535,False,-0.037221,-0.516384,-0.059924,0.053548,-0.041290,0.116497,0.063321,-0.271250,-0.040705,0.233141,0.335874,0.016892,-0.031403,-0.468622,-0.161229,0.257194,-0.032404,0.102252,0.174568,0.277438,-0.055485,-0.603745,-0.242953,0.409611,-0.034189,0.262129,0.501211,0.184597,-0.027425,-0.395032,-0.097118,0.266616,-0.026118,-0.179227,-0.012537,0.100316,-0.038090,0.036771,-0.108703,-0.366297,-0.036143,0.630694,0.069776,-0.674550,-0.038248,0.099260,0.068102,-0.128517,-0.051992,0.316041
dns2tcp_tunnel_99911_doh1_2020-03-31t09_51_30.068224,0.002509,False,-0.037321,-0.516484,-0.059824,0.053648,-0.041390,0.116597,0.063421,-0.271350,-0.040805,0.233041,0.335974,0.016992,-0.031503,-0.468522,-0.161129,0.257094,-0.032504,0.102152,0.174468,0.277338,-0.055585,-0.603845,-0.242853,0.409711,-0.034289,0.262029,0.501311,0.184697,-0.027525,-0.395132,-0.097018,0.266716,-0.026218,-0.179127,-0.012437,0.100216,-0.038190,0.036871,-0.108603,-0.366397,-0.036243,0.630794,0.069876,-0.674650,-0.038348,0.099160,0.068002,-0.128617,-0.052092,0.316141
dns2tcp_tunnel_99911_doh1_2020-03-31t10_14_16.739661,0.002484,False,-0.037421,-0.516584,-0.059724,0.053748,-0.041490,0.116697,0.063521,-0.271450,-0.040905,0.232941,0.336074,0.017092,-0.031603,-0.468422,-0.161029,0.256994,-0.032604,0.102052,0.174368,0.277238,-0.055685,-0.603945,-0.242753,0.409811,-0.034389,0.261929,0.501411,0.184797,-0.027625,-0.395232,-0.096918,0.266816,-0.026318,-0.179027,-0.012337,0.100116,-0.038290,0.036971,-0.108503,-0.366497,-0.036343,0.630894,0.069976,-0.674750,-0.038448,0.099060,0.067902,-0.128717,-0.052192,0.316241
dns2tcp_tunnel_99911_doh1_2020-03-31t10_36_59.232393,0.002459,False,-0.037521,-0.516684,-0.059624,0.053848,-0.041590,0.116797,0.063621,-0.271550,-0.041005,0.232841,0.336174,0.017192,-0.031703,-0.468322,-0.160929,0.256894,-0.032704,0.101952,0.174268,0.277138,-0.055785,-0.604045,-0.242653,0.409911,-0.034489,0.261829,0.501511,0.184897,-0.027725,-0.395332,-0.096818,0.266916,-0.026418,-0.178927,-0.012237,0.100016,-0.038390,0.037071,-0.108403,-0.366597,-0.036443,0.630994,0.070076,-0.674850,-0.038548,0.098960,0.067802,-0.128817,-0.052292,0.316341
dns2tcp_tunnel_99911_doh1_2020-03-31t10_59_41.101361,0.002434,False,-0.037621,-0.516784,-0.059524,0.053948,-0.041690,0.116897,0.063721,-0.271650,-0.041105,0.232741,0.336274,0.017292,-0.031803,-0.468222,-0.160829,0.256794,-0.032804,0.101852,0.174168,0.277038,-0.055885,-0.604145,-0.242553,0.410011,-0.034589,0.261729,0.501611,0.184997,-0.027825,-0.395432,-0.096718,0.267015,-0.026518,-0.178827,-0.012137,0.099916,-0.038490,0.037171,-0.108303,-0.366697,-0.036543,0.631094,0.070176,-0.674950,-0.038648,0.098860,0.067702,-0.128917,-0.052392,0.316441
dns2tcp_tunnel_99911_doh1_2020-03-31t11_22_23.833171,0.002410,False,-0.037721,-0.516884,-0.059424,0.054048,-0.041790,0.116997,0.063821,-0.271750,-0.041205,0.232641,0.336374,0.017392,-0.031903,-0.468122,-0.160728,0.256694,-0.032904,0.101752,0.174068,0.276938,-0.055985,-0.604245,-0.242453,0.410111,-0.034689,0.261629,0.501711,0.185097,-0.027925,-0.395532,-0.096618,0.267115,-0.026618,-0.178727,-0.012037,0.099816,-0.038590,0.037271,-0.108203,-0.366797,-0.036643,0.631194,0.070276,-0.675050,-0.038748,0.098760,0.067602,-0.129017,-0.052492,0.316541
dns2tcp_tunnel_99911_doh1_2020-03-31t11_45_03.948542,0.002386,False,-0.037821,-0.516984,-0.059324,0.054148,-0.041890,0.117097,0.063921,-0.271850,-0.041305,0.232541,0.336474,0.017492,-0.032003,-0.468022,-0.160628,0.256594,-0.033004,0.101652,0.173968,0.276838,-0.056085,-0.604345,-0.242353,0.410211,-0.034789,0.261529,0.501811,0.185197,-0.028025,-0.395632,-0.096518,0.267215,-0.026718,-0.178627,-0.011937,0.099716,-0.038690,0.037371,-0.108103,-0.366897,-0.036743,0.631294,0.070376,-0.675150,-0.038848,0.098660,0.067502,-0.129117,-0.052592,0.316641
dns2tcp_tunnel_99911_doh1_2020-03-31t12_07_44.199442,0.002363,False,-0.037921,-0.517084,-0.059224,0.054248,-0.041990,0.117197,0.064021,-0.271950,-0.041405,0.232441,0.336574,0.017592,-0.032103,-0.467922,-0.160528,0.256494,-0.033104,0.101552,0.173868,0.276738,-0.056185,-0.604445,-0.242253,0.410311,-0.034889,0.261429,0.501911,0.185297,-0.028125,-0.395732,-0.096418,0.267315,-0.026818,-0.178527,-0.011837,0.099616,-0.038790,0.037471,-0.108003,-0.366997,-0.036843,0.631394,0.070476,-0.675250,-0.038948,0.098560,0.067402,-0.129217,-0.052692,0.316741
dns2tcp_tunnel_99911_doh1_2020-03-31t12_30_26.142988,0.002341,False,-0.038021,-0.517184,-0.059124,0.054348,-0.042090,0.117297,0.064121,-0.272050,-0.041505,0.232341,0.336674,0.017692,-0.032203,-0.467822,-0.160428,0.256394,-0.033204,0.101452,0.173768,0.276638,-0.056285,-0.604545,-0.242153,0.410411,-0.034989,0.261329,0.502011,0.185397,-0.028225,-0.395832,-0.096318,0.267415,-0.026918,-0.178427,-0.011737,0.099516,-0.038890,0.037571,-0.107903,-0.367097,-0.036943,0.631494,0.070576,-0.675350,-0.039048,0.098460,0.067302,-0.129317,-0.052792,0.316841
dns2tcp_tunnel_99911_doh1_2020-03-31t12_53_07.101910,0.002318,False,-0.038121,-0.517284,-0.059024,0.054448,-0.042190,0.117397,0.064221,-0.272150,-0.041605,0.232241,0.336774,0.017792,-0.032303,-0.467722,-0.160328,0.256294,-0.033304,0.101352,0.173668,0.276538,-0.056385,-0.604645,-0.242053,0.410511,-0.035089,0.261229,0.502111,0.185497,-0.028325,-0.395932,-0.096218,0.267515,-0.027018,-0.178327,-0.011637,0.099416,-0.038990,0.037671,-0.107803,-0.367197,-0.037043,0.631594,0.070676,-0.675450,-0.039148,0.098360,0.067202,-0.129417,-0.052892,0.316941
dns2tcp_tunnel_99911_doh1_2020-03-31t13_15_47.482289,0.002296,False,-0.038221,-0.517384,-0.058924,0.054548,-0.042290,0.117497,0.064321,-0.272250,-0.041705,0.232141,0.336874,0.017892,-0.032403,-0.467622,-0.160228,0.256194,-0.033404,0.101252,0.173568,0.276438,-0.056485,-0.604745,-0.241953,0.410611,-0.035189,0.261129,0.502211,0.185597,-0.028425,-0.396032,-0.096118,0.267615,-0.027118,-0.178227,-0.011537,0.099316,-0.039090,0.037771,-0.107703,-0.367297,-0.037143,0.631694,0.070776,-0.675550,-0.039248,0.098260,0.067102,-0.129517,-0.052992,0.317041
dns2tcp_tunnel_99911_doh1_2020-03-31t13_38_25.930231,0.002275,False,-0.038321,-0.517484,-0.058824,0.054648,-0.042390,0.117597,0.064421,-0.272350,-0.041805,0.232041,0.336974,0.017992,-0.032503,-0.467522,-0.160128,0.256094,-0.033504,0.101152,0.173468,0.276338,-0.056585,-0.604845,-0.241853,0.410711,-0.035289,0.261029,0.502311,0.185697,-0.028525,-0.396132,-0.096018,0.267715,-0.027218,-0.178127,-0.011437,0.099216,-0.039190,0.037871,-0.107603,-0.367397,-0.037243,0.631794,0.070876,-0.675650,-0.039348,0.098160,0.067002,-0.129617,-0.053092,0.317141
dns2tcp_tunnel_99911_doh1_2020-03-31t14_01_04.212202,0.002254,False,-0.038421,-0.517584,-0.058724,0.054748,-0.042490,0.117697,0.064521,-0.272450,-0.041905,0.231941,0.337074,0.018092,-0.032603,-0.467422,-0.160028,0.255994,-0.033604,0.101052,0.173368,0.276238,-0.056685,-0.604945,-0.241753,0.410811,-0.035389,0.260929,0.502411,0.185797,-0.028625,-0.396232,-0.095918,0.267815,-0.027318,-0.178027,-0.011337,0.099116,-0.039290,0.037971,-0.107503,-0.367497,-0.037343,0.631894,0.070976,-0.675750,-0.039448,0.098060,0.066902,-0.129717,-0.053192,0.317241
dns2tcp_tunnel_99911_doh1_2020-03-31t14_23_43.665339,0.002233,False,-0.038521,-0.517684,-0.058624,0.054848,-0.042590,0.117797,0.064621,-0.272550,-0.042005,0.231841,0.337174,0.018192,-0.032703,-0.467322,-0.159928,0.255894,-0.033704,0.100952,0.173268,0.276138,-0.056785,-0.605045,-0.241653,0.410911,-0.035489,0.260829,0.502512,0.185897,-0.028725,-0.396332,-0.095818,0.267915,-0.027418,-0.177927,-0.011237,0.099016,-0.039390,0.038071,-0.107403,-0.367597,-0.037443,0.631994,0.071076,-0.675850,-0.039548,0.097960,0.066802,-0.129817,-0.053292,0.317341
dns2tcp_tunnel_99911_doh1_2020-03-31t14_46_20.917791,0.002213,False,-0.038621,-0.517784,-0.058524,0.054948,-0.042690,0.117897,0.064721,-0.272650,-0.042105,0.231741,0.337274,0.018292,-0.032803,-0.467222,-0.159828,0.255794,-0.033804,0.100852,0.173168,0.276038,-0.056885,-0.605145,-0.241553,0.411011,-0.035589,0.260729,0.502612,0.185997,-0.028825,-0.396432,-0.095718,0.268015,-0.027518,-0.177827,-0.011137,0.098916,-0.039490,0.038171,-0.107303,-0.367696,-0.037543,0.632094,0.071176,-0.675950,-0.039648,0.097860,0.066702,-0.129917,-0.053392,0.317441
dns2tcp_tunnel_99911_doh1_2020-03-31t15_08_58.259779,0.002193,False,-0.038721,-0.517884,-0.058424,0.055048,-0.042790,0.117997,0.064821,-0.272750,-0.042205,0.231641,0.337374,0.018392,-0.032903,-0.467122,-0.159728,0.255695,-0.033904,0.100752,0.173068,0.275938,-0.056985,-0.605245,-0.241453,0.411111,-0.035689,0.260629,0.502712,0.186097,-0.028925,-0.396532,-0.095618,0.268115,-0.027618,-0.177727,-0.011037,0.098816,-0.039590,0.038271,-0.107203,-0.367796,-0.037643,0.632194,0.071276,-0.676050,-0.039748,0.097760,0.066602,-0.130017,-0.053492,0.317541
dns2tcp_tunnel_99911_doh1_2020-03-31t15_31_38.216263,0.002174,False,-0.038821,-0.517984,-0.058324,0.055148,-0.042890,0.118097,0.064921,-0.272850,-0.042305,0.231541,0.337474,0.018492,-0.033003,-0.467022,-0.159628,0.255595,-0.034004,0.100652,0.172968,0.275838,-0.057085,-0.605345,-0.241353,0.411211,-0.035789,0.260529,0.502812,0.186197,-0.029025,-0.396632,-0.095518,0.268215,-0.027718,-0.177627,-0.010937,0.098716,-0.039690,0.038371,-0.107103,-0.367896,-0.037743,0.632294,0.071376,-0.676150,-0.039848,0.097660,0.066502,-0.130117,-0.053592,0.317641
dns2tcp_tunnel_99911_doh1_2020-03-31t15_54_10.678007,0.002155,False,-0.038921,-0.518084,-0.058224,0.055248,-0.042990,0.118197,0.065021,-0.272950,-0.042405,0.231441,0.337574,0.018592,-0.033103,-0.466922,-0.159528,0.255495,-0.034104,0.100552,0.172868,0.275738,-0.057185,-0.605445,-0.241253,0.411311,-0.035889,0.260429,0.502912,0.186297,-0.029125,-0.396732,-0.095418,0.268315,-0.027818,-0.177527,-0.010837,0.098616,-0.039790,0.038471,-0.107003,-0.367996,-0.037843,0.632394,0.071476,-0.676250,-0.039948,0.097560,0.066402,-0.130217,-0.053692,0.317741
dns2tcp_tunnel_99911_doh1_2020-03-31t16_16_43.587045,0.002136,False,-0.039021,-0.518184,-0.058124,0.055348,-0.043090,0.118297,0.065121,-0.273050,-0.042505,0.231341,0.337674,0.018692,-0.033203,-0.466822,-0.159428,0.255395,-0.034204,0.100452,0.172768,0.275638,-0.057285,-0.605545,-0.241153,0.411411,-0.035989,0.260329,0.503012,0.186397,-0.029225,-0.396832,-0.095318,0.268415,-0.027918,-0.177427,-0.010737,0.098516,-0.039890,0.038571,-0.106903,-0.368096,-0.037943,0.632494,0.071576,-0.676350,-0.040048,0.097460,0.066302,-0.130317,-0.053792,0.317841
dns2tcp_tunnel_99911_doh1_2020-03-31t16_39_17.131324,0.002118,False,-0.039121,-0.518284,-0.058024,0.055448,-0.043190,0.118397,0.065221,-0.273150,-0.042605,0.231241,0.337774,0.018792,-0.033303,-0.466722,-0.159328,0.255295,-0.034304,0.100352,0.172668,0.275538,-0.057385,-0.605645,-0.241053,0.411511,-0.036089,0.260229,0.503112,0.186497,-0.029325,-0.396932,-0.095218,0.268515,-0.028018,-0.177327,-0.010637,0.098416,-0.039990,0.038671,-0.106803,-0.368196,-0.038043,0.632594,0.071677,-0.676450,-0.040148,0.097360,0.066202,-0.130417,-0.053892,0.317941
dns2tcp_tunnel_99911_doh1_2020-03-31t17_01_51.748222,0.002100,False,-0.039221,-0.518384,-0.057924,0.055548,-0.043290,0.118497,0.065321,-0.273250,-0.042705,0.231141,0.337874,0.018892,-0.033403,-0.466622,-0.159228,0.255195,-0.034404,0.100252,0.172568,0.275438,-0.057485,-0.605745,-0.240953,0.411611,-0.036189,0.260129,0.503212,0.186597,-0.029425,-0.397032,-0.095118,0.268615,-0.028118,-0.177227,-0.010537,0.098316,-0.040090,0.038771,-0.106703,-0.368296,-0.038143,0.632694,0.071777,-0.676550,-0.040248,0.097260,0.066102,-0.130517,-0.053992,0.318041
dns2tcp_tunnel_99911_doh1_2020-03-31t17_24_23.482558,0.002082,False,-0.039321,-0.518484,-0.057824,0.055648,-0.043390,0.118597,0.065421,-0.273349,-0.042805,0.231041,0.337974,0.018992,-0.033503,-0.466522,-0.159128,0.255095,-0.034504,0.100152,0.172468,0.275338,-0.057585,-0.605845,-0.240853,0.411711,-0.036289,0.260029,0.503312,0.186697,-0.029525,-0.397132,-0.095018,0.268715,-0.028218,-0.177127,-0.010437,0.098216,-0.040190,0.038871,-0.106603,-0.368396,-0.038243,0.632794,0.071877,-0.676650,-0.040348,0.097160,0.066002,-0.130617,-0.054092,0.318141
dns2tcp_tunnel_99911_doh1_2020-03-31t17_46_57.431722,0.002065,False,-0.039421,-0.518584,-0.057724,0.055748,-0.043490,0.118697,0.065521,-0.273449,-0.042905,0.230941,0.338074,0.019092,-0.033603,-0.466422,-0.159028,0.254995,-0.034604,0.100052,0.172368,0.275238,-0.057685,-0.605945,-0.240753,0.411811,-0.036389,0.259929,0.503412,0.186797,-0.029625,-0.397232,-0.094918,0.268815,-0.028318,-0.177027,-0.010337,0.098116,-0.040290,0.038971,-0.106503,-0.368496,-0.038343,0.632894,0.071977,-0.676750,-0.040448,0.097060,0.065902,-0.130717,-0.054192,0.318241
dns2tcp_tunnel_99911_doh1_2020-03-31t18_09_28.288548,0.002048,False,-0.039521,-0.518684,-0.057624,0.055848,-0.043590,0.118797,0.065621,-0.273549,-0.043005,0.230841,0.338174,0.019192,-0.033703,-0.466322,-0.158928,0.254895,-0.034704,0.099952,0.172268,0.275138,-0.057785,-0.606045,-0.240653,0.411911,-0.036489,0.259829,0.503512,0.186897,-0.029725,-0.397332,-0.094818,0.268915,-0.028418,-0.176927,-0.010237,0.098016,-0.040390,0.039071,-0.106403,-0.368596,-0.038443,0.632994,0.072077,-0.676850,-0.040548,0.096960,0.065802,-0.130817,-0.054292,0.318341
dns2tcp_tunnel_99911_doh1_2020-03-31t18_31_59.426473,0.002031,False,-0.039621,-0.518784,-0.057524,0.055948,-0.043690,0.118897,0.065721,-0.273649,-0.043105,0.230741,0.338274,0.019292,-0.033803,-0.466222,-0.158828,0.254795,-0.034804,0.099852,0.172168,0.275038,-0.057885,-0.606145,-0.240553,0.412011,-0.036589,0.259729,0.503612,0.186997,-0.029825,-0.397432,-0.094718,0.269015,-0.028518,-0.176827,-0.010137,0.097916,-0.040490,0.039171,-0.106303,-0.368696,-0.038543,0.633094,0.072177,-0.676950,-0.040648,0.096860,0.065702,-0.130917,-0.054392,0.318441
dns2tcp_tunnel_99911_doh1_2020-03-31t18_54_31.104608,0.002015,False,-0.039721,-0.518884,-0.057424,0.056048,-0.043790,0.118997,0.065821,-0.273749,-0.043205,0.230641,0.338374,0.019392,-0.033903,-0.466122,-0.158728,0.254695,-0.034904,0.099752,0.172068,0.274938,-0.057985,-0.606245,-0.240453,0.412111,-0.036689,0.259629,0.503712,0.187097,-0.029925,-0.397532,-0.094618,0.269115,-0.028618,-0.176727,-0.010037,0.097816,-0.040590,0.039271,-0.106203,-0.368796,-0.038643,0.633194,0.072277,-0.677050,-0.040748,0.096760,0.065602,-0.131017,-0.054492,0.318541
dns2tcp_tunnel_99911_doh1_2020-03-31t19_16_59.892209,0.001999,False,-0.039821,-0.518984,-0.057324,0.056148,-0.043890,0.119097,0.065921,-0.273849,-0.043305,0.230541,0.338474,0.019492,-0.034003,-0.466022,-0.158628,0.254595,-0.035004,0.099652,0.171968,0.274838,-0.058085,-0.606345,-0.240353,0.412211,-0.036789,0.259529,0.503812,0.187197,-0.030025,-0.397632,-0.094518,0.269215,-0.028718,-0.176627,-0.009937,0.097716,-0.040690,0.039371,-0.106103,-0.368896,-0.038743,0.633294,0.072377,-0.677150,-0.040848,0.096660,0.065502,-0.131117,-0.054592,0.318641
dns2tcp_tunnel_99911_doh1_2020-03-31t19_39_29.272486,0.001983,False,-0.039921,-0.519084,-0.057224,0.056248,-0.043990,0.119197,0.066021,-0.273949,-0.043405,0.230441,0.338574,0.019592,-0.034103,-0.465922,-0.158528,0.254495,-0.035104,0.099552,0.171868,0.274738,-0.058185,-0.606445,-0.240253,0.412311,-0.036889,0.259429,0.503912,0.187297,-0.030125,-0.397732,-0.094418,0.269315,-0.028818,-0.176527,-0.009837,0.097616,-0.040790,0.039471,-0.106003,-0.368996,-0.038843,0.633394,0.072477,-0.677250,-0.040948,0.096560,0.065402,-0.131217,-0.054692,0.318741
dns2tcp_tunnel_99911_doh1_2020-03-31t20_01_57.966517,0.001968,False,-0.040021,-0.519184,-0.057124,0.056348,-0.044090,0.119297,0.066121,-0.274049,-0.043505,0.230341,0.338674,0.019692,-0.034203,-0.465822,-0.158428,0.254395,-0.035204,0.099452,0.171768,0.274638,-0.058285,-0.606545,-0.240153,0.412411,-0.036989,0.259329,0.504012,0.187397,-0.030225,-0.397832,-0.094318,0.269415,-0.028918,-0.176427,-0.009737,0.097516,-0.040890,0.039571,-0.105903,-0.369096,-0.038943,0.633494,0.072577,-0.677350,-0.041048,0.096460,0.065302,-0.131317,-0.054792,0.318841
dns2tcp_tunnel_99911_doh1_2020-03-31t20_24_26.821843,0.001953,False,-0.040121,-0.519284,-0.057024,0.056448,-0.044190,0.119397,0.066221,-0.274149,-0.043605,0.230241,0.338774,0.019792,-0.034303,-0.465722,-0.158328,0.254295,-0.035304,0.099352,0.171668,0.274538,-0.058385,-0.606645,-0.240053,0.412511,-0.037089,0.259229,0.504112,0.187497,-0.030325,-0.397932,-0.094218,0.269515,-0.029018,-0.176327,-0.009637,0.097416,-0.040990,0.039671,-0.105803,-0.369196,-0.039043,0.633594,0.072677,-0.677450,-0.041148,0.096360,0.065202,-0.131417,-0.054892,0.318941
dns2tcp_tunnel_99911_doh1_2020-03-31t20_46_55.597423,0.001938,False,-0.040221,-0.519384,-0.056924,0.056548,-0.044290,0.119497,0.066321,-0.274249,-0.043705,0.230141,0.338874,0.019892,-0.034403,-0.465622,-0.158228,0.254195,-0.035404,0.099252,0.171568,0.274438,-0.058485,-0.606745,-0.239953,0.412611,-0.037189,0.259129,0.504212,0.187597,-0.030425,-0.398032,-0.094118,0.269615,-0.029118,-0.176227,-0.009537,0.097316,-0.041090,0.039771,-0.105703,-0.369296,-0.039143,0.633694,0.072777,-0.677550,-0.041248,0.096260,0.065102,-0.131517,-0.054992,0.319041
dns2tcp_tunnel_99911_doh1_2020-03-31t21_09_24.993414,0.001924,False,-0.040321,-0.519484,-0.056824,0.056648,-0.044390,0.119597,0.066421,-0.274349,-0.043805,0.230041,0.338974,0.019992,-0.034503,-0.465522,-0.158128,0.254095,-0.035504,0.099152,0.171468,0.274338,-0.058585,-0.606845,-0.239853,0.412711,-0.037289,0.259029,0.504312,0.187697,-0.030525,-0.398132,-0.094018,0.269715,-0.029218,-0.176127,-0.009437,0.097216,-0.041190,0.039871,-0.105603,-0.369396,-0.039243,0.633794,0.072877,-0.677650,-0.041348,0.096160,0.065002,-0.131617,-0.055092,0.319141
dns2tcp_tunnel_99911_doh1_2020-03-31t21_31_53.640207,0.001909,False,-0.040421,-0.519584,-0.056724,0.056748,-0.044490,0.119697,0.066521,-0.274449,-0.043905,0.229941,0.339074,0.020092,-0.034603,-0.465422,-0.158028,0.253995,-0.035604,0.099052,0.171368,0.274238,-0.058685,-0.606945,-0.239753,0.412811,-0.037389,0.258929,0.504412,0.187797,-0.030625,-0.398232,-0.093918,0.269815,-0.029318,-0.176027,-0.009337,0.097116,-0.041290,0.039971,-0.105503,-0.369496,-0.039343,0.633894,0.072977,-0.677750,-0.041448,0.096060,0.064902,-0.131717,-0.055192,0.319241
dns2tcp_tunnel_99911_doh2_2020-03-30t20_38_09.521847,0.001895,False,-0.040521,-0.519684,-0.056624,0.056848,-0.044590,0.119797,0.066621,-0.274549,-0.044005,0.229841,0.339174,0.020192,-0.034703,-0.465322,-0.157928,0.253895,-0.035704,0.098952,0.171268,0.274138,-0.058785,-0.607045,-0.239653,0.412911,-0.037489,0.258829,0.504512,0.187897,-0.030725,-0.398332,-0.093818,0.269915,-0.029418,-0.175927,-0.009237,0.097016,-0.041390,0.040071,-0.105403,-0.369596,-0.039443,0.633994,0.073077,-0.677850,-0.041548,0.095960,0.064802,-0.131817,-0.055292,0.319341
dns2tcp_tunnel_99911_doh2_2020-03-30t21_01_49.604938,0.001882,False,-0.040621,-0.519784,-0.056524,0.056948,-0.044690,0.119897,0.066721,-0.274649,-0.044105,0.229741,0.339274,0.020292,-0.034803,-0.465222,-0.157828,0.253795,-0.035804,0.098852,0.171168,0.274038,-0.058885,-0.607145,-0.239553,0.413011,-0.037589,0.258729,0.504612,0.187997,-0.030825,-0.398432,-0.093718,0.270015,-0.029518,-0.175827,-0.009137,0.096916,-0.041490,0.040171,-0.105303,-0.369696,-0.039543,0.634094,0.073177,-0.677950,-0.041648,0.095860,0.064702,-0.131917,-0.055392,0.319441
dns2tcp_tunnel_99911_doh2_2020-03-30t21_24_46.414022,0.001868,False,-0.040721,-0.519884,-0.056424,0.057048,-0.044790,0.119997,0.066821,-0.274749,-0.044205,0.229641,0.339374,0.020392,-0.034903,-0.465122,-0.157728,0.253695,-0.035904,0.098752,0.171068,0.273938,-0.058985,-0.607245,-0.239453,0.413111,-0.037689,0.258629,0.504712,0.188097,-0.030925,-0.398532,-0.093618,0.270115,-0.029618,-0.175727,-0.009037,0.096816,-0.041590,0.040271,-0.105203,-0.369796,-0.039643,0.634194,0.073277,-0.678050,-0.041748,0.095760,0.064602,-0.132017,-0.055492,0.319541
dns2tcp_tunnel_99911_doh2_2020-03-30t21_47_35.390592,0.001855,False,-0.040821,-0.519984,-0.056324,0.057148,-0.044890,0.120097,0.066921,-0.274849,-0.044305,0.229541,0.339474,0.020492,-0.035003,-0.465022,-0.157628,0.253595,-0.036004,0.098652,0.170968,0.273838,-0.059085,-0.607345,-0.239353,0.413211,-0.037789,0.258529,0.504812,0.188197,-0.031025,-0.398632,-0.093518,0.270215,-0.029718,-0.175627,-0.008937,0.096716,-0.041690,0.040371,-0.105103,-0.369896,-0.039743,0.634294,0.073377,-0.678150,-0.041848,0.095660,0.064502,-0.132117,-0.055592,0.319641
dns2tcp_tunnel_99911_doh2_2020-03-30t22_10_15.114246,0.001842,False,-0.040921,-0.520084,-0.056224,0.057248,-0.044990,0.120197,0.067021,-0.274949,-0.044405,0.229441,0.339574,0.020592,-0.035103,-0.464922,-0.157528,0.253495,-0.036104,0.098552,0.170868,0.273738,-0.059185,-0.607445,-0.239253,0.413310,-0.037889,0.258429,0.504912,0.188297,-0.031125,-0.398732,-0.093418,0.270315,-0.029818,-0.175527,-0.008837,0.096616,-0.041790,0.040471,-0.105003,-0.369996,-0.039843,0.634394,0.073477,-0.678250,-0.041948,0.095560,0.064402,-0.132217,-0.055692,0.319741
dns2tcp_tunnel_99911_doh2_2020-03-30t22_32_52.983978,0.001829,False,-0.041021,-0.520184,-0.056124,0.057348,-0.045090,0.120297,0.067121,-0.275049,-0.044505,0.229341,0.339674,0.020692,-0.035203,-0.464822,-0.157428,0.253395,-0.036204,0.098452,0.170768,0.273638,-0.059285,-0.607545,-0.239153,0.413410,-0.037989,0.258329,0.505012,0.188397,-0.031225,-0.398832,-0.093318,0.270415,-0.029918,-0.175427,-0.008737,0.096516,-0.041890,0.040571,-0.104903,-0.370096,-0.039943,0.634494,0.073577,-0.678351,-0.042048,0.095460,0.064302,-0.132317,-0.055792,0.319841
dns2tcp_tunnel_99911_doh2_2020-03-30t22_55_30.260018,0.001817,False,-0.041121,-0.520284,-0.056024,0.057448,-0.045190,0.120397,0.067221,-0.275149,-0.044605,0.229241,0.339774,0.020792,-0.035303,-0.464722,-0.157328,0.253295,-0.036304,0.098352,0.170668,0.273538,-0.059385,-0.607645,-0.239053,0.413510,-0.038089,0.258229,0.505112,0.188497,-0.031325,-0.398932,-0.093218,0.270515,-0.030018,-0.175327,-0.008637,0.096416,-0.041990,0.040671,-0.104803,-0.370196,-0.040043,0.634594,0.073677,-0.678451,-0.042148,0.095360,0.064202,-0.132417,-0.055892,0.319941
dns2tcp_tunnel_99911_doh2_2020-03-30t23_18_04.086938,0.001805,False,-0.041221,-0.520384,-0.055924,0.057548,-0.045290,0.120497,0.067321,-0.275249,-0.044705,0.229141,0.339874,0.020892,-0.035403,-0.464622,-0.157228,0.253195,-0.036404,0.098252,0.170568,0.273438,-0.059485,-0.607745,-0.238953,0.413610,-0.038189,0.258129,0.505212,0.188597,-0.031425,-0.399032,-0.093118,0.270615,-0.030118,-0.175227,-0.008537,0.096316,-0.042090,0.040771,-0.104703,-0.370296,-0.040143,0.634694,0.073777,-0.678551,-0.042248,0.095260,0.064102,-0.132517,-0.055992,0.320041
dns2tcp_tunnel_99911_doh2_2020-03-30t23_40_36.246233,0.001793,False,-0.041321,-0.520484,-0.055824,0.057648,-0.045390,0.120597,0.067421,-0.275349,-0.044805,0.229041,0.339974,0.020992,-0.035503,-0.464522,-0.157128,0.253095,-0.036504,0.098152,0.170468,0.273338,-0.059585,-0.607845,-0.238853,0.413710,-0.038289,0.258029,0.505312,0.188697,-0.031525,-0.399132,-0.093018,0.270715,-0.030218,-0.175127,-0.008437,0.096216,-0.042190,0.040871,-0.104603,-0.370396,-0.040243,0.634794,0.073877,-0.678651,-0.042348,0.095160,0.064002,-0.132617,-0.056092,0.320141
dns2tcp_tunnel_99911_doh2_2020-03-31t00_03_12.874114,0.001781,False,-0.041421,-0.520584,-0.055724,0.057748,-0.045490,0.120697,0.067521,-0.275449,-0.044905,0.228941,0.340074,0.021092,-0.035603,-0.464422,-0.157028,0.252995,-0.036604,0.098052,0.170368,0.273238,-0.059685,-0.607945,-0.238753,0.413810,-0.038389,0.257929,0.505412,0.188797,-0.031625,-0.399232,-0.092918,0.270815,-0.030318,-0.175027,-0.008337,0.096116,-0.042290,0.040971,-0.104503,-0.370496,-0.040343,0.634894,0.073977,-0.678751,-0.042448,0.095060,0.063902,-0.132717,-0.056192,0.320240
dns2tcp_tunnel_99911_doh2_2020-03-31t00_25_46.917131,0.001769,False,-0.041521,-0.520684,-0.055624,0.057848,-0.045590,0.120797,0.067621,-0.275549,-0.045005,0.228841,0.340174,0.021192,-0.035703,-0.464322,-0.156928,0.252895,-0.036704,0.097952,0.170268,0.273138,-0.059785,-0.608045,-0.238653,0.413910,-0.038489,0.257829,0.505512,0.188897,-0.031725,-0.399332,-0.092818,0.270915,-0.030418,-0.174927,-0.008237,0.096016,-0.042390,0.041071,-0.104403,-0.370596,-0.040443,0.634994,0.074077,-0.678851,-0.042548,0.094960,0.063802,-0.132817,-0.056292,0.320340
dns2tcp_tunnel_99911_doh2_2020-03-31t00_48_24.605726,0.001758,False,-0.041621,-0.520784,-0.055524,0.057948,-0.045690,0.120897,0.067721,-0.275649,-0.045105,0.228741,0.340274,0.021292,-0.035803,-0.464222,-0.156828,0.252795,-0.036804,0.097852,0.170168,0.273038,-0.059885,-0.608145,-0.238553,0.414010,-0.038589,0.257729,0.505612,0.188997,-0.031825,-0.399432,-0.092718,0.271015,-0.030518,-0.174827,-0.008137,0.095916,-0.042490,0.041171,-0.104303,-0.370696,-0.040543,0.635094,0.074177,-0.678951,-0.042648,0.094860,0.063702,-0.132917,-0.056392,0.320440
dns2tcp_tunnel_99911_doh2_2020-03-31t01_11_03.683722,0.001747,False,-0.041721,-0.520884,-0.055424,0.058048,-0.045790,0.120997,0.067821,-0.275749,-0.045205,0.228641,0.340374,0.021392,-0.035903,-0.464122,-0.156728,0.252695,-0.036904,0.097752,0.170068,0.272938,-0.059985,-0.608245,-0.238453,0.414110,-0.038689,0.257629,0.505712,0.189097,-0.031925,-0.399532,-0.092618,0.271115,-0.030618,-0.174727,-0.008037,0.095816,-0.042590,0.041271,-0.104203,-0.370796,-0.040643,0.635194,0.074277,-0.679051,-0.042748,0.094760,0.063602,-0.133017,-0.056492,0.320540
dns2tcp_tunnel_99911_doh2_2020-03-31t01_33_43.166218,0.001736,False,-0.041821,-0.520984,-0.055324,0.058148,-0.045890,0.121097,0.067921,-0.275849,-0.045305,0.228541,0.340474,0.021492,-0.036003,-0.464022,-0.156628,0.252595,-0.037004,0.097652,0.169968,0.272838,-0.060085,-0.608345,-0.238353,0.414210,-0.038789,0.257529,0.505812,0.189197,-0.032025,-0.399632,-0.092518,0.271215,-0.030718,-0.174627,-0.007937,0.095716,-0.042690,0.041371,-0.104103,-0.370896,-0.040743,0.635294,0.074377,-0.679151,-0.042848,0.094660,0.063502,-0.133117,-0.056592,0.320640
dns2tcp_tunnel_99911_doh2_2020-03-31t01_56_21.812307,0.001725,False,-0.041921,-0.521084,-0.055224,0.058248,-0.045990,0.121197,0.068021,-0.275949,-0.045405,0.228441,0.340574,0.021592,-0.036103,-0.463922,-0.156528,0.252495,-0.037104,0.097552,0.169868,0.272738,-0.060185,-0.608445,-0.238253,0.414310,-0.038889,0.257430,0.505912,0.189297,-0.032125,-0.399732,-0.092418,0.271315,-0.030818,-0.174527,-0.007837,0.095616,-0.042790,0.041471,-0.104003,-0.370996,-0.040843,0.635394,0.074477,-0.679251,-0.042948,0.094560,0.063402,-0.133217,-0.056692,0.320740
dns2tcp_tunnel_99911_doh2_2020-03-31t02_19_01.405306,0.001715,False,-0.042021,-0.521184,-0.055124,0.058348,-0.046090,0.121297,0.068121,-0.276049,-0.045505,0.228341,0.340674,0.021692,-0.036203,-0.463822,-0.156428,0.252395,-0.037204,0.097452,0.169768,0.272638,-0.060285,-0.608545,-0.238153,0.414410,-0.038989,0.257330,0.506012,0.189397,-0.032225,-0.399832,-0.092318,0.271415,-0.030918,-0.174427,-0.007737,0.095516,-0.042890,0.041571,-0.103903,-0.371096,-0.040943,0.635494,0.074577,-0.679351,-0.043048,0.094460,0.063302,-0.133317,-0.056792,0.320840
dns2tcp_tunnel_99911_doh2_2020-03-31t02_41_41.265959,0.001705,False,-0.042121,-0.521284,-0.055024,0.058448,-0.046190,0.121397,0.068221,-0.276149,-0.045605,0.228241,0.340774,0.021792,-0.036303,-0.463722,-0.156328,0.252295,-0.037304,0.097352,0.169668,0.272538,-0.060385,-0.608645,-0.238053,0.414510,-0.039089,0.257230,0.506112,0.189497,-0.032325,-0.399932,-0.092218,0.271515,-0.031018,-0.174327,-0.007637,0.095416,-0.042990,0.041671,-0.103803,-0.371196,-0.041043,0.635594,0.074677,-0.679451,-0.043148,0.094360,0.063202,-0.133417,-0.056892,0.320940
dns2tcp_tunnel_99911_doh2_2020-03-31t03_04_15.305341,0.001695,False,-0.042221,-0.521384,-0.054924,0.058548,-0.046290,0.121497,0.068321,-0.276249,-0.045705,0.228141,0.340874,0.021892,-0.036403,-0.463622,-0.156228,0.252195,-0.037404,0.097252,0.169568,0.272438,-0.060485,-0.608746,-0.237953,0.414610,-0.039189,0.257130,0.506212,0.189597,-0.032425,-0.400032,-0.092118,0.271615,-0.031118,-0.174227,-0.007537,0.095316,-0.043090,0.041771,-0.103703,-0.371296,-0.041143,0.635694,0.074777,-0.679551,-0.043248,0.094260,0.063102,-0.133517,-0.056992,0.321040
dns2tcp_tunnel_99911_doh2_2020-03-31t03_26_49.569817,0.001685,False,-0.042321,-0.521484,-0.054824,0.058648,-0.046390,0.121597,0.068421,-0.276349,-0.045805,0.228041,0.340974,0.021992,-0.036503,-0.463522,-0.156128,0.252095,-0.037504,0.097152,0.169468,0.272338,-0.060585,-0.608846,-0.237853,0.414710,-0.039289,0.257030,0.506312,0.189697,-0.032525,-0.400132,-0.092018,0.271715,-0.031218,-0.174127,-0.007437,0.095216,-0.043190,0.041871,-0.103603,-0.371396,-0.041243,0.635794,0.074877,-0.679651,-0.043348,0.094160,0.063002,-0.133617,-0.057092,0.321140
dns2tcp_tunnel_99911_doh2_2020-03-31t03_49_24.012674,0.001675,False,-0.042421,-0.521585,-0.054724,0.058748,-0.046490,0.121697,0.068521,-0.276449,-0.045905,0.227941,0.341074,0.022092,-0.036603,-0.463422,-0.156028,0.251995,-0.037604,0.097052,0.169368,0.272238,-0.060685,-0.608946,-0.237753,0.414810,-0.039389,0.256930,0.506412,0.189797,-0.032625,-0.400232,-0.091918,0.271815,-0.031318,-0.174027,-0.007337,0.095116,-0.043290,0.041971,-0.103503,-0.371496,-0.041343,0.635894,0.074977,-0.679751,-0.043448,0.094060,0.062902,-0.133717,-0.057192,0.321240
dns2tcp_tunnel_99911_doh2_2020-03-31t04_11_57.246996,0.001665,False,-0.042521,-0.521685,-0.054624,0.058848,-0.046590,0.121797,0.068621,-0.276549,-0.046005,0.227841,0.341174,0.022192,-0.036703,-0.463322,-0.155928,0.251895,-0.037704,0.096952,0.169268,0.272138,-0.060785,-0.609046,-0.237653,0.414910,-0.039489,0.256830,0.506512,0.189897,-0.032725,-0.400332,-0.091818,0.271915,-0.031418,-0.173927,-0.007237,0.095016,-0.043390,0.042071,-0.103403,-0.371596,-0.041443,0.635994,0.075077,-0.679851,-0.043548,0.093960,0.062802,-0.133817,-0.057292,0.321340
dns2tcp_tunnel_99911_doh2_2020-03-31t04_34_31.690192,0.001656,False,-0.042622,-0.521785,-0.054524,0.058948,-0.046690,0.121897,0.068721,-0.276649,-0.046105,0.227741,0.341274,0.022292,-0.036803,-0.463222,-0.155828,0.251795,-0.037804,0.096852,0.169168,0.272038,-0.060885,-0.609146,-0.237553,0.415010,-0.039589,0.256730,0.506612,0.189997,-0.032825,-0.400432,-0.091718,0.272015,-0.031518,-0.173827,-0.007137,0.094916,-0.043490,0.042171,-0.103303,-0.371696,-0.041543,0.636095,0.075177,-0.679951,-0.043648,0.093860,0.062702,-0.133917,-0.057392,0.321440
dns2tcp_tunnel_99911_doh2_2020-03-31t04_57_08.439163,0.001647,False,-0.042722,-0.521885,-0.054424,0.059048,-0.046790,0.121997,0.068821,-0.276749,-0.046205,0.227641,0.341374,0.022392,-0.036903,-0.463122,-0.155728,0.251695,-0.037904,0.096752,0.169068,0.271939,-0.060985,-0.609246,-0.237453,0.415110,-0.039689,0.256630,0.506712,0.190097,-0.032925,-0.400532,-0.091618,0.272115,-0.031618,-0.173727,-0.007037,0.094816,-0.043590,0.042271,-0.103203,-0.371796,-0.041643,0.636195,0.075277,-0.680051,-0.043748,0.093760,0.062602,-0.134017,-0.057492,0.321540
dns2tcp_tunnel_99911_doh2_2020-03-31t05_19_46.543211,0.001638,False,-0.042822,-0.521985,-0.054324,0.059148,-0.046890,0.122097,0.068921,-0.276849,-0.046305,0.227541,0.341474,0.022492,-0.037003,-0.463022,-0.155628,0.251595,-0.038004,0.096652,0.168968,0.271839,-0.061085,-0.609346,-0.237353,0.415210,-0.039789,0.256530,0.506812,0.190197,-0.033025,-0.400632,-0.091518,0.272215,-0.031718,-0.173627,-0.006937,0.094716,-0.043690,0.042371,-0.103103,-0.371896,-0.041743,0.636295,0.075377,-0.680151,-0.043848,0.093660,0.062502,-0.134117,-0.057592,0.321640
dns2tcp_tunnel_99911_doh2_2020-03-31t05_42_23.833872,0.001629,False,-0.042922,-0.522085,-0.054224,0.059248,-0.046990,0.122197,0.069021,-0.276949,-0.046405,0.227441,0.341574,0.022592,-0.037103,-0.462922,-0.155528,0.251495,-0.038104,0.096552,0.168868,0.271739,-0.061185,-0.609446,-0.237253,0.415310,-0.039889,0.256430,0.506912,0.190297,-0.033125,-0.400732,-0.091418,0.272315,-0.031818,-0.173527,-0.006837,0.094616,-0.043790,0.042471,-0.103003,-0.371996,-0.041843,0.636395,0.075477,-0.680251,-0.043948,0.093560,0.062402,-0.134217,-0.057692,0.321740
dns2tcp_tunnel_99911_doh2_2020-03-31t06_05_02.555394,0.001620,False,-0.043022,-0.522185,-0.054124,0.059348,-0.047090,0.122297,0.069121,-0.277049,-0.046505,0.227341,0.341674,0.022692,-0.037203,-0.462822,-0.155428,0.251395,-0.038204,0.096452,0.168768,0.271639,-0.061285,-0.609546,-0.237153,0.415410,-0.039989,0.256330,0.507012,0.190397,-0.033225,-0.400832,-0.091318,0.272415,-0.031918,-0.173427,-0.006737,0.094516,-0.043890,0.042571,-0.102903,-0.372096,-0.041943,0.636495,0.075577,-0.680351,-0.044048,0.093460,0.062302,-0.134317,-0.057792,0.321840
dns2tcp_tunnel_99911_doh2_2020-03-31t06_27_46.748369,0.001612,False,-0.043122,-0.522285,-0.054024,0.059448,-0.047190,0.122397,0.069221,-0.277149,-0.046605,0.227241,0.341774,0.022792,-0.037303,-0.462722,-0.155328,0.251295,-0.038304,0.096352,0.168668,0.271539,-0.061385,-0.609646,-0.237053,0.415510,-0.040089,0.256230,0.507112,0.190497,-0.033325,-0.400932,-0.091218,0.272515,-0.032018,-0.173327,-0.006637,0.094416,-0.043990,0.042671,-0.102803,-0.372196,-0.042043,0.636595,0.075677,-0.680451,-0.044148,0.093360,0.062202,-0.134417,-0.057892,0.321940
dns2tcp_tunnel_99911_doh2_2020-03-31t06_50_25.737203,0.001603,False,-0.043222,-0.522385,-0.053924,0.059548,-0.047290,0.122497,0.069321,-0.277249,-0.046705,0.227141,0.341873,0.022892,-0.037403,-0.462622,-0.155228,0.251195,-0.038404,0.096252,0.168568,0.271439,-0.061485,-0.609746,-0.236953,0.415610,-0.040189,0.256130,0.507212,0.190597,-0.033425,-0.401032,-0.091118,0.272615,-0.032118,-0.173227,-0.006537,0.094316,-0.044090,0.042771,-0.102703,-0.372296,-0.042143,0.636695,0.075777,-0.680551,-0.044248,0.093260,0.062102,-0.134517,-0.057992,0.322040
dns2tcp_tunnel_99911_doh2_2020-03-31t07_13_04.857931,0.001595,False,-0.043322,-0.522485,-0.053824,0.059648,-0.047390,0.122597,0.069421,-0.277349,-0.046805,0.227041,0.341973,0.022992,-0.037503,-0.462522,-0.155128,0.251095,-0.038504,0.096152,0.168468,0.271339,-0.061585,-0.609846,-0.236853,0.415710,-0.040289,0.256030,0.507312,0.190697,-0.033525,-0.401132,-0.091018,0.272715,-0.032218,-0.173127,-0.006437,0.094216,-0.044190,0.042871,-0.102603,-0.372396,-0.042243,0.636795,0.075877,-0.680651,-0.044348,0.093160,0.062002,-0.134617,-0.058092,0.322140
dns2tcp_tunnel_99911_doh2_2020-03-31t07_35_43.684851,0.001587,False,-0.043422,-0.522585,-0.053724,0.059748,-0.047490,0.122697,0.069521,-0.277449,-0.046905,0.226941,0.342073,0.023092,-0.037603,-0.462422,-0.155028,0.250995,-0.038604,0.096052,0.168368,0.271239,-0.061685,-0.609946,-0.236753,0.415810,-0.040389,0.255930,0.507412,0.190797,-0.033625,-0.401232,-0.090918,0.272815,-0.032318,-0.173027,-0.006337,0.094116,-0.044290,0.042971,-0.102503,-0.372496,-0.042343,0.636895,0.075977,-0.680751,-0.044448,0.093060,0.061902,-0.134717,-0.058192,0.322240
dns2tcp_tunnel_99911_doh2_2020-03-31t07_58_15.965533,0.001579,False,-0.043522,-0.522685,-0.053624,0.059848,-0.047590,0.122797,0.069621,-0.277549,-0.047005,0.226841,0.342173,0.023192,-0.037703,-0.462322,-0.154928,0.250895,-0.038704,0.095952,0.168268,0.271139,-0.061785,-0.610046,-0.236653,0.415910,-0.040489,0.255830,0.507512,0.190897,-0.033725,-0.401332,-0.090818,0.272915,-0.032418,-0.172927,-0.006237,0.094016,-0.044390,0.043071,-0.102403,-0.372596,-0.042443,0.636995,0.076077,-0.680851,-0.044548,0.092960,0.061802,-0.134817,-0.058292,0.322340
dns2tcp_tunnel_99911_doh2_2020-03-31t08_20_50.289783,0.001572,False,-0.043622,-0.522785,-0.053524,0.059948,-0.047690,0.122897,0.069721,-0.277649,-0.047105,0.226741,0.342273,0.023292,-0.037803,-0.462222,-0.154828,0.250795,-0.038804,0.095852,0.168168,0.271039,-0.061885,-0.610146,-0.236553,0.416010,-0.040589,0.255730,0.507612,0.190997,-0.033825,-0.401432,-0.090718,0.273015,-0.032518,-0.172827,-0.006137,0.093916,-0.044490,0.043171,-0.102303,-0.372696,-0.042543,0.637095,0.076177,-0.680951,-0.044648,0.092860,0.061702,-0.134917,-0.058392,0.322440
dns2tcp_tunnel_99911_doh2_2020-03-31t08_43_30.080682,0.001564,False,-0.043722,-0.522885,-0.053424,0.060048,-0.047790,0.122997,0.069821,-0.277749,-0.047205,0.226641,0.342373,0.023392,-0.037903,-0.462122,-0.154728,0.250695,-0.038904,0.095752,0.168068,0.270939,-0.061985,-0.610246,-0.236453,0.416110,-0.040689,0.255630,0.507712,0.191097,-0.033925,-0.401532,-0.090618,0.273115,-0.032618,-0.172727,-0.006037,0.093816,-0.044590,0.043271,-0.102203,-0.372796,-0.042643,0.637195,0.076277,-0.681051,-0.044748,0.092760,0.061602,-0.135017,-0.058492,0.322540
dns2tcp_tunnel_99911_doh2_2020-03-31t09_06_07.723727,0.001557,False,-0.043822,-0.522985,-0.053324,0.060148,-0.047890,0.123097,0.069921,-0.277849,-0.047305,0.226541,0.342473,0.023492,-0.038003,-0.462023,-0.154628,0.250595,-0.039004,0.095652,0.167968,0.270839,-0.062085,-0.610346,-0.236353,0.416210,-0.040789,0.255530,0.507812,0.191197,-0.034025,-0.401632,-0.090518,0.273215,-0.032718,-0.172627,-0.005937,0.093716,-0.044690,0.043371,-0.102103,-0.372896,-0.042743,0.637295,0.076377,-0.681151,-0.044848,0.092660,0.061502,-0.135117,-0.058592,0.322640
dns2tcp_tunnel_99911_doh2_2020-03-31t09_28_47.497244,0.001549,False,-0.043922,-0.523085,-0.053224,0.060248,-0.047990,0.123197,0.070021,-0.277949,-0.047405,0.226441,0.342573,0.023592,-0.038103,-0.461923,-0.154528,0.250495,-0.039104,0.095552,0.167868,0.270739,-0.062185,-0.610446,-0.236253,0.416310,-0.040889,0.255430,0.507912,0.191297,-0.034125,-0.401732,-0.090418,0.273315,-0.032818,-0.172527,-0.005837,0.093616,-0.044790,0.043471,-0.102003,-0.372996,-0.042843,0.637395,0.076477,-0.681251,-0.044948,0.092560,0.061402,-0.135217,-0.058692,0.322740
dns2tcp_tunnel_99911_doh2_2020-03-31t09_51_31.395583,0.001542,False,-0.044022,-0.523185,-0.053124,0.060348,-0.048090,0.123297,0.070121,-0.278049,-0.047505,0.226341,0.342673,0.023692,-0.038203,-0.461823,-0.154428,0.250395,-0.039204,0.095452,0.167768,0.270639,-0.062285,-0.610546,-0.236153,0.416410,-0.040989,0.255330,0.508012,0.191397,-0.034225,-0.401832,-0.090318,0.273415,-0.032918,-0.172427,-0.005737,0.093516,-0.044890,0.043571,-0.101903,-0.373096,-0.042943,0.637495,0.076577,-0.681351,-0.045048,0.092460,0.061302,-0.135317,-0.058792,0.322840
dns2tcp_tunnel_99911_doh2_2020-03-31t10_14_18.056327,0.001535,False,-0.044122,-0.523285,-0.053024,0.060448,-0.048190,0.123397,0.070221,-0.278149,-0.047605,0.226241,0.342773,0.023792,-0.038303,-0.461723,-0.154328,0.250295,-0.039304,0.095352,0.167668,0.270539,-0.062385,-0.610646,-0.236053,0.416510,-0.041089,0.255230,0.508112,0.191497,-0.034325,-0.401932,-0.090218,0.273515,-0.033018,-0.172327,-0.005637,0.093416,-0.044990,0.043671,-0.101803,-0.373196,-0.043043,0.637595,0.076677,-0.681451,-0.045148,0.092360,0.061202,-0.135417,-0.058892,0.322940
dns2tcp_tunnel_99911_doh2_2020-03-31t10_37_00.659688,0.001528,False,-0.044222,-0.523385,-0.052924,0.060548,-0.048290,0.123497,0.070321,-0.278249,-0.047705,0.226141,0.342873,0.023892,-0.038403,-0.461623,-0.154228,0.250195,-0.039404,0.095252,0.167568,0.270439,-0.062485,-0.610746,-0.235953,0.416610,-0.041189,0.255130,0.508212,0.191597,-0.034425,-0.402032,-0.090118,0.273615,-0.033118,-0.172227,-0.005537,0.093316,-0.045090,0.043771,-0.101703,-0.373296,-0.043143,0.637695,0.076777,-0.681551,-0.045248,0.092260,0.061102,-0.135517,-0.058992,0.323040
dns2tcp_tunnel_99911_doh2_2020-03-31t10_59_45.335226,0.001521,False,-0.044322,-0.523485,-0.052824,0.060648,-0.048390,0.123597,0.070421,-0.278349,-0.047805,0.226041,0.342973,0.023992,-0.038503,-0.461523,-0.154128,0.250095,-0.039504,0.095152,0.167468,0.270339,-0.062585,-0.610846,-0.235853,0.416710,-0.041289,0.255030,0.508312,0.191697,-0.034525,-0.402132,-0.090018,0.273715,-0.033218,-0.172127,-0.005437,0.093216,-0.045190,0.043871,-0.101603,-0.373396,-0.043243,0.637795,0.076877,-0.681651,-0.045348,0.092160,0.061002,-0.135617,-0.059092,0.323140
dns2tcp_tunnel_99911_doh2_2020-03-31t11_22_25.279055,0.001514,False,-0.044422,-0.523585,-0.052724,0.060748,-0.048490,0.123697,0.070521,-0.278449,-0.047905,0.225941,0.343073,0.024092,-0.038603,-0.461423,-0.154028,0.249995,-0.039604,0.095052,0.167368,0.270239,-0.062685,-0.610946,-0.235753,0.416810,-0.041389,0.254930,0.508412,0.191797,-0.034625,-0.402232,-0.089918,0.273815,-0.033318,-0.172027,-0.005337,0.093116,-0.045290,0.043971,-0.101503,-0.373496,-0.043343,0.637895,0.076977,-0.681751,-0.045448,0.092060,0.060902,-0.135717,-0.059192,0.323240
dns2tcp_tunnel_99911_doh2_2020-03-31t11_45_05.982239,0.001508,False,-0.044522,-0.523685,-0.052624,0.060848,-0.048590,0.123797,0.070621,-0.278549,-0.048005,0.225841,0.343173,0.024192,-0.038703,-0.461323,-0.153928,0.249895,-0.039704,0.094952,0.167268,0.270139,-0.062785,-0.611046,-0.235653,0.416910,-0.041489,0.254830,0.508512,0.191897,-0.034725,-0.402332,-0.089818,0.273915,-0.033418,-0.171927,-0.005237,0.093016,-0.045390,0.044071,-0.101403,-0.373596,-0.043443,0.637995,0.077077,-0.681851,-0.045548,0.091960,0.060802,-0.135817,-0.059292,0.323340
dns2tcp_tunnel_99911_doh2_2020-03-31t12_07_45.529275,0.001501,False,-0.044622,-0.523785,-0.052524,0.060948,-0.048690,0.123897,0.070721,-0.278649,-0.048105,0.225741,0.343273,0.024292,-0.038803,-0.461223,-0.153828,0.249795,-0.039804,0.094852,0.167168,0.270039,-0.062885,-0.611146,-0.235553,0.417010,-0.041589,0.254730,0.508613,0.191997,-0.034825,-0.402432,-0.089718,0.274015,-0.033518,-0.171827,-0.005137,0.092916,-0.045490,0.044171,-0.101303,-0.373696,-0.043543,0.638095,0.077177,-0.681951,-0.045648,0.091860,0.060702,-0.135917,-0.059392,0.323440
dns2tcp_tunnel_99911_doh2_2020-03-31t12_30_27.415865,0.001495,False,-0.044722,-0.523885,-0.052424,0.061048,-0.048790,0.123997,0.070821,-0.278749,-0.048205,0.225641,0.343373,0.024392,-0.038903,-0.461123,-0.153728,0.249695,-0.039904,0.094752,0.167068,0.269939,-0.062985,-0.611246,-0.235453,0.417110,-0.041689,0.254630,0.508713,0.192097,-0.034925,-0.402532,-0.089618,0.274115,-0.033618,-0.171727,-0.005037,0.092816,-0.045590,0.044271,-0.101203,-0.373796,-0.043643,0.638195,0.077277,-0.682051,-0.045748,0.091760,0.060602,-0.136017,-0.059492,0.323540
dns2tcp_tunnel_99911_doh2_2020-03-31t12_53_08.006489,0.001489,False,-0.044822,-0.523985,-0.052324,0.061148,-0.048890,0.124097,0.070921,-0.278849,-0.048305,0.225541,0.343473,0.024492,-0.039003,-0.461023,-0.153628,0.249595,-0.040004,0.094652,0.166968,0.269839,-0.063085,-0.611346,-0.235353,0.417210,-0.041789,0.254530,0.508813,0.192197,-0.035025,-0.402631,-0.089518,0.274215,-0.033718,-0.171627,-0.004937,0.092716,-0.045690,0.044371,-0.101103,-0.373896,-0.043743,0.638295,0.077377,-0.682151,-0.045848,0.091660,0.060502,-0.136117,-0.059592,0.323640
dns2tcp_tunnel_99911_doh2_2020-03-31t13_15_48.483801,0.001483,False,-0.044922,-0.524085,-0.052224,0.061248,-0.048990,0.124197,0.071021,-0.278949,-0.048405,0.225441,0.343573,0.024592,-0.039103,-0.460923,-0.153528,0.249495,-0.040104,0.094552,0.166868,0.269739,-0.063185,-0.611446,-0.235253,0.417310,-0.041889,0.254430,0.508913,0.192297,-0.035125,-0.402731,-0.089418,0.274315,-0.033818,-0.171527,-0.004837,0.092616,-0.045790,0.044471,-0.101003,-0.373996,-0.043843,0.638395,0.077477,-0.682251,-0.045948,0.091560,0.060402,-0.136217,-0.059692,0.323740
dns2tcp_tunnel_99911_doh2_2020-03-31t13_38_27.024617,0.001477,False,-0.045022,-0.524185,-0.052124,0.061348,-0.049090,0.124297,0.071121,-0.279049,-0.048505,0.225341,0.343673,0.024692,-0.039203,-0.460823,-0.153428,0.249395,-0.040204,0.094452,0.166768,0.269639,-0.063285,-0.611546,-0.235153,0.417410,-0.041989,0.254330,0.509013,0.192397,-0.035225,-0.402831,-0.089318,0.274415,-0.033918,-0.171427,-0.004737,0.092516,-0.045890,0.044571,-0.100903,-0.374096,-0.043943,0.638495,0.077577,-0.682351,-0.046048,0.091460,0.060302,-0.136317,-0.059792,0.323840
dns2tcp_tunnel_99911_doh2_2020-03-31t14_01_05.454686,0.001471,False,-0.045122,-0.524285,-0.052024,0.061448,-0.049190,0.124397,0.071221,-0.279149,-0.048605,0.225241,0.343773,0.024792,-0.039303,-0.460723,-0.153328,0.249295,-0.040304,0.094352,0.166668,0.269539,-0.063385,-0.611646,-0.235053,0.417510,-0.042089,0.254230,0.509113,0.192497,-0.035325,-0.402931,-0.089218,0.274514,-0.034018,-0.171327,-0.004637,0.092416,-0.045990,0.044671,-0.100803,-0.374196,-0.044043,0.638595,0.077677,-0.682451,-0.046148,0.091360,0.060202,-0.136417,-0.059892,0.323940
dns2tcp_tunnel_99911_doh2_2020-03-31t14_23_44.715585,0.001465,False,-0.045222,-0.524385,-0.051924,0.061548,-0.049290,0.124497,0.071321,-0.279249,-0.048705,0.225141,0.343873,0.024892,-0.039403,-0.460623,-0.153228,0.249195,-0.040404,0.094252,0.166568,0.269439,-0.063485,-0.611746,-0.234953,0.417610,-0.042189,0.254130,0.509213,0.192597,-0.035425,-0.403031,-0.089118,0.274614,-0.034118,-0.171227,-0.004537,0.092316,-0.046090,0.044771,-0.100703,-0.374296,-0.044143,0.638695,0.077777,-0.682551,-0.046248,0.091260,0.060102,-0.136517,-0.059992,0.324040
dns2tcp_tunnel_99911_doh2_2020-03-31t14_46_21.794299,0.001459,False,-0.045322,-0.524485,-0.051824,0.061648,-0.049390,0.124597,0.071421,-0.279349,-0.048805,0.225041,0.343973,0.024992,-0.039503,-0.460523,-0.153128,0.249095,-0.040504,0.094152,0.166468,0.269339,-0.063585,-0.611846,-0.234853,0.417710,-0.042289,0.254030,0.509313,0.192697,-0.035525,-0.403131,-0.089018,0.274714,-0.034218,-0.171127,-0.004437,0.092216,-0.046190,0.044871,-0.100603,-0.374396,-0.044243,0.638795,0.077877,-0.682651,-0.046348,0.091160,0.060002,-0.136617,-0.060092,0.324140
dns2tcp_tunnel_99911_doh2_2020-03-31t15_08_59.582212,0.001454,False,-0.045422,-0.524585,-0.051724,0.061748,-0.049490,0.124697,0.071521,-0.279449,-0.048905,0.224941,0.344073,0.025092,-0.039603,-0.460423,-0.153028,0.248995,-0.040604,0.094052,0.166368,0.269239,-0.063685,-0.611946,-0.234753,0.417810,-0.042389,0.253930,0.509413,0.192797,-0.035625,-0.403231,-0.088918,0.274814,-0.034318,-0.171027,-0.004337,0.092116,-0.046290,0.044971,-0.100503,-0.374496,-0.044343,0.638895,0.077977,-0.682751,-0.046448,0.091060,0.059902,-0.136717,-0.060192,0.324240
dns2tcp_tunnel_99911_doh2_2020-03-31t15_31_39.183038,0.001448,False,-0.045522,-0.524685,-0.051624,0.061848,-0.049590,0.124797,0.071621,-0.279549,-0.049005,0.224841,0.344173,0.025192,-0.039703,-0.460323,-0.152928,0.248895,-0.040704,0.093952,0.166268,0.269139,-0.063785,-0.612046,-0.234653,0.417910,-0.042489,0.253830,0.509513,0.192897,-0.035725,-0.403331,-0.088818,0.274914,-0.034418,-0.170927,-0.004237,0.092016,-0.046390,0.045071,-0.100403,-0.374596,-0.044443,0.638995,0.078077,-0.682851,-0.046548,0.090960,0.059802,-0.136817,-0.060292,0.324340
dns2tcp_tunnel_99911_doh2_2020-03-31t15_54_11.949910,0.001443,False,-0.045622,-0.524785,-0.051524,0.061948,-0.049690,0.124897,0.071721,-0.279649,-0.049105,0.224741,0.344273,0.025292,-0.039803,-0.460223,-0.152828,0.248795,-0.040804,0.093852,0.166168,0.269039,-0.063885,-0.612146,-0.234553,0.418010,-0.042589,0.253730,0.509613,0.192997,-0.035825,-0.403431,-0.088718,0.275014,-0.034518,-0.170827,-0.004137,0.091916,-0.046490,0.045171,-0.100303,-0.374696,-0.044543,0.639095,0.078177,-0.682951,-0.046648,0.090860,0.059702,-0.136917,-0.060392,0.324440
dns2tcp_tunnel_99911_doh2_2020-03-31t16_16_46.753944,0.001438,False,-0.045722,-0.524885,-0.051424,0.062048,-0.049790,0.124997,0.071821,-0.279749,-0.049205,0.224641,0.344373,0.025392,-0.039903,-0.460123,-0.152728,0.248695,-0.040904,0.093752,0.166068,0.268939,-0.063985,-0.612246,-0.234453,0.418110,-0.042689,0.253630,0.509713,0.193097,-0.035925,-0.403531,-0.088618,0.275114,-0.034618,-0.170727,-0.004037,0.091816,-0.046590,0.045271,-0.100203,-0.374796,-0.044643,0.639195,0.078277,-0.683051,-0.046748,0.090760,0.059602,-0.137017,-0.060492,0.324540
dns2tcp_tunnel_99911_doh2_2020-03-31t16_39_18.292354,0.001432,False,-0.045822,-0.524985,-0.051324,0.062148,-0.049890,0.125097,0.071921,-0.279849,-0.049305,0.224541,0.344473,0.025492,-0.040003,-0.460023,-0.152628,0.248595,-0.041004,0.093652,0.165968,0.268839,-0.064085,-0.612346,-0.234353,0.418210,-0.042789,0.253530,0.509813,0.193197,-0.036025,-0.403631,-0.088518,0.275214,-0.034718,-0.170627,-0.003937,0.091716,-0.046690,0.045371,-0.100103,-0.374896,-0.044743,0.639295,0.078377,-0.683151,-0.046848,0.090660,0.059502,-0.137117,-0.060592,0.324640
dns2tcp_tunnel_99911_doh2_2020-03-31t17_01_52.712055,0.001427,False,-0.045922,-0.525085,-0.051224,0.062248,-0.049990,0.125197,0.072021,-0.279949,-0.049405,0.224441,0.344573,0.025592,-0.040103,-0.459923,-0.152528,0.248495,-0.041104,0.093552,0.165868,0.268739,-0.064185,-0.612446,-0.234253,0.418310,-0.042889,0.253430,0.509913,0.193297,-0.036125,-0.403731,-0.088418,0.275314,-0.034818,-0.170527,-0.003837,0.091616,-0.046790,0.045471,-0.100003,-0.374996,-0.044843,0.639395,0.078477,-0.683251,-0.046948,0.090560,0.059402,-0.137217,-0.060692,0.324740
dns2tcp_tunnel_99911_doh2_2020-03-31t17_24_24.894044,0.001422,False,-0.046022,-0.525185,-0.051124,0.062348,-0.050090,0.125297,0.072121,-0.280049,-0.049505,0.224341,0.344673,0.025692,-0.040203,-0.459823,-0.152428,0.248395,-0.041204,0.093452,0.165768,0.268639,-0.064285,-0.612546,-0.234153,0.418410,-0.042989,0.253330,0.510013,0.193397,-0.036225,-0.403831,-0.088318,0.275414,-0.034918,-0.170427,-0.003737,0.091516,-0.046890,0.045571,-0.099903,-0.375096,-0.044943,0.639495,0.078577,-0.683351,-0.047048,0.090460,0.059302,-0.137317,-0.060792,0.324840
dns2tcp_tunnel_99911_doh2_2020-03-31t17_46_58.286049,0.001417,False,-0.046122,-0.525285,-0.051024,0.062448,-0.050190,0.125397,0.072221,-0.280149,-0.049605,0.224241,0.344773,0.025792,-0.040303,-0.459723,-0.152328,0.248295,-0.041304,0.093352,0.165668,0.268539,-0.064385,-0.612646,-0.234053,0.418510,-0.043089,0.253230,0.510113,0.193497,-0.036325,-0.403931,-0.088218,0.275514,-0.035018,-0.170327,-0.003637,0.091416,-0.046990,0.045671,-0.099803,-0.375196,-0.045043,0.639595,0.078677,-0.683451,-0.047148,0.090360,0.059202,-0.137417,-0.060892,0.324940
dns2tcp_tunnel_99911_doh2_2020-03-31t18_09_29.024947,0.001412,False,-0.046222,-0.525385,-0.050924,0.062548,-0.050290,0.125497,0.072321,-0.280249,-0.049705,0.224141,0.344873,0.025892,-0.040403,-0.459623,-0.152228,0.248195,-0.041404,0.093252,0.165568,0.268439,-0.064485,-0.612746,-0.233953,0.418610,-0.043189,0.253130,0.510213,0.193597,-0.036425,-0.404031,-0.088118,0.275614,-0.035118,-0.170227,-0.003537,0.091316,-0.047090,0.045771,-0.099703,-0.375295,-0.045143,0.639695,0.078777,-0.683551,-0.047248,0.090260,0.059102,-0.137517,-0.060992,0.325040
dns2tcp_tunnel_99911_doh2_2020-03-31t18_32_00.407641,0.001408,False,-0.046322,-0.525485,-0.050824,0.062648,-0.050390,0.125597,0.072421,-0.280349,-0.049805,0.224041,0.344973,0.025992,-0.040503,-0.459523,-0.152128,0.248095,-0.041504,0.093152,0.165468,0.268339,-0.064585,-0.612846,-0.233853,0.418710,-0.043289,0.253030,0.510313,0.193697,-0.036525,-0.404131,-0.088018,0.275714,-0.035218,-0.170127,-0.003437,0.091216,-0.047190,0.045871,-0.099603,-0.375395,-0.045243,0.639795,0.078877,-0.683651,-0.047348,0.090160,0.059002,-0.137617,-0.061092,0.325140
dns2tcp_tunnel_99911_doh2_2020-03-31t18_54_31.906255,0.001403,False,-0.046422,-0.525585,-0.050724,0.062748,-0.050490,0.125697,0.072521,-0.280449,-0.049905,0.223941,0.345073,0.026092,-0.040603,-0.459423,-0.152028,0.247995,-0.041604,0.093052,0.165368,0.268239,-0.064685,-0.612946,-0.233753,0.418810,-0.043389,0.252930,0.510413,0.193797,-0.036625,-0.404231,-0.087918,0.275814,-0.035318,-0.170027,-0.003337,0.091116,-0.047290,0.045971,-0.099503,-0.375495,-0.045343,0.639895,0.078977,-0.683751,-0.047448,0.090060,0.058902,-0.137717,-0.061192,0.325240
dns2tcp_tunnel_99911_doh2_2020-03-31t19_17_00.644514,0.001399,False,-0.046522,-0.525685,-0.050624,0.062848,-0.050590,0.125797,0.072621,-0.280549,-0.050005,0.223841,0.345173,0.026192,-0.040703,-0.459323,-0.151928,0.247895,-0.041704,0.092952,0.165268,0.268139,-0.064785,-0.613046,-0.233653,0.418910,-0.043489,0.252830,0.510513,0.193897,-0.036725,-0.404331,-0.087818,0.275914,-0.035418,-0.169927,-0.003237,0.091016,-0.047390,0.046071,-0.099403,-0.375595,-0.045443,0.639995,0.079077,-0.683851,-0.047548,0.089960,0.058802,-0.137817,-0.061292,0.325340
dns2tcp_tunnel_99911_doh2_2020-03-31t19_39_29.996145,0.001394,False,-0.046622,-0.525785,-0.050524,0.062948,-0.050690,0.125897,0.072721,-0.280649,-0.050105,0.223741,0.345273,0.026292,-0.040803,-0.459223,-0.151828,0.247795,-0.041804,0.092852,0.165168,0.268039,-0.064885,-0.613146,-0.233553,0.419010,-0.043589,0.252730,0.510613,0.193997,-0.036825,-0.404431,-0.087718,0.276014,-0.035518,-0.169827,-0.003137,0.090916,-0.047490,0.046171,-0.099303,-0.375695,-0.045543,0.640095,0.079177,-0.683951,-0.047648,0.089860,0.058702,-0.137917,-0.061392,0.325440
dns2tcp_tunnel_99911_doh2_2020-03-31t20_01_58.705233,0.001390,False,-0.046722,-0.525885,-0.050424,0.063048,-0.050790,0.125997,0.072821,-0.280749,-0.050205,0.223641,0.345373,0.026392,-0.040903,-0.459123,-0.151728,0.247695,-0.041904,0.092752,0.165068,0.267939,-0.064985,-0.613246,-0.233453,0.419110,-0.043689,0.252630,0.510713,0.194097,-0.036925,-0.404531,-0.087618,0.276114,-0.035618,-0.169727,-0.003037,0.090816,-0.047590,0.046271,-0.099203,-0.375795,-0.045643,0.640195,0.079277,-0.684051,-0.047748,0.089760,0.058602,-0.138017,-0.061492,0.325540
dns2tcp_tunnel_99911_doh2_2020-03-31t20_24_27.514597,0.001385,False,-0.046822,-0.525985,-0.050324,0.063148,-0.050890,0.126097,0.072921,-0.280849,-0.050305,0.223541,0.345473,0.026492,-0.041003,-0.459023,-0.151628,0.247595,-0.042004,0.092652,0.164968,0.267839,-0.065085,-0.613346,-0.233353,0.419210,-0.043789,0.252530,0.510813,0.194197,-0.037025,-0.404631,-0.087518,0.276214,-0.035718,-0.169627,-0.002937,0.090716,-0.047690,0.046371,-0.099103,-0.375895,-0.045743,0.640295,0.079377,-0.684151,-0.047848,0.089660,0.058502,-0.138117,-0.061592,0.325640
dns2tcp_tunnel_99911_doh2_2020-03-31t20_46_56.322517,0.001381,False,-0.046922,-0.526085,-0.050224,0.063248,-0.050990,0.126197,0.073021,-0.280948,-0.050405,0.223441,0.345573,0.026592,-0.041103,-0.458923,-0.151528,0.247495,-0.042104,0.092552,0.164868,0.267739,-0.065185,-0.613446,-0.233253,0.419310,-0.043889,0.252430,0.510913,0.194297,-0.037125,-0.404731,-0.087418,0.276314,-0.035818,-0.169527,-0.002837,0.090616,-0.047790,0.046471,-0.099003,-0.375995,-0.045843,0.640395,0.079477,-0.684251,-0.047948,0.089560,0.058402,-0.138217,-0.061692,0.325740
dns2tcp_tunnel_99911_doh2_2020-03-31t21_09_25.688476,0.001377,False,-0.047022,-0.526185,-0.050124,0.063348,-0.051090,0.126297,0.073121,-0.281048,-0.050505,0.223341,0.345673,0.026692,-0.041203,-0.458823,-0.151428,0.247395,-0.042204,0.092452,0.164768,0.267639,-0.065285,-0.613546,-0.233153,0.419410,-0.043989,0.252330,0.511013,0.194397,-0.037225,-0.404831,-0.087318,0.276414,-0.035918,-0.169427,-0.002737,0.090516,-0.047890,0.046571,-0.098903,-0.376095,-0.045943,0.640495,0.079577,-0.684352,-0.048048,0.089460,0.058302,-0.138317,-0.061792,0.325840
dns2tcp_tunnel_99911_doh2_2020-03-31t21_31_54.357919,0.001372,False,-0.047122,-0.526285,-0.050024,0.063448,-0.051190,0.126397,0.073221,-0.281148,-0.050605,0.223241,0.345773,0.026792,-0.041303,-0.458723,-0.151328,0.247295,-0.042304,0.092352,0.164668,0.267539,-0.065385,-0.613646,-0.233053,0.419510,-0.044089,0.252230,0.511113,0.194497,-0.037325,-0.404931,-0.087218,0.276514,-0.036018,-0.169327,-0.002637,0.090416,-0.047990,0.046671,-0.098803,-0.376195,-0.046043,0.640595,0.079677,-0.684452,-0.048148,0.089360,0.058202,-0.138417,-0.061892,0.325940
dns2tcp_tunnel_99911_doh3_2020-03-30t20_38_12.306120,0.001368,False,-0.047222,-0.526385,-0.049924,0.063548,-0.051290,0.126497,0.073321,-0.281248,-0.050705,0.223141,0.345873,0.026892,-0.041403,-0.458623,-0.151228,0.247195,-0.042404,0.092252,0.164568,0.267439,-0.065485,-0.613746,-0.232953,0.419610,-0.044189,0.252130,0.511213,0.194597,-0.037425,-0.405031,-0.087118,0.276614,-0.036118,-0.169227,-0.002537,0.090316,-0.048090,0.046771,-0.098703,-0.376295,-0.046143,0.640695,0.079777,-0.684552,-0.048248,0.089260,0.058102,-0.138517,-0.061992,0.326040
dns2tcp_tunnel_99911_doh3_2020-03-30t21_01_51.417506,0.001364,False,-0.047322,-0.526485,-0.049824,0.063648,-0.051390,0.126597,0.073421,-0.281348,-0.050805,0.223041,0.345973,0.026992,-0.041504,-0.458523,-0.151128,0.247095,-0.042504,0.092152,0.164468,0.267339,-0.065585,-0.613846,-0.232853,0.419710,-0.044289,0.252030,0.511313,0.194697,-0.037525,-0.405131,-0.087018,0.276714,-0.036218,-0.169127,-0.002437,0.090216,-0.048190,0.046871,-0.098603,-0.376395,-0.046243,0.640795,0.079877,-0.684652,-0.048348,0.089160,0.058002,-0.138617,-0.062092,0.326140
dns2tcp_tunnel_99911_doh3_2020-03-30t21_47_36.388255,0.001361,False,-0.047422,-0.526585,-0.049724,0.063748,-0.051490,0.126697,0.073521,-0.281448,-0.050905,0.222941,0.346073,0.027092,-0.041604,-0.458423,-0.151028,0.246995,-0.042604,0.092052,0.164368,0.267239,-0.065685,-0.613946,-0.232753,0.419810,-0.044389,0.251930,0.511413,0.194797,-0.037625,-0.405231,-0.086918,0.276814,-0.036318,-0.169027,-0.002337,0.090116,-0.048290,0.046971,-0.098503,-0.376495,-0.046343,0.640895,0.079977,-0.684752,-0.048448,0.089060,0.057902,-0.138717,-0.062192,0.326240
dns2tcp_tunnel_99911_doh3_2020-03-30t22_10_16.086144,0.001357,False,-0.047522,-0.526685,-0.049624,0.063848,-0.051590,0.126797,0.073621,-0.281548,-0.051005,0.222841,0.346173,0.027192,-0.041704,-0.458323,-0.150928,0.246895,-0.042704,0.091952,0.164268,0.267139,-0.065785,-0.614046,-0.232653,0.419910,-0.044489,0.251830,0.511513,0.194897,-0.037725,-0.405331,-0.086818,0.276914,-0.036418,-0.168927,-0.002237,0.090016,-0.048390,0.047071,-0.098403,-0.376595,-0.046443,0.640995,0.080077,-0.684852,-0.048548,0.088960,0.057802,-0.138817,-0.062292,0.326340
dns2tcp_tunnel_99911_doh3_2020-03-30t22_32_54.200887,0.001353,False,-0.047622,-0.526785,-0.049524,0.063948,-0.051690,0.126897,0.073721,-0.281648,-0.051105,0.222741,0.346273,0.027292,-0.041804,-0.458223,-0.150828,0.246795,-0.042804,0.091852,0.164168,0.267039,-0.065885,-0.614146,-0.232553,0.420010,-0.044589,0.251730,0.511613,0.194997,-0.037825,-0.405431,-0.086718,0.277014,-0.036518,-0.168827,-0.002137,0.089916,-0.048490,0.047171,-0.098303,-0.376695,-0.046543,0.641095,0.080177,-0.684952,-0.048648,0.088860,0.057702,-0.138917,-0.062392,0.326440
dns2tcp_tunnel_99911_doh3_2020-03-30t22_55_31.341299,0.001349,False,-0.047722,-0.526885,-0.049424,0.064048,-0.051790,0.126997,0.073821,-0.281748,-0.051205,0.222641,0.346373,0.027392,-0.041904,-0.458123,-0.150728,0.246695,-0.042904,0.091752,0.164068,0.266939,-0.065985,-0.614246,-0.232453,0.420110,-0.044689,0.251630,0.511713,0.195097,-0.037925,-0.405531,-0.086618,0.277114,-0.036618,-0.168727,-0.002037,0.089816,-0.048590,0.047271,-0.098203,-0.376795,-0.046643,0.641195,0.080277,-0.685052,-0.048748,0.088760,0.057602,-0.139017,-0.062492,0.326540
dns2tcp_tunnel_99911_doh3_2020-03-30t23_18_04.676955,0.001345,False,-0.047822,-0.526985,-0.049324,0.064148,-0.051890,0.127097,0.073921,-0.281848,-0.051305,0.222541,0.346473,0.027492,-0.042004,-0.458023,-0.150628,0.246595,-0.043004,0.091652,0.163968,0.266839,-0.066085,-0.614346,-0.232353,0.420210,-0.044789,0.251530,0.511813,0.195197,-0.038025,-0.405631,-0.086518,0.277214,-0.036718,-0.168627,-0.001937,0.089716,-0.048690,0.047371,-0.098103,-0.376895,-0.046743,0.641295,0.080377,-0.685152,-0.048848,0.088660,0.057502,-0.139117,-0.062592,0.326640
dns2tcp_tunnel_99911_doh3_2020-03-30t23_40_37.011026,0.001342,False,-0.047922,-0.527085,-0.049224,0.064248,-0.051990,0.127197,0.074021,-0.281948,-0.051405,0.222441,0.346573,0.027592,-0.042104,-0.457923,-0.150528,0.246495,-0.043104,0.091552,0.163868,0.266739,-0.066185,-0.614446,-0.232253,0.420310,-0.044889,0.251430,0.511913,0.195297,-0.038125,-0.405731,-0.086418,0.277314,-0.036818,-0.168527,-0.001837,0.089616,-0.048790,0.047471,-0.098003,-0.376995,-0.046843,0.641395,0.080477,-0.685252,-0.048948,0.088560,0.057402,-0.139217,-0.062692,0.326740
dns2tcp_tunnel_99911_doh3_2020-03-31t00_03_13.918512,0.001338,False,-0.048022,-0.527185,-0.049124,0.064348,-0.052090,0.127297,0.074121,-0.282048,-0.051505,0.222341,0.346673,0.027692,-0.042204,-0.457823,-0.150428,0.246395,-0.043204,0.091452,0.163768,0.266639,-0.066285,-0.614546,-0.232153,0.420410,-0.044989,0.251330,0.512013,0.195397,-0.038225,-0.405831,-0.086318,0.277414,-0.036918,-0.168427,-0.001737,0.089516,-0.048890,0.047571,-0.097903,-0.377095,-0.046943,0.641495,0.080577,-0.685352,-0.049048,0.088460,0.057302,-0.139317,-0.062792,0.326840
dns2tcp_tunnel_99911_doh3_2020-03-31t00_25_48.003949,0.001335,False,-0.048122,-0.527285,-0.049024,0.064448,-0.052190,0.127397,0.074221,-0.282148,-0.051605,0.222241,0.346773,0.027792,-0.042304,-0.457723,-0.150328,0.246295,-0.043304,0.091352,0.163668,0.266539,-0.066385,-0.614646,-0.232053,0.420510,-0.045089,0.251230,0.512113,0.195497,-0.038325,-0.405931,-0.086218,0.277514,-0.037018,-0.168327,-0.001637,0.089416,-0.048990,0.047671,-0.097803,-0.377195,-0.047043,0.641595,0.080677,-0.685452,-0.049148,0.088360,0.057202,-0.139417,-0.062892,0.326940
dns2tcp_tunnel_99911_doh3_2020-03-31t00_48_25.618110,0.001331,False,-0.048222,-0.527385,-0.048924,0.064548,-0.052290,0.127497,0.074321,-0.282248,-0.051705,0.222141,0.346873,0.027892,-0.042404,-0.457623,-0.150228,0.246195,-0.043404,0.091252,0.163568,0.266439,-0.066485,-0.614747,-0.231953,0.420610,-0.045189,0.251130,0.512213,0.195597,-0.038425,-0.406031,-0.086118,0.277614,-0.037118,-0.168227,-0.001537,0.089316,-0.049090,0.047771,-0.097703,-0.377295,-0.047143,0.641695,0.080777,-0.685552,-0.049248,0.088260,0.057102,-0.139517,-0.062992,0.327040
dns2tcp_tunnel_99911_doh3_2020-03-31t01_11_04.741734,0.001328,False,-0.048322,-0.527485,-0.048824,0.064648,-0.052390,0.127597,0.074421,-0.282348,-0.051805,0.222041,0.346973,0.027992,-0.042504,-0.457523,-0.150128,0.246095,-0.043504,0.091152,0.163468,0.266339,-0.066585,-0.614847,-0.231853,0.420710,-0.045289,0.251030,0.512313,0.195697,-0.038525,-0.406131,-0.086018,0.277714,-0.037218,-0.168127,-0.001437,0.089216,-0.049190,0.047871,-0.097603,-0.377395,-0.047243,0.641795,0.080877,-0.685652,-0.049348,0.088160,0.057002,-0.139617,-0.063092,0.327140
dns2tcp_tunnel_99911_doh3_2020-03-31t01_33_44.058906,0.001325,False,-0.048422,-0.527586,-0.048724,0.064748,-0.052490,0.127697,0.074521,-0.282448,-0.051905,0.221941,0.347073,0.028092,-0.042604,-0.457423,-0.150028,0.245995,-0.043604,0.091052,0.163368,0.266239,-0.066685,-0.614947,-0.231753,0.420810,-0.045389,0.250930,0.512413,0.195797,-0.038625,-0.406231,-0.085918,0.277814,-0.037318,-0.168027,-0.001337,0.089116,-0.049290,0.047971,-0.097503,-0.377495,-0.047343,0.641895,0.080977,-0.685752,-0.049448,0.088060,0.056902,-0.139717,-0.063192,0.327240
dns2tcp_tunnel_99911_doh3_2020-03-31t01_56_22.782637,0.001321,False,-0.048522,-0.527686,-0.048624,0.064848,-0.052590,0.127797,0.074621,-0.282548,-0.052005,0.221841,0.347173,0.028192,-0.042704,-0.457323,-0.149928,0.245895,-0.043704,0.090952,0.163268,0.266139,-0.066785,-0.615047,-0.231653,0.420909,-0.045489,0.250830,0.512513,0.195897,-0.038725,-0.406331,-0.085818,0.277914,-0.037418,-0.167927,-0.001237,0.089016,-0.049390,0.048071,-0.097403,-0.377595,-0.047443,0.641995,0.081077,-0.685852,-0.049548,0.087960,0.056802,-0.139817,-0.063292,0.327340
dns2tcp_tunnel_99911_doh3_2020-03-31t02_19_02.253995,0.001318,False,-0.048622,-0.527786,-0.048524,0.064948,-0.052690,0.127897,0.074721,-0.282648,-0.052105,0.221741,0.347273,0.028292,-0.042804,-0.457223,-0.149828,0.245795,-0.043804,0.090852,0.163168,0.266039,-0.066885,-0.615147,-0.231553,0.421009,-0.045589,0.250730,0.512613,0.195997,-0.038825,-0.406431,-0.085718,0.278014,-0.037518,-0.167827,-0.001137,0.088916,-0.049490,0.048171,-0.097303,-0.377695,-0.047543,0.642096,0.081177,-0.685952,-0.049648,0.087860,0.056702,-0.139917,-0.063392,0.327440
dns2tcp_tunnel_99911_doh3_2020-03-31t02_41_41.959065,0.001315,False,-0.048722,-0.527886,-0.048424,0.065048,-0.052790,0.127997,0.074821,-0.282748,-0.052205,0.221641,0.347373,0.028392,-0.042904,-0.457123,-0.149728,0.245695,-0.043904,0.090752,0.163068,0.265939,-0.066985,-0.615247,-0.231453,0.421109,-0.045689,0.250630,0.512713,0.196097,-0.038925,-0.406531,-0.085618,0.278114,-0.037618,-0.167727,-0.001037,0.088816,-0.049590,0.048271,-0.097203,-0.377795,-0.047643,0.642196,0.081277,-0.686052,-0.049748,0.087760,0.056602,-0.140017,-0.063492,0.327540
dns2tcp_tunnel_99911_doh3_2020-03-31t03_04_16.009085,0.001312,False,-0.048822,-0.527986,-0.048324,0.065148,-0.052890,0.128097,0.074921,-0.282848,-0.052305,0.221541,0.347473,0.028492,-0.043004,-0.457023,-0.149628,0.245595,-0.044004,0.090652,0.162968,0.265839,-0.067085,-0.615347,-0.231353,0.421209,-0.045789,0.250530,0.512813,0.196197,-0.039025,-0.406631,-0.085518,0.278214,-0.037718,-0.167627,-0.000937,0.088716,-0.049690,0.048371,-0.097103,-0.377895,-0.047743,0.642296,0.081377,-0.686152,-0.049848,0.087660,0.056502,-0.140117,-0.063592,0.327640
dns2tcp_tunnel_99911_doh3_2020-03-31t03_26_50.532416,0.001309,False,-0.048922,-0.528086,-0.048224,0.065248,-0.052990,0.128197,0.075021,-0.282948,-0.052405,0.221441,0.347573,0.028592,-0.043104,-0.456923,-0.149528,0.245495,-0.044104,0.090552,0.162868,0.265739,-0.067185,-0.615447,-0.231253,0.421309,-0.045889,0.250430,0.512913,0.196297,-0.039125,-0.406731,-0.085418,0.278314,-0.037818,-0.167527,-0.000837,0.088616,-0.049790,0.048471,-0.097003,-0.377995,-0.047843,0.642396,0.081477,-0.686252,-0.049948,0.087560,0.056402,-0.140217,-0.063692,0.327740
dns2tcp_tunnel_99911_doh3_2020-03-31t03_49_25.121543,0.001306,False,-0.049022,-0.528186,-0.048124,0.065348,-0.053090,0.128297,0.075121,-0.283048,-0.052505,0.221341,0.347673,0.028692,-0.043204,-0.456823,-0.149428,0.245395,-0.044204,0.090452,0.162768,0.265639,-0.067285,-0.615547,-0.231153,0.421409,-0.045989,0.250330,0.513013,0.196397,-0.039225,-0.406831,-0.085318,0.278414,-0.037918,-0.167427,-0.000737,0.088516,-0.049890,0.048571,-0.096903,-0.378095,-0.047943,0.642496,0.081577,-0.686352,-0.050048,0.087460,0.056302,-0.140317,-0.063792,0.327839
dns2tcp_tunnel_99911_doh3_2020-03-31t04_11_58.472065,0.001303,False,-0.049122,-0.528286,-0.048024,0.065448,-0.053190,0.128397,0.075221,-0.283148,-0.052605,0.221241,0.347773,0.028792,-0.043304,-0.456723,-0.149328,0.245295,-0.044304,0.090352,0.162668,0.265539,-0.067385,-0.615647,-0.231053,0.421509,-0.046089,0.250230,0.513113,0.196497,-0.039325,-0.406931,-0.085218,0.278514,-0.038018,-0.167327,-0.000637,0.088416,-0.049990,0.048671,-0.096803,-0.378195,-0.048043,0.642596,0.081677,-0.686452,-0.050148,0.087360,0.056202,-0.140417,-0.063892,0.327939
dns2tcp_tunnel_99911_doh3_2020-03-31t04_34_32.711213,0.001300,False,-0.049222,-0.528386,-0.047924,0.065548,-0.053290,0.128497,0.075321,-0.283248,-0.052705,0.221141,0.347873,0.028892,-0.043404,-0.456623,-0.149228,0.245195,-0.044404,0.090252,0.162568,0.265439,-0.067485,-0.615747,-0.230953,0.421609,-0.046189,0.250130,0.513213,0.196597,-0.039425,-0.407031,-0.085118,0.278614,-0.038118,-0.167227,-0.000537,0.088316,-0.050090,0.048771,-0.096703,-0.378295,-0.048143,0.642696,0.081777,-0.686552,-0.050248,0.087260,0.056102,-0.140517,-0.063992,0.328039
dns2tcp_tunnel_99911_doh3_2020-03-31t04_57_09.485889,0.001297,False,-0.049322,-0.528486,-0.047824,0.065648,-0.053390,0.128597,0.075421,-0.283348,-0.052805,0.221041,0.347973,0.028992,-0.043504,-0.456523,-0.149128,0.245095,-0.044504,0.090152,0.162468,0.265339,-0.067585,-0.615847,-0.230853,0.421709,-0.046289,0.250030,0.513313,0.196697,-0.039525,-0.407131,-0.085018,0.278714,-0.038218,-0.167127,-0.000437,0.088216,-0.050190,0.048871,-0.096603,-0.378395,-0.048243,0.642796,0.081877,-0.686652,-0.050348,0.087160,0.056002,-0.140617,-0.064092,0.328139
dns2tcp_tunnel_99911_doh3_2020-03-31t05_19_47.686204,0.001294,False,-0.049422,-0.528586,-0.047724,0.065748,-0.053490,0.128697,0.075521,-0.283448,-0.052905,0.220941,0.348073,0.029092,-0.043604,-0.456423,-0.149028,0.244995,-0.044604,0.090052,0.162368,0.265239,-0.067685,-0.615947,-0.230753,0.421809,-0.046389,0.249930,0.513413,0.196797,-0.039625,-0.407231,-0.084918,0.278814,-0.038318,-0.167027,-0.000337,0.088116,-0.050290,0.048971,-0.096503,-0.378495,-0.048343,0.642896,0.081977,-0.686752,-0.050448,0.087060,0.055902,-0.140717,-0.064192,0.328239
dns2tcp_tunnel_99911_doh3_2020-03-31t05_42_25.052171,0.001291,False,-0.049522,-0.528686,-0.047624,0.065848,-0.053590,0.128797,0.075621,-0.283548,-0.053005,0.220841,0.348173,0.029192,-0.043704,-0.456323,-0.148928,0.244895,-0.044704,0.089952,0.162268,0.265139,-0.067785,-0.616047,-0.230653,0.421909,-0.046489,0.249830,0.513513,0.196897,-0.039725,-0.407331,-0.084818,0.278914,-0.038418,-0.166927,-0.000237,0.088016,-0.050390,0.049071,-0.096403,-0.378595,-0.048443,0.642996,0.082077,-0.686852,-0.050548,0.086960,0.055802,-0.140817,-0.064292,0.328339
dns2tcp_tunnel_99911_doh3_2020-03-31t06_05_04.211640,0.001288,False,-0.049622,-0.528786,-0.047524,0.065948,-0.053690,0.128897,0.075721,-0.283648,-0.053105,0.220741,0.348273,0.029292,-0.043804,-0.456223,-0.148828,0.244795,-0.044804,0.089852,0.162168,0.265039,-0.067885,-0.616147,-0.230553,0.422009,-0.046589,0.249730,0.513613,0.196997,-0.039825,-0.407431,-0.084718,0.279014,-0.038518,-0.166827,-0.000137,0.087916,-0.050490,0.049171,-0.096303,-0.378695,-0.048543,0.643096,0.082177,-0.686952,-0.050648,0.086860,0.055702,-0.140917,-0.064392,0.328439
dns2tcp_tunnel_99911_doh3_2020-03-31t06_27_47.710088,0.001286,False,-0.049722,-0.528886,-0.047424,0.066048,-0.053790,0.128997,0.075821,-0.283748,-0.053205,0.220641,0.348373,0.029392,-0.043904,-0.456123,-0.148728,0.244695,-0.044904,0.089752,0.162068,0.264939,-0.067985,-0.616247,-0.230453,0.422109,-0.046689,0.249630,0.513713,0.197097,-0.039925,-0.407531,-0.084618,0.279114,-0.038618,-0.166727,-0.000037,0.087816,-0.050590,0.049271,-0.096203,-0.378795,-0.048643,0.643196,0.082277,-0.687052,-0.050748,0.086760,0.055602,-0.141017,-0.064492,0.328539
dns2tcp_tunnel_99911_doh3_2020-03-31t06_50_26.720660,0.001283,False,-0.049822,-0.528986,-0.047324,0.066148,-0.053890,0.129097,0.075921,-0.283848,-0.053305,0.220541,0.348473,0.029492,-0.044004,-0.456023,-0.148628,0.244595,-0.045004,0.089652,0.161968,0.264839,-0.068085,-0.616347,-0.230353,0.422209,-0.046789,0.249530,0.513813,0.197197,-0.040025,-0.407631,-0.084518,0.279214,-0.038718,-0.166627,0.000063,0.087716,-0.050690,0.049371,-0.096103,-0.378895,-0.048743,0.643296,0.082377,-0.687152,-0.050848,0.086660,0.055502,-0.141117,-0.064592,0.328639
dns2tcp_tunnel_99911_doh3_2020-03-31t07_13_05.868988,0.001281,False,-0.049922,-0.529086,-0.047224,0.066248,-0.053990,0.129197,0.076021,-0.283948,-0.053405,0.220441,0.348573,0.029592,-0.044104,-0.455923,-0.148528,0.244495,-0.045104,0.089552,0.161868,0.264739,-0.068185,-0.616447,-0.230253,0.422309,-0.046889,0.249430,0.513913,0.197297,-0.040125,-0.407731,-0.084418,0.279314,-0.038818,-0.166527,0.000163,0.087616,-0.050790,0.049471,-0.096003,-0.378995,-0.048843,0.643396,0.082477,-0.687252,-0.050948,0.086560,0.055402,-0.141217,-0.064692,0.328739
dns2tcp_tunnel_99911_doh3_2020-03-31t07_35_44.406735,0.001278,False,-0.050022,-0.529186,-0.047124,0.066348,-0.054090,0.129297,0.076121,-0.284048,-0.053505,0.220341,0.348673,0.029692,-0.044204,-0.455823,-0.148428,0.244395,-0.045204,0.089452,0.161768,0.264639,-0.068285,-0.616547,-0.230153,0.422409,-0.046989,0.249330,0.514013,0.197397,-0.040225,-0.407831,-0.084318,0.279414,-0.038918,-0.166427,0.000263,0.087516,-0.050890,0.049571,-0.095903,-0.379095,-0.048943,0.643496,0.082577,-0.687352,-0.051048,0.086460,0.055302,-0.141317,-0.064792,0.328839
dns2tcp_tunnel_99911_doh3_2020-03-31t07_58_16.632546,0.001275,False,-0.050122,-0.529286,-0.047024,0.066448,-0.054190,0.129397,0.076221,-0.284148,-0.053605,0.220241,0.348773,0.029792,-0.044304,-0.455723,-0.148328,0.244295,-0.045304,0.089352,0.161668,0.264539,-0.068385,-0.616647,-0.230053,0.422509,-0.047089,0.249230,0.514113,0.197497,-0.040325,-0.407931,-0.084218,0.279514,-0.039018,-0.166327,0.000363,0.087416,-0.050990,0.049671,-0.095803,-0.379195,-0.049043,0.643596,0.082677,-0.687452,-0.051148,0.086360,0.055202,-0.141417,-0.064892,0.328939
dns2tcp_tunnel_99911_doh3_2020-03-31t08_20_50.929547,0.001273,False,-0.050222,-0.529386,-0.046924,0.066548,-0.054290,0.129497,0.076321,-0.284248,-0.053705,0.220141,0.348873,0.029892,-0.044404,-0.455623,-0.148228,0.244195,-0.045404,0.089252,0.161568,0.264439,-0.068485,-0.616747,-0.229953,0.422609,-0.047189,0.249130,0.514213,0.197597,-0.040425,-0.408031,-0.084118,0.279614,-0.039118,-0.166227,0.000463,0.087316,-0.051090,0.049771,-0.095703,-0.379295,-0.049143,0.643696,0.082777,-0.687552,-0.051248,0.086260,0.055102,-0.141517,-0.064992,0.329039
dns2tcp_tunnel_99911_doh3_2020-03-31t08_43_30.862948,0.001270,False,-0.050322,-0.529486,-0.046824,0.066648,-0.054390,0.129597,0.076421,-0.284348,-0.053805,0.220041,0.348973,0.029992,-0.044504,-0.455523,-0.148128,0.244095,-0.045504,0.089152,0.161468,0.264340,-0.068585,-0.616847,-0.229853,0.422709,-0.047289,0.249030,0.514313,0.197697,-0.040525,-0.408131,-0.084018,0.279714,-0.039218,-0.166127,0.000563,0.087216,-0.051190,0.049871,-0.095603,-0.379395,-0.049243,0.643796,0.082877,-0.687652,-0.051348,0.086160,0.055002,-0.141617,-0.065092,0.329139
dns2tcp_tunnel_99911_doh3_2020-03-31t09_06_08.635047,0.001268,False,-0.050422,-0.529586,-0.046724,0.066748,-0.054490,0.129697,0.076521,-0.284448,-0.053905,0.219941,0.349073,0.030092,-0.044604,-0.455423,-0.148028,0.243995,-0.045604,0.089052,0.161368,0.264240,-0.068685,-0.616947,-0.229753,0.422809,-0.047389,0.248930,0.514413,0.197797,-0.040625,-0.408231,-0.083918,0.279814,-0.039318,-0.166027,0.000663,0.087116,-0.051290,0.049971,-0.095503,-0.379495,-0.049343,0.643896,0.082977,-0.687752,-0.051448,0.086060,0.054902,-0.141717,-0.065192,0.329239
dns2tcp_tunnel_99911_doh3_2020-03-31t09_28_48.581172,0.001266,False,-0.050522,-0.529686,-0.046624,0.066848,-0.054590,0.129797,0.076621,-0.284548,-0.054005,0.219841,0.349173,0.030192,-0.044704,-0.455323,-0.147928,0.243895,-0.045704,0.088952,0.161268,0.264140,-0.068785,-0.617047,-0.229653,0.422909,-0.047489,0.248830,0.514513,0.197897,-0.040725,-0.408331,-0.083818,0.279914,-0.039418,-0.165927,0.000763,0.087016,-0.051390,0.050071,-0.095403,-0.379595,-0.049443,0.643996,0.083077,-0.687852,-0.051548,0.085960,0.054802,-0.141817,-0.065292,0.329339
dns2tcp_tunnel_99911_doh3_2020-03-31t09_51_33.085274,0.001263,False,-0.050622,-0.529786,-0.046524,0.066948,-0.054690,0.129897,0.076721,-0.284648,-0.054105,0.219741,0.349273,0.030292,-0.044804,-0.455223,-0.147828,0.243795,-0.045804,0.088852,0.161168,0.264040,-0.068885,-0.617147,-0.229553,0.423009,-0.047589,0.248730,0.514614,0.197997,-0.040825,-0.408431,-0.083718,0.280014,-0.039518,-0.165827,0.000863,0.086916,-0.051490,0.050171,-0.095303,-0.379695,-0.049543,0.644096,0.083177,-0.687952,-0.051648,0.085860,0.054702,-0.141917,-0.065392,0.329439
dns2tcp_tunnel_99911_doh3_2020-03-31t10_14_19.214165,0.001261,False,-0.050722,-0.529886,-0.046424,0.067048,-0.054790,0.129997,0.076821,-0.284748,-0.054205,0.219641,0.349373,0.030392,-0.044904,-0.455123,-0.147728,0.243695,-0.045904,0.088752,0.161068,0.263940,-0.068985,-0.617247,-0.229453,0.423109,-0.047689,0.248630,0.514714,0.198097,-0.040925,-0.408531,-0.083618,0.280114,-0.039618,-0.165727,0.000963,0.086816,-0.051590,0.050271,-0.095203,-0.379795,-0.049643,0.644196,0.083277,-0.688052,-0.051748,0.085760,0.054602,-0.142017,-0.065492,0.329539
dns2tcp_tunnel_99911_doh3_2020-03-31t10_37_01.655493,0.001259,False,-0.050822,-0.529986,-0.046324,0.067148,-0.054890,0.130097,0.076921,-0.284848,-0.054305,0.219541,0.349472,0.030492,-0.045004,-0.455023,-0.147628,0.243595,-0.046004,0.088652,0.160968,0.263840,-0.069085,-0.617347,-0.229353,0.423209,-0.047789,0.248530,0.514814,0.198197,-0.041025,-0.408631,-0.083518,0.280214,-0.039718,-0.165627,0.001063,0.086716,-0.051690,0.050371,-0.095103,-0.379895,-0.049743,0.644296,0.083377,-0.688152,-0.051848,0.085660,0.054502,-0.142117,-0.065592,0.329639
dns2tcp_tunnel_99911_doh3_2020-03-31t10_59_46.413520,0.001256,False,-0.050922,-0.530086,-0.046224,0.067248,-0.054990,0.130197,0.077021,-0.284948,-0.054405,0.219441,0.349572,0.030592,-0.045104,-0.454923,-0.147528,0.243495,-0.046104,0.088552,0.160868,0.263740,-0.069185,-0.617447,-0.229253,0.423309,-0.047889,0.248430,0.514914,0.198297,-0.041125,-0.408731,-0.083418,0.280314,-0.039818,-0.165527,0.001163,0.086616,-0.051790,0.050471,-0.095003,-0.379995,-0.049843,0.644396,0.083477,-0.688252,-0.051948,0.085560,0.054402,-0.142217,-0.065692,0.329739
dns2tcp_tunnel_99911_doh3_2020-03-31t11_22_26.182973,0.001254,False,-0.051022,-0.530186,-0.046124,0.067348,-0.055090,0.130297,0.077121,-0.285048,-0.054505,0.219341,0.349672,0.030692,-0.045204,-0.454823,-0.147428,0.243395,-0.046204,0.088452,0.160768,0.263640,-0.069285,-0.617547,-0.229153,0.423409,-0.047989,0.248330,0.515014,0.198397,-0.041225,-0.408831,-0.083318,0.280414,-0.039918,-0.165427,0.001263,0.086516,-0.051890,0.050571,-0.094903,-0.380095,-0.049943,0.644496,0.083577,-0.688352,-0.052048,0.085460,0.054302,-0.142317,-0.065792,0.329839
dns2tcp_tunnel_99911_doh3_2020-03-31t11_45_06.838497,0.001252,False,-0.051122,-0.530286,-0.046024,0.067448,-0.055190,0.130397,0.077221,-0.285148,-0.054605,0.219241,0.349772,0.030792,-0.045304,-0.454723,-0.147328,0.243295,-0.046304,0.088352,0.160668,0.263540,-0.069385,-0.617647,-0.229053,0.423509,-0.048089,0.248230,0.515114,0.198497,-0.041325,-0.408931,-0.083218,0.280514,-0.040018,-0.165327,0.001363,0.086416,-0.051990,0.050671,-0.094803,-0.380195,-0.050043,0.644596,0.083677,-0.688452,-0.052148,0.085360,0.054202,-0.142417,-0.065892,0.329939
dns2tcp_tunnel_99911_doh3_2020-03-31t12_07_46.704994,0.001250,False,-0.051222,-0.530386,-0.045924,0.067548,-0.055290,0.130497,0.077321,-0.285248,-0.054705,0.219141,0.349872,0.030892,-0.045404,-0.454623,-0.147228,0.243195,-0.046404,0.088252,0.160568,0.263440,-0.069485,-0.617747,-0.228953,0.423609,-0.048189,0.248130,0.515214,0.198597,-0.041425,-0.409031,-0.083118,0.280614,-0.040118,-0.165227,0.001463,0.086316,-0.052090,0.050771,-0.094703,-0.380295,-0.050143,0.644696,0.083777,-0.688552,-0.052248,0.085260,0.054102,-0.142517,-0.065992,0.330039
dns2tcp_tunnel_99911_doh3_2020-03-31t12_30_28.312834,0.001248,False,-0.051322,-0.530486,-0.045824,0.067648,-0.055390,0.130597,0.077421,-0.285348,-0.054805,0.219041,0.349972,0.030992,-0.045504,-0.454524,-0.147128,0.243095,-0.046504,0.088152,0.160468,0.263340,-0.069585,-0.617847,-0.228853,0.423709,-0.048289,0.248030,0.515314,0.198697,-0.041525,-0.409131,-0.083018,0.280714,-0.040218,-0.165127,0.001563,0.086216,-0.052190,0.050871,-0.094603,-0.380395,-0.050243,0.644796,0.083877,-0.688652,-0.052348,0.085160,0.054002,-0.142617,-0.066092,0.330139
dns2tcp_tunnel_99911_doh3_2020-03-31t12_53_09.153331,0.001245,False,-0.051422,-0.530586,-0.045724,0.067748,-0.055490,0.130697,0.077521,-0.285448,-0.054905,0.218941,0.350072,0.031092,-0.045604,-0.454424,-0.147028,0.242995,-0.046604,0.088052,0.160368,0.263240,-0.069685,-0.617947,-0.228753,0.423809,-0.048389,0.247930,0.515414,0.198797,-0.041625,-0.409231,-0.082918,0.280814,-0.040318,-0.165027,0.001663,0.086116,-0.052290,0.050971,-0.094503,-0.380495,-0.050343,0.644896,0.083977,-0.688752,-0.052448,0.085060,0.053902,-0.142717,-0.066192,0.330239
dns2tcp_tunnel_99911_doh3_2020-03-31t13_15_49.670261,0.001243,False,-0.051522,-0.530686,-0.045624,0.067848,-0.055590,0.130797,0.077621,-0.285548,-0.055005,0.218841,0.350172,0.031192,-0.045704,-0.454324,-0.146928,0.242895,-0.046704,0.087952,0.160268,0.263140,-0.069785,-0.618047,-0.228653,0.423909,-0.048489,0.247830,0.515514,0.198897,-0.041725,-0.409331,-0.082818,0.280914,-0.040418,-0.164927,0.001763,0.086016,-0.052390,0.051071,-0.094403,-0.380595,-0.050443,0.644996,0.084077,-0.688852,-0.052548,0.084960,0.053802,-0.142817,-0.066292,0.330339
dns2tcp_tunnel_99911_doh3_2020-03-31t13_38_28.251682,0.001242,False,-0.051622,-0.530786,-0.045524,0.067948,-0.055690,0.130897,0.077721,-0.285648,-0.055105,0.218741,0.350272,0.031292,-0.045804,-0.454224,-0.146828,0.242795,-0.046804,0.087852,0.160168,0.263040,-0.069885,-0.618147,-0.228553,0.424009,-0.048589,0.247730,0.515614,0.198997,-0.041825,-0.409431,-0.082718,0.281014,-0.040518,-0.164827,0.001863,0.085916,-0.052490,0.051171,-0.094303,-0.380695,-0.050543,0.645096,0.084177,-0.688952,-0.052648,0.084860,0.053702,-0.142917,-0.066392,0.330439
dns2tcp_tunnel_99911_doh3_2020-03-31t14_01_06.547778,0.001239,False,-0.051722,-0.530886,-0.045424,0.068048,-0.055790,0.130997,0.077821,-0.285748,-0.055205,0.218641,0.350372,0.031392,-0.045904,-0.454124,-0.146728,0.242695,-0.046904,0.087752,0.160068,0.262940,-0.069985,-0.618247,-0.228453,0.424109,-0.048689,0.247630,0.515714,0.199097,-0.041925,-0.409531,-0.082618,0.281114,-0.040618,-0.164727,0.001963,0.085816,-0.052590,0.051271,-0.094203,-0.380795,-0.050643,0.645196,0.084277,-0.689052,-0.052748,0.084760,0.053602,-0.143017,-0.066492,0.330539
dns2tcp_tunnel_99911_doh3_2020-03-31t14_23_45.611013,0.001238,False,-0.051822,-0.530986,-0.045324,0.068148,-0.055890,0.131097,0.077921,-0.285848,-0.055305,0.218541,0.350472,0.031492,-0.046004,-0.454024,-0.146628,0.242595,-0.047004,0.087652,0.159968,0.262840,-0.070085,-0.618347,-0.228353,0.424209,-0.048789,0.247530,0.515814,0.199197,-0.042025,-0.409631,-0.082518,0.281214,-0.040718,-0.164627,0.002063,0.085716,-0.052690,0.051371,-0.094103,-0.380895,-0.050743,0.645296,0.084377,-0.689152,-0.052848,0.084660,0.053502,-0.143117,-0.066592,0.330639
dns2tcp_tunnel_99911_doh3_2020-03-31t14_46_22.470866,0.001235,False,-0.051922,-0.531086,-0.045224,0.068248,-0.055990,0.131197,0.078021,-0.285948,-0.055405,0.218441,0.350572,0.031592,-0.046104,-0.453924,-0.146528,0.242495,-0.047104,0.087552,0.159868,0.262740,-0.070185,-0.618447,-0.228253,0.424309,-0.048889,0.247430,0.515914,0.199297,-0.042125,-0.409731,-0.082418,0.281314,-0.040818,-0.164527,0.002163,0.085616,-0.052790,0.051471,-0.094003,-0.380995,-0.050843,0.645396,0.084477,-0.689252,-0.052948,0.084560,0.053402,-0.143217,-0.066692,0.330739
dns2tcp_tunnel_99911_doh3_2020-03-31t15_09_00.774694,0.001234,False,-0.052022,-0.531186,-0.045124,0.068348,-0.056090,0.131297,0.078121,-0.286048,-0.055505,0.218341,0.350672,0.031692,-0.046204,-0.453824,-0.146428,0.242395,-0.047204,0.087452,0.159768,0.262640,-0.070285,-0.618547,-0.228153,0.424409,-0.048989,0.247330,0.516014,0.199397,-0.042225,-0.409831,-0.082318,0.281414,-0.040918,-0.164427,0.002263,0.085516,-0.052890,0.051571,-0.093903,-0.381095,-0.050943,0.645496,0.084577,-0.689352,-0.053048,0.084460,0.053302,-0.143317,-0.066792,0.330839
dns2tcp_tunnel_99911_doh3_2020-03-31t15_31_39.850957,0.001232,False,-0.052122,-0.531286,-0.045024,0.068448,-0.056190,0.131397,0.078221,-0.286148,-0.055605,0.218241,0.350772,0.031792,-0.046304,-0.453724,-0.146328,0.242295,-0.047304,0.087352,0.159668,0.262540,-0.070385,-0.618647,-0.228053,0.424509,-0.049089,0.247230,0.516114,0.199497,-0.042325,-0.409931,-0.082218,0.281514,-0.041018,-0.164327,0.002363,0.085416,-0.052990,0.051671,-0.093803,-0.381195,-0.051043,0.645596,0.084677,-0.689452,-0.053148,0.084360,0.053202,-0.143417,-0.066892,0.330939
dns2tcp_tunnel_99911_doh3_2020-03-31t15_54_12.727210,0.001230,False,-0.052222,-0.531386,-0.044924,0.068548,-0.056290,0.131497,0.078321,-0.286248,-0.055705,0.218141,0.350872,0.031892,-0.046404,-0.453624,-0.146228,0.242195,-0.047404,0.087252,0.159568,0.262440,-0.070485,-0.618747,-0.227953,0.424609,-0.049189,0.247130,0.516214,0.199597,-0.042425,-0.410031,-0.082118,0.281614,-0.041118,-0.164227,0.002463,0.085316,-0.053090,0.051771,-0.093703,-0.381295,-0.051143,0.645696,0.084777,-0.689552,-0.053248,0.084260,0.053102,-0.143517,-0.066992,0.331039
dns2tcp_tunnel_99911_doh3_2020-03-31t16_16_47.357008,0.001228,False,-0.052322,-0.531486,-0.044824,0.068648,-0.056390,0.131597,0.078421,-0.286348,-0.055805,0.218041,0.350972,0.031992,-0.046504,-0.453524,-0.146128,0.242095,-0.047504,0.087152,0.159468,0.262340,-0.070585,-0.618847,-0.227853,0.424709,-0.049289,0.247030,0.516314,0.199697,-0.042525,-0.410131,-0.082018,0.281714,-0.041218,-0.164127,0.002563,0.085216,-0.053190,0.051871,-0.093603,-0.381395,-0.051243,0.645796,0.084877,-0.689652,-0.053348,0.084160,0.053002,-0.143617,-0.067092,0.331139
dns2tcp_tunnel_99911_doh3_2020-03-31t16_39_19.028752,0.001226,False,-0.052422,-0.531586,-0.044724,0.068748,-0.056490,0.131697,0.078521,-0.286448,-0.055905,0.217941,0.351072,0.032092,-0.046604,-0.453424,-0.146028,0.241995,-0.047604,0.087052,0.159368,0.262240,-0.070685,-0.618947,-0.227753,0.424809,-0.049389,0.246930,0.516414,0.199797,-0.042625,-0.410230,-0.081918,0.281814,-0.041318,-0.164027,0.002663,0.085116,-0.053290,0.051971,-0.093503,-0.381495,-0.051343,0.645896,0.084977,-0.689752,-0.053448,0.084060,0.052902,-0.143717,-0.067192,0.331239
dns2tcp_tunnel_99911_doh3_2020-03-31t17_01_53.329801,0.001224,False,-0.052522,-0.531686,-0.044624,0.068848,-0.056590,0.131797,0.078621,-0.286548,-0.056005,0.217841,0.351172,0.032192,-0.046704,-0.453324,-0.145928,0.241895,-0.047704,0.086952,0.159268,0.262140,-0.070785,-0.619047,-0.227653,0.424909,-0.049489,0.246830,0.516514,0.199897,-0.042725,-0.410330,-0.081818,0.281914,-0.041418,-0.163927,0.002763,0.085016,-0.053390,0.052071,-0.093403,-0.381595,-0.051443,0.645996,0.085077,-0.689852,-0.053548,0.083960,0.052802,-0.143817,-0.067292,0.331339
dns2tcp_tunnel_99911_doh3_2020-03-31t17_24_25.656687,0.001223,False,-0.052622,-0.531786,-0.044524,0.068948,-0.056690,0.131897,0.078721,-0.286648,-0.056105,0.217741,0.351272,0.032292,-0.046804,-0.453224,-0.145828,0.241795,-0.047804,0.086852,0.159168,0.262040,-0.070885,-0.619147,-0.227553,0.425009,-0.049589,0.246730,0.516614,0.199997,-0.042825,-0.410430,-0.081718,0.282014,-0.041518,-0.163827,0.002863,0.084916,-0.053490,0.052171,-0.093303,-0.381695,-0.051543,0.646096,0.085177,-0.689952,-0.053648,0.083860,0.052702,-0.143917,-0.067392,0.331439
dns2tcp_tunnel_99911_doh3_2020-03-31t17_46_58.984698,0.001221,False,-0.052722,-0.531886,-0.044424,0.069048,-0.056790,0.131997,0.078821,-0.286748,-0.056205,0.217641,0.351372,0.032392,-0.046904,-0.453124,-0.145728,0.241695,-0.047904,0.086752,0.159068,0.261940,-0.070985,-0.619247,-0.227453,0.425109,-0.049689,0.246630,0.516714,0.200097,-0.042925,-0.410530,-0.081618,0.282113,-0.041618,-0.163727,0.002963,0.084816,-0.053590,0.052271,-0.093203,-0.381795,-0.051643,0.646196,0.085277,-0.690052,-0.053748,0.083760,0.052602,-0.144017,-0.067492,0.331539
dns2tcp_tunnel_99911_doh3_2020-03-31t18_09_29.669597,0.001219,False,-0.052822,-0.531986,-0.044324,0.069148,-0.056890,0.132097,0.078921,-0.286848,-0.056305,0.217541,0.351472,0.032492,-0.047004,-0.453024,-0.145628,0.241595,-0.048004,0.086652,0.158968,0.261840,-0.071085,-0.619347,-0.227353,0.425209,-0.049789,0.246530,0.516814,0.200197,-0.043025,-0.410630,-0.081518,0.282213,-0.041718,-0.163627,0.003063,0.084716,-0.053690,0.052371,-0.093103,-0.381895,-0.051743,0.646296,0.085377,-0.690152,-0.053848,0.083660,0.052502,-0.144117,-0.067592,0.331639
dns2tcp_tunnel_99911_doh3_2020-03-31t18_32_01.328335,0.001217,False,-0.052922,-0.532086,-0.044224,0.069248,-0.056990,0.132197,0.079021,-0.286948,-0.056405,0.217441,0.351572,0.032592,-0.047104,-0.452924,-0.145528,0.241495,-0.048104,0.086552,0.158868,0.261740,-0.071185,-0.619447,-0.227253,0.425309,-0.049889,0.246430,0.516914,0.200297,-0.043125,-0.410730,-0.081418,0.282313,-0.041818,-0.163527,0.003163,0.084616,-0.053790,0.052471,-0.093003,-0.381995,-0.051843,0.646396,0.085477,-0.690252,-0.053948,0.083560,0.052402,-0.144217,-0.067692,0.331739
dns2tcp_tunnel_99911_doh3_2020-03-31t18_54_32.600351,0.001216,False,-0.053022,-0.532186,-0.044124,0.069348,-0.057090,0.132297,0.079121,-0.287048,-0.056505,0.217341,0.351672,0.032692,-0.047204,-0.452824,-0.145428,0.241395,-0.048204,0.086452,0.158768,0.261640,-0.071285,-0.619547,-0.227153,0.425409,-0.049989,0.246330,0.517014,0.200397,-0.043225,-0.410830,-0.081318,0.282413,-0.041918,-0.163427,0.003263,0.084516,-0.053890,0.052571,-0.092903,-0.382095,-0.051943,0.646496,0.085577,-0.690352,-0.054048,0.083460,0.052302,-0.144317,-0.067792,0.331839
dns2tcp_tunnel_99911_doh3_2020-03-31t19_17_01.344179,0.001214,False,-0.053122,-0.532286,-0.044024,0.069448,-0.057190,0.132397,0.079221,-0.287148,-0.056605,0.217241,0.351772,0.032792,-0.047304,-0.452724,-0.145328,0.241295,-0.048304,0.086352,0.158668,0.261540,-0.071385,-0.619647,-0.227053,0.425509,-0.050089,0.246230,0.517114,0.200497,-0.043325,-0.410930,-0.081218,0.282513,-0.042018,-0.163327,0.003363,0.084416,-0.053990,0.052671,-0.092803,-0.382195,-0.052043,0.646596,0.085677,-0.690453,-0.054148,0.083360,0.052202,-0.144417,-0.067892,0.331939
dns2tcp_tunnel_99911_doh3_2020-03-31t19_39_30.664992,0.001212,False,-0.053222,-0.532386,-0.043924,0.069548,-0.057290,0.132497,0.079321,-0.287248,-0.056705,0.217141,0.351872,0.032892,-0.047404,-0.452624,-0.145228,0.241195,-0.048404,0.086252,0.158568,0.261440,-0.071485,-0.619747,-0.226953,0.425609,-0.050189,0.246130,0.517214,0.200597,-0.043425,-0.411030,-0.081118,0.282613,-0.042118,-0.163227,0.003463,0.084316,-0.054090,0.052771,-0.092703,-0.382295,-0.052143,0.646696,0.085777,-0.690553,-0.054248,0.083260,0.052102,-0.144517,-0.067992,0.332039
dns2tcp_tunnel_99911_doh3_2020-03-31t20_01_59.362943,0.001211,False,-0.053322,-0.532486,-0.043824,0.069648,-0.057390,0.132597,0.079421,-0.287348,-0.056805,0.217041,0.351972,0.032992,-0.047504,-0.452524,-0.145128,0.241095,-0.048504,0.086152,0.158468,0.261340,-0.071585,-0.619847,-0.226853,0.425709,-0.050289,0.246030,0.517314,0.200697,-0.043525,-0.411130,-0.081018,0.282713,-0.042218,-0.163127,0.003563,0.084216,-0.054190,0.052871,-0.092603,-0.382395,-0.052243,0.646796,0.085877,-0.690653,-0.054348,0.083160,0.052002,-0.144617,-0.068092,0.332139
dns2tcp_tunnel_99911_doh3_2020-03-31t20_24_28.184510,0.001209,False,-0.053422,-0.532586,-0.043724,0.069748,-0.057490,0.132697,0.079521,-0.287448,-0.056905,0.216941,0.352072,0.033092,-0.047604,-0.452424,-0.145028,0.240995,-0.048604,0.086052,0.158368,0.261240,-0.071685,-0.619947,-0.226753,0.425809,-0.050389,0.245930,0.517414,0.200797,-0.043625,-0.411230,-0.080918,0.282813,-0.042318,-0.163027,0.003663,0.084116,-0.054290,0.052971,-0.092503,-0.382495,-0.052343,0.646896,0.085977,-0.690753,-0.054448,0.083060,0.051902,-0.144717,-0.068192,0.332239
dns2tcp_tunnel_99911_doh3_2020-03-31t20_46_56.966615,0.001208,False,-0.053522,-0.532686,-0.043624,0.069848,-0.057590,0.132797,0.079621,-0.287548,-0.057005,0.216841,0.352172,0.033192,-0.047704,-0.452324,-0.144928,0.240895,-0.048704,0.085952,0.158268,0.261140,-0.071785,-0.620047,-0.226653,0.425909,-0.050489,0.245830,0.517514,0.200897,-0.043725,-0.411330,-0.080818,0.282913,-0.042418,-0.162927,0.003763,0.084016,-0.054390,0.053071,-0.092403,-0.382595,-0.052443,0.646996,0.086077,-0.690853,-0.054548,0.082960,0.051802,-0.144817,-0.068292,0.332339
dns2tcp_tunnel_99911_doh3_2020-03-31t21_09_26.342695,0.001206,False,-0.053622,-0.532786,-0.043524,0.069948,-0.057690,0.132897,0.079721,-0.287648,-0.057105,0.216741,0.352272,0.033292,-0.047804,-0.452224,-0.144828,0.240795,-0.048804,0.085852,0.158168,0.261040,-0.071885,-0.620147,-0.226553,0.426009,-0.050589,0.245730,0.517614,0.200997,-0.043825,-0.411430,-0.080718,0.283013,-0.042518,-0.162827,0.003863,0.083916,-0.054490,0.053171,-0.092303,-0.382695,-0.052543,0.647096,0.086177,-0.690953,-0.054648,0.082860,0.051702,-0.144917,-0.068392,0.332439
dns2tcp_tunnel_99911_doh3_2020-03-31t21_31_54.974406,0.001204,False,-0.053722,-0.532886,-0.043424,0.070048,-0.057790,0.132997,0.079821,-0.287748,-0.057205,0.216641,0.352372,0.033392,-0.047904,-0.452124,-0.144728,0.240695,-0.048904,0.085752,0.158068,0.260940,-0.071985,-0.620247,-0.226453,0.426109,-0.050689,0.245630,0.517714,0.201097,-0.043925,-0.411530,-0.080618,0.283113,-0.042618,-0.162727,0.003963,0.083816,-0.054590,0.053271,-0.092203,-0.382794,-0.052643,0.647196,0.086277,-0.691053,-0.054748,0.082760,0.051602,-0.145017,-0.068492,0.332539
dns2tcp_tunnel_99911_doh4_2020-03-30t19_28_52.842770,0.001203,False,-0.053822,-0.532986,-0.043324,0.070148,-0.057890,0.133097,0.079921,-0.287848,-0.057305,0.216541,0.352472,0.033492,-0.048004,-0.452024,-0.144628,0.240595,-0.049004,0.085652,0.157968,0.260840,-0.072085,-0.620347,-0.226353,0.426209,-0.050789,0.245530,0.517814,0.201197,-0.044025,-0.411630,-0.080518,0.283213,-0.042718,-0.162627,0.004063,0.083716,-0.054690,0.053371,-0.092103,-0.382894,-0.052743,0.647296,0.086377,-0.691153,-0.054848,0.082660,0.051502,-0.145117,-0.068592,0.332639
dns2tcp_tunnel_99911_doh4_2020-03-30t20_14_46.213820,0.001201,False,-0.053922,-0.533086,-0.043224,0.070248,-0.057990,0.133197,0.080021,-0.287948,-0.057405,0.216441,0.352572,0.033592,-0.048104,-0.451924,-0.144528,0.240495,-0.049104,0.085552,0.157868,0.260740,-0.072185,-0.620447,-0.226253,0.426309,-0.050889,0.245430,0.517914,0.201297,-0.044125,-0.411730,-0.080418,0.283313,-0.042818,-0.162527,0.004163,0.083616,-0.054790,0.053471,-0.092003,-0.382994,-0.052843,0.647396,0.086477,-0.691253,-0.054948,0.082560,0.051402,-0.145217,-0.068692,0.332739
dns2tcp_tunnel_99911_doh4_2020-03-30t21_01_53.536390,0.001200,False,-0.054022,-0.533186,-0.043124,0.070348,-0.058090,0.133297,0.080121,-0.288048,-0.057505,0.216341,0.352672,0.033692,-0.048204,-0.451824,-0.144428,0.240395,-0.049204,0.085452,0.157768,0.260640,-0.072285,-0.620547,-0.226153,0.426409,-0.050989,0.245330,0.518014,0.201397,-0.044225,-0.411830,-0.080318,0.283413,-0.042918,-0.162427,0.004263,0.083516,-0.054890,0.053571,-0.091903,-0.383094,-0.052943,0.647496,0.086577,-0.691353,-0.055048,0.082460,0.051302,-0.145317,-0.068792,0.332839
dns2tcp_tunnel_99911_doh4_2020-03-30t21_47_38.090394,0.001198,False,-0.054122,-0.533286,-0.043024,0.070448,-0.058190,0.133397,0.080221,-0.288148,-0.057605,0.216241,0.352772,0.033792,-0.048304,-0.451724,-0.144328,0.240295,-0.049304,0.085352,0.157668,0.260540,-0.072385,-0.620647,-0.226053,0.426509,-0.051089,0.245230,0.518114,0.201497,-0.044325,-0.411930,-0.080218,0.283513,-0.043018,-0.162326,0.004363,0.083416,-0.054990,0.053671,-0.091803,-0.383194,-0.053043,0.647596,0.086677,-0.691453,-0.055148,0.082360,0.051202,-0.145417,-0.068892,0.332939
dns2tcp_tunnel_99911_doh4_2020-03-30t22_10_17.134875,0.001197,False,-0.054222,-0.533386,-0.042924,0.070548,-0.058290,0.133497,0.080321,-0.288248,-0.057705,0.216141,0.352872,0.033892,-0.048404,-0.451624,-0.144228,0.240195,-0.049404,0.085252,0.157568,0.260440,-0.072485,-0.620748,-0.225953,0.426609,-0.051189,0.245130,0.518214,0.201597,-0.044425,-0.412030,-0.080118,0.283613,-0.043118,-0.162226,0.004463,0.083316,-0.055090,0.053771,-0.091703,-0.383294,-0.053143,0.647696,0.086777,-0.691553,-0.055248,0.082260,0.051102,-0.145517,-0.068992,0.333039
dns2tcp_tunnel_99911_doh4_2020-03-30t22_32_55.458848,0.001195,False,-0.054322,-0.533486,-0.042824,0.070648,-0.058390,0.133597,0.080421,-0.288348,-0.057805,0.216041,0.352972,0.033992,-0.048504,-0.451524,-0.144128,0.240095,-0.049504,0.085152,0.157468,0.260340,-0.072585,-0.620848,-0.225853,0.426709,-0.051289,0.245030,0.518314,0.201697,-0.044525,-0.412130,-0.080018,0.283713,-0.043218,-0.162126,0.004563,0.083216,-0.055190,0.053871,-0.091603,-0.383394,-0.053243,0.647796,0.086877,-0.691653,-0.055348,0.082160,0.051002,-0.145617,-0.069092,0.333139
dns2tcp_tunnel_99911_doh4_2020-03-30t22_55_32.317683,0.001194,False,-0.054422,-0.533587,-0.042724,0.070748,-0.058490,0.133697,0.080521,-0.288447,-0.057905,0.215941,0.353072,0.034092,-0.048604,-0.451424,-0.144028,0.239995,-0.049604,0.085052,0.157368,0.260240,-0.072685,-0.620948,-0.225753,0.426809,-0.051389,0.244930,0.518414,0.201797,-0.044625,-0.412230,-0.079918,0.283813,-0.043318,-0.162026,0.004663,0.083116,-0.055290,0.053971,-0.091503,-0.383494,-0.053343,0.647896,0.086977,-0.691753,-0.055448,0.082060,0.050902,-0.145718,-0.069192,0.333239
dns2tcp_tunnel_99911_doh4_2020-03-30t23_18_05.427974,0.001193,False,-0.054522,-0.533687,-0.042624,0.070848,-0.058590,0.133797,0.080621,-0.288547,-0.058005,0.215841,0.353172,0.034192,-0.048704,-0.451324,-0.143928,0.239895,-0.049704,0.084952,0.157268,0.260140,-0.072785,-0.621048,-0.225653,0.426909,-0.051489,0.244830,0.518514,0.201897,-0.044725,-0.412330,-0.079818,0.283913,-0.043418,-0.161926,0.004763,0.083016,-0.055390,0.054071,-0.091403,-0.383594,-0.053443,0.647996,0.087077,-0.691853,-0.055548,0.081960,0.050802,-0.145818,-0.069292,0.333339
dns2tcp_tunnel_99911_doh4_2020-03-30t23_40_37.806643,0.001191,False,-0.054622,-0.533787,-0.042524,0.070948,-0.058690,0.133897,0.080721,-0.288647,-0.058105,0.215741,0.353272,0.034292,-0.048804,-0.451224,-0.143828,0.239795,-0.049804,0.084852,0.157168,0.260040,-0.072885,-0.621148,-0.225553,0.427009,-0.051589,0.244730,0.518614,0.201997,-0.044825,-0.412430,-0.079718,0.284013,-0.043518,-0.161826,0.004863,0.082916,-0.055490,0.054171,-0.091303,-0.383694,-0.053543,0.648097,0.087177,-0.691953,-0.055648,0.081860,0.050702,-0.145918,-0.069392,0.333439
dns2tcp_tunnel_99911_doh4_2020-03-31t00_03_14.781434,0.001190,False,-0.054722,-0.533887,-0.042424,0.071048,-0.058790,0.133997,0.080821,-0.288747,-0.058205,0.215641,0.353372,0.034392,-0.048904,-0.451124,-0.143728,0.239695,-0.049904,0.084752,0.157068,0.259940,-0.072985,-0.621248,-0.225453,0.427109,-0.051689,0.244630,0.518714,0.202097,-0.044925,-0.412530,-0.079618,0.284113,-0.043618,-0.161726,0.004963,0.082816,-0.055590,0.054271,-0.091203,-0.383794,-0.053643,0.648197,0.087277,-0.692053,-0.055748,0.081760,0.050602,-0.146018,-0.069492,0.333539
dns2tcp_tunnel_99911_doh4_2020-03-31t00_25_49.034978,0.001188,False,-0.054822,-0.533987,-0.042324,0.071148,-0.058890,0.134097,0.080921,-0.288847,-0.058305,0.215540,0.353472,0.034492,-0.049004,-0.451024,-0.143628,0.239595,-0.050004,0.084652,0.156968,0.259840,-0.073085,-0.621348,-0.225353,0.427209,-0.051789,0.244530,0.518814,0.202197,-0.045025,-0.412630,-0.079518,0.284213,-0.043718,-0.161626,0.005063,0.082716,-0.055690,0.054371,-0.091103,-0.383894,-0.053743,0.648297,0.087377,-0.692153,-0.055848,0.081660,0.050502,-0.146118,-0.069592,0.333639
dns2tcp_tunnel_99911_doh4_2020-03-31t00_48_26.649409,0.001187,False,-0.054922,-0.534087,-0.042224,0.071248,-0.058990,0.134197,0.081021,-0.288947,-0.058405,0.215440,0.353572,0.034592,-0.049104,-0.450924,-0.143528,0.239495,-0.050104,0.084552,0.156868,0.259740,-0.073185,-0.621448,-0.225253,0.427309,-0.051889,0.244430,0.518914,0.202297,-0.045125,-0.412730,-0.079418,0.284313,-0.043818,-0.161526,0.005163,0.082616,-0.055790,0.054471,-0.091003,-0.383994,-0.053843,0.648397,0.087477,-0.692253,-0.055948,0.081560,0.050402,-0.146218,-0.069692,0.333739
dns2tcp_tunnel_99911_doh4_2020-03-31t01_11_05.616843,0.001186,False,-0.055022,-0.534187,-0.042124,0.071348,-0.059090,0.134297,0.081121,-0.289047,-0.058505,0.215340,0.353672,0.034692,-0.049204,-0.450824,-0.143428,0.239395,-0.050204,0.084452,0.156768,0.259640,-0.073285,-0.621548,-0.225153,0.427409,-0.051989,0.244330,0.519014,0.202397,-0.045225,-0.412830,-0.079318,0.284413,-0.043918,-0.161426,0.005263,0.082516,-0.055890,0.054571,-0.090903,-0.384094,-0.053943,0.648497,0.087577,-0.692353,-0.056048,0.081460,0.050302,-0.146318,-0.069792,0.333839
dns2tcp_tunnel_99911_doh4_2020-03-31t01_33_45.029066,0.001184,False,-0.055122,-0.534287,-0.042024,0.071448,-0.059190,0.134397,0.081221,-0.289147,-0.058605,0.215240,0.353772,0.034792,-0.049304,-0.450724,-0.143328,0.239295,-0.050304,0.084352,0.156668,0.259540,-0.073385,-0.621648,-0.225053,0.427509,-0.052089,0.244230,0.519114,0.202497,-0.045325,-0.412930,-0.079218,0.284513,-0.044018,-0.161326,0.005363,0.082416,-0.055990,0.054671,-0.090803,-0.384194,-0.054043,0.648597,0.087677,-0.692453,-0.056148,0.081360,0.050202,-0.146418,-0.069892,0.333939
dns2tcp_tunnel_99911_doh4_2020-03-31t01_56_23.860952,0.001183,False,-0.055222,-0.534387,-0.041924,0.071548,-0.059290,0.134497,0.081321,-0.289247,-0.058705,0.215140,0.353872,0.034892,-0.049404,-0.450624,-0.143228,0.239195,-0.050404,0.084252,0.156568,0.259440,-0.073485,-0.621748,-0.224953,0.427609,-0.052189,0.244130,0.519214,0.202597,-0.045425,-0.413030,-0.079118,0.284613,-0.044118,-0.161226,0.005463,0.082316,-0.056090,0.054771,-0.090703,-0.384294,-0.054143,0.648697,0.087777,-0.692553,-0.056248,0.081260,0.050102,-0.146518,-0.069992,0.334039
dns2tcp_tunnel_99911_doh4_2020-03-31t02_19_03.021271,0.001182,False,-0.055322,-0.534487,-0.041824,0.071648,-0.059390,0.134597,0.081421,-0.289347,-0.058805,0.215040,0.353972,0.034992,-0.049504,-0.450524,-0.143128,0.239095,-0.050504,0.084152,0.156468,0.259340,-0.073585,-0.621848,-0.224853,0.427709,-0.052289,0.244030,0.519314,0.202697,-0.045525,-0.413130,-0.079018,0.284713,-0.044218,-0.161126,0.005563,0.082216,-0.056190,0.054871,-0.090603,-0.384394,-0.054243,0.648797,0.087877,-0.692653,-0.056348,0.081160,0.050002,-0.146618,-0.070092,0.334139
dns2tcp_tunnel_99911_doh4_2020-03-31t02_41_42.731276,0.001181,False,-0.055422,-0.534587,-0.041724,0.071748,-0.059490,0.134697,0.081521,-0.289447,-0.058905,0.214940,0.354072,0.035092,-0.049604,-0.450424,-0.143028,0.238995,-0.050604,0.084052,0.156368,0.259240,-0.073685,-0.621948,-0.224753,0.427809,-0.052389,0.243930,0.519414,0.202797,-0.045625,-0.413230,-0.078918,0.284813,-0.044318,-0.161026,0.005663,0.082116,-0.056290,0.054971,-0.090503,-0.384494,-0.054343,0.648897,0.087977,-0.692753,-0.056448,0.081060,0.049902,-0.146718,-0.070192,0.334239
dns2tcp_tunnel_99911_doh4_2020-03-31t03_04_16.647746,0.001179,False,-0.055522,-0.534687,-0.041624,0.071848,-0.059590,0.134797,0.081621,-0.289547,-0.059005,0.214840,0.354172,0.035192,-0.049704,-0.450324,-0.142928,0.238895,-0.050704,0.083952,0.156268,0.259140,-0.073785,-0.622048,-0.224653,0.427909,-0.052489,0.243830,0.519514,0.202897,-0.045725,-0.413330,-0.078818,0.284913,-0.044418,-0.160926,0.005763,0.082016,-0.056390,0.055071,-0.090403,-0.384594,-0.054443,0.648997,0.088077,-0.692853,-0.056548,0.080960,0.049802,-0.146818,-0.070292,0.334339
dns2tcp_tunnel_99911_doh4_2020-03-31t03_26_51.255859,0.001178,False,-0.055622,-0.534787,-0.041524,0.071948,-0.059690,0.134897,0.081721,-0.289647,-0.059105,0.214740,0.354272,0.035292,-0.049804,-0.450224,-0.142828,0.238795,-0.050804,0.083852,0.156168,0.259040,-0.073885,-0.622148,-0.224553,0.428009,-0.052589,0.243730,0.519614,0.202997,-0.045825,-0.413430,-0.078718,0.285013,-0.044518,-0.160826,0.005863,0.081916,-0.056490,0.055171,-0.090303,-0.384694,-0.054543,0.649097,0.088177,-0.692953,-0.056648,0.080860,0.049702,-0.146918,-0.070392,0.334439
dns2tcp_tunnel_99911_doh4_2020-03-31t03_49_25.732152,0.001177,False,-0.055722,-0.534887,-0.041424,0.072048,-0.059790,0.134997,0.081821,-0.289747,-0.059205,0.214640,0.354372,0.035392,-0.049904,-0.450124,-0.142728,0.238695,-0.050904,0.083752,0.156068,0.258940,-0.073985,-0.622248,-0.224453,0.428109,-0.052689,0.243630,0.519714,0.203097,-0.045925,-0.413530,-0.078618,0.285113,-0.044618,-0.160726,0.005963,0.081816,-0.056590,0.055271,-0.090203,-0.384794,-0.054643,0.649197,0.088277,-0.693053,-0.056748,0.080760,0.049602,-0.147018,-0.070492,0.334539
dns2tcp_tunnel_99911_doh4_2020-03-31t04_11_58.994549,0.001176,False,-0.055822,-0.534987,-0.041324,0.072148,-0.059890,0.135097,0.081921,-0.289847,-0.059305,0.214540,0.354472,0.035492,-0.050004,-0.450024,-0.142628,0.238595,-0.051004,0.083652,0.155968,0.258840,-0.074085,-0.622348,-0.224353,0.428209,-0.052789,0.243530,0.519814,0.203197,-0.046025,-0.413630,-0.078518,0.285213,-0.044718,-0.160626,0.006063,0.081716,-0.056690,0.055371,-0.090103,-0.384894,-0.054743,0.649297,0.088377,-0.693153,-0.056848,0.080660,0.049502,-0.147118,-0.070592,0.334639
dns2tcp_tunnel_99911_doh4_2020-03-31t04_34_33.224692,0.001174,False,-0.055922,-0.535087,-0.041224,0.072248,-0.059990,0.135197,0.082021,-0.289947,-0.059405,0.214440,0.354572,0.035592,-0.050104,-0.449924,-0.142528,0.238495,-0.051104,0.083552,0.155868,0.258740,-0.074185,-0.622448,-0.224253,0.428309,-0.052889,0.243430,0.519914,0.203297,-0.046125,-0.413730,-0.078418,0.285313,-0.044818,-0.160526,0.006163,0.081616,-0.056790,0.055471,-0.090003,-0.384994,-0.054843,0.649397,0.088477,-0.693253,-0.056948,0.080560,0.049402,-0.147218,-0.070692,0.334739
dns2tcp_tunnel_99911_doh4_2020-03-31t04_57_10.317928,0.001173,False,-0.056022,-0.535187,-0.041124,0.072348,-0.060090,0.135297,0.082121,-0.290047,-0.059505,0.214340,0.354672,0.035692,-0.050204,-0.449824,-0.142428,0.238395,-0.051204,0.083452,0.155768,0.258640,-0.074285,-0.622548,-0.224153,0.428409,-0.052989,0.243330,0.520014,0.203397,-0.046225,-0.413830,-0.078318,0.285413,-0.044918,-0.160426,0.006263,0.081516,-0.056890,0.055571,-0.089903,-0.385094,-0.054943,0.649497,0.088577,-0.693353,-0.057048,0.080460,0.049302,-0.147318,-0.070792,0.334839
dns2tcp_tunnel_99911_doh4_2020-03-31t05_19_48.455456,0.001172,False,-0.056122,-0.535287,-0.041024,0.072448,-0.060190,0.135397,0.082221,-0.290147,-0.059605,0.214240,0.354772,0.035792,-0.050304,-0.449724,-0.142328,0.238295,-0.051304,0.083352,0.155668,0.258540,-0.074385,-0.622648,-0.224053,0.428508,-0.053089,0.243230,0.520114,0.203497,-0.046325,-0.413930,-0.078218,0.285513,-0.045018,-0.160326,0.006363,0.081416,-0.056990,0.055671,-0.089803,-0.385194,-0.055043,0.649597,0.088677,-0.693453,-0.057148,0.080360,0.049202,-0.147418,-0.070892,0.334939
dns2tcp_tunnel_99911_doh4_2020-03-31t05_42_25.675062,0.001171,False,-0.056222,-0.535387,-0.040924,0.072548,-0.060290,0.135497,0.082321,-0.290247,-0.059705,0.214140,0.354872,0.035892,-0.050404,-0.449624,-0.142228,0.238195,-0.051404,0.083252,0.155568,0.258440,-0.074485,-0.622748,-0.223953,0.428608,-0.053189,0.243130,0.520214,0.203597,-0.046425,-0.414030,-0.078118,0.285613,-0.045118,-0.160226,0.006463,0.081316,-0.057090,0.055771,-0.089703,-0.385294,-0.055143,0.649697,0.088777,-0.693553,-0.057248,0.080260,0.049102,-0.147518,-0.070992,0.335039
dns2tcp_tunnel_99911_doh4_2020-03-31t06_05_05.030995,0.001170,False,-0.056322,-0.535487,-0.040824,0.072648,-0.060390,0.135597,0.082421,-0.290347,-0.059805,0.214040,0.354972,0.035992,-0.050504,-0.449524,-0.142128,0.238095,-0.051504,0.083152,0.155468,0.258340,-0.074585,-0.622848,-0.223853,0.428708,-0.053289,0.243030,0.520314,0.203697,-0.046525,-0.414130,-0.078018,0.285713,-0.045218,-0.160126,0.006563,0.081216,-0.057190,0.055871,-0.089603,-0.385394,-0.055243,0.649797,0.088877,-0.693653,-0.057348,0.080160,0.049002,-0.147618,-0.071092,0.335139
dns2tcp_tunnel_99911_doh4_2020-03-31t06_27_48.406503,0.001168,False,-0.056422,-0.535587,-0.040724,0.072748,-0.060490,0.135697,0.082521,-0.290447,-0.059905,0.213940,0.355072,0.036092,-0.050604,-0.449424,-0.142028,0.237995,-0.051604,0.083052,0.155368,0.258240,-0.074685,-0.622948,-0.223753,0.428808,-0.053390,0.242930,0.520414,0.203797,-0.046625,-0.414230,-0.077918,0.285813,-0.045318,-0.160026,0.006663,0.081116,-0.057290,0.055971,-0.089503,-0.385494,-0.055343,0.649897,0.088977,-0.693753,-0.057448,0.080060,0.048902,-0.147718,-0.071192,0.335239
dns2tcp_tunnel_99911_doh4_2020-03-31t06_50_27.484226,0.001167,False,-0.056522,-0.535687,-0.040624,0.072848,-0.060590,0.135797,0.082621,-0.290547,-0.060005,0.213840,0.355172,0.036192,-0.050704,-0.449324,-0.141928,0.237895,-0.051704,0.082952,0.155268,0.258140,-0.074785,-0.623048,-0.223653,0.428908,-0.053490,0.242830,0.520514,0.203897,-0.046725,-0.414330,-0.077818,0.285913,-0.045418,-0.159926,0.006763,0.081016,-0.057390,0.056071,-0.089403,-0.385594,-0.055443,0.649997,0.089077,-0.693853,-0.057548,0.079960,0.048802,-0.147818,-0.071292,0.335339
dns2tcp_tunnel_99911_doh4_2020-03-31t07_13_06.787915,0.001166,False,-0.056622,-0.535787,-0.040524,0.072948,-0.060690,0.135897,0.082721,-0.290647,-0.060105,0.213740,0.355272,0.036292,-0.050804,-0.449224,-0.141828,0.237795,-0.051804,0.082852,0.155168,0.258040,-0.074885,-0.623148,-0.223553,0.429008,-0.053590,0.242730,0.520615,0.203997,-0.046825,-0.414430,-0.077718,0.286013,-0.045518,-0.159826,0.006863,0.080916,-0.057490,0.056171,-0.089303,-0.385694,-0.055543,0.650097,0.089177,-0.693953,-0.057648,0.079860,0.048702,-0.147918,-0.071392,0.335438
dns2tcp_tunnel_99911_doh4_2020-03-31t07_35_45.016767,0.001165,False,-0.056722,-0.535887,-0.040424,0.073048,-0.060790,0.135997,0.082821,-0.290747,-0.060205,0.213640,0.355372,0.036392,-0.050904,-0.449124,-0.141728,0.237695,-0.051904,0.082752,0.155068,0.257940,-0.074985,-0.623248,-0.223453,0.429108,-0.053690,0.242630,0.520715,0.204097,-0.046925,-0.414530,-0.077618,0.286113,-0.045618,-0.159726,0.006963,0.080816,-0.057590,0.056271,-0.089203,-0.385794,-0.055643,0.650197,0.089277,-0.694053,-0.057748,0.079760,0.048602,-0.148018,-0.071492,0.335538
dns2tcp_tunnel_99911_doh4_2020-03-31t07_58_17.169659,0.001164,False,-0.056822,-0.535987,-0.040324,0.073148,-0.060890,0.136097,0.082921,-0.290847,-0.060305,0.213540,0.355472,0.036492,-0.051004,-0.449024,-0.141628,0.237595,-0.052004,0.082652,0.154968,0.257840,-0.075085,-0.623348,-0.223353,0.429208,-0.053790,0.242530,0.520815,0.204197,-0.047025,-0.414630,-0.077518,0.286213,-0.045718,-0.159626,0.007063,0.080716,-0.057690,0.056371,-0.089103,-0.385894,-0.055743,0.650297,0.089377,-0.694153,-0.057848,0.079660,0.048502,-0.148118,-0.071592,0.335638
dns2tcp_tunnel_99911_doh4_2020-03-31t08_20_51.653145,0.001163,False,-0.056922,-0.536087,-0.040224,0.073248,-0.060990,0.136197,0.083021,-0.290947,-0.060405,0.213440,0.355572,0.036592,-0.051104,-0.448924,-0.141528,0.237495,-0.052104,0.082552,0.154868,0.257740,-0.075185,-0.623448,-0.223253,0.429308,-0.053890,0.242430,0.520915,0.204297,-0.047125,-0.414730,-0.077418,0.286313,-0.045818,-0.159526,0.007163,0.080616,-0.057790,0.056471,-0.089003,-0.385994,-0.055843,0.650397,0.089477,-0.694253,-0.057948,0.079560,0.048402,-0.148218,-0.071692,0.335738
dns2tcp_tunnel_99911_doh4_2020-03-31t08_43_31.521956,0.001162,False,-0.057022,-0.536187,-0.040124,0.073348,-0.061090,0.136297,0.083121,-0.291047,-0.060505,0.213340,0.355672,0.036692,-0.051204,-0.448824,-0.141428,0.237395,-0.052204,0.082452,0.154768,0.257640,-0.075285,-0.623548,-0.223153,0.429408,-0.053990,0.242330,0.521015,0.204397,-0.047225,-0.414830,-0.077318,0.286413,-0.045918,-0.159426,0.007263,0.080516,-0.057890,0.056571,-0.088903,-0.386094,-0.055943,0.650497,0.089577,-0.694353,-0.058048,0.079460,0.048302,-0.148318,-0.071792,0.335838
dns2tcp_tunnel_99911_doh4_2020-03-31t09_06_09.329259,0.001161,False,-0.057122,-0.536287,-0.040024,0.073448,-0.061190,0.136397,0.083221,-0.291147,-0.060605,0.213240,0.355772,0.036792,-0.051304,-0.448724,-0.141328,0.237295,-0.052304,0.082352,0.154668,0.257540,-0.075385,-0.623648,-0.223053,0.429508,-0.054090,0.242230,0.521115,0.204497,-0.047325,-0.414930,-0.077218,0.286513,-0.046018,-0.159326,0.007363,0.080416,-0.057990,0.056671,-0.088803,-0.386194,-0.056043,0.650597,0.089677,-0.694453,-0.058148,0.079360,0.048202,-0.148418,-0.071892,0.335938
dns2tcp_tunnel_99911_doh4_2020-03-31t09_28_49.327973,0.001159,False,-0.057222,-0.536387,-0.039924,0.073548,-0.061290,0.136497,0.083321,-0.291247,-0.060705,0.213140,0.355872,0.036892,-0.051404,-0.448624,-0.141228,0.237195,-0.052404,0.082252,0.154568,0.257440,-0.075485,-0.623748,-0.222953,0.429608,-0.054190,0.242130,0.521215,0.204597,-0.047425,-0.415030,-0.077118,0.286613,-0.046118,-0.159226,0.007463,0.080316,-0.058090,0.056771,-0.088703,-0.386294,-0.056143,0.650697,0.089777,-0.694553,-0.058248,0.079260,0.048102,-0.148518,-0.071992,0.336038
dns2tcp_tunnel_99911_doh4_2020-03-31t09_51_34.131395,0.001158,False,-0.057322,-0.536487,-0.039824,0.073648,-0.061390,0.136597,0.083421,-0.291347,-0.060805,0.213040,0.355972,0.036992,-0.051504,-0.448524,-0.141128,0.237095,-0.052504,0.082152,0.154468,0.257340,-0.075585,-0.623848,-0.222853,0.429708,-0.054290,0.242030,0.521315,0.204697,-0.047525,-0.415130,-0.077018,0.286713,-0.046218,-0.159126,0.007563,0.080216,-0.058190,0.056871,-0.088603,-0.386394,-0.056243,0.650797,0.089877,-0.694653,-0.058348,0.079160,0.048002,-0.148618,-0.072092,0.336138
dns2tcp_tunnel_99911_doh4_2020-03-31t10_14_19.912890,0.001157,False,-0.057422,-0.536587,-0.039724,0.073748,-0.061490,0.136697,0.083521,-0.291447,-0.060905,0.212940,0.356072,0.037092,-0.051604,-0.448424,-0.141028,0.236995,-0.052604,0.082052,0.154368,0.257240,-0.075685,-0.623948,-0.222753,0.429808,-0.054390,0.241930,0.521415,0.204797,-0.047625,-0.415230,-0.076918,0.286813,-0.046318,-0.159026,0.007663,0.080116,-0.058290,0.056971,-0.088503,-0.386494,-0.056343,0.650897,0.089977,-0.694753,-0.058448,0.079060,0.047902,-0.148718,-0.072192,0.336238
dns2tcp_tunnel_99911_doh4_2020-03-31t10_37_02.207846,0.001156,False,-0.057522,-0.536687,-0.039624,0.073848,-0.061590,0.136797,0.083621,-0.291547,-0.061005,0.212840,0.356172,0.037192,-0.051704,-0.448324,-0.140928,0.236895,-0.052704,0.081952,0.154268,0.257140,-0.075785,-0.624048,-0.222653,0.429908,-0.054490,0.241830,0.521515,0.204897,-0.047725,-0.415330,-0.076818,0.286913,-0.046418,-0.158926,0.007763,0.080016,-0.058390,0.057071,-0.088403,-0.386594,-0.056443,0.650997,0.090077,-0.694853,-0.058548,0.078960,0.047802,-0.148818,-0.072292,0.336338
dns2tcp_tunnel_99911_doh4_2020-03-31t10_59_47.338977,0.001155,False,-0.057622,-0.536787,-0.039524,0.073948,-0.061690,0.136897,0.083721,-0.291647,-0.061105,0.212740,0.356272,0.037292,-0.051804,-0.448224,-0.140828,0.236795,-0.052804,0.081852,0.154168,0.257040,-0.075885,-0.624148,-0.222553,0.430008,-0.054590,0.241730,0.521615,0.204997,-0.047825,-0.415430,-0.076718,0.287013,-0.046518,-0.158826,0.007863,0.079916,-0.058490,0.057171,-0.088303,-0.386694,-0.056543,0.651097,0.090177,-0.694953,-0.058648,0.078860,0.047702,-0.148918,-0.072392,0.336438
dns2tcp_tunnel_99911_doh4_2020-03-31t11_22_27.098695,0.001154,False,-0.057722,-0.536887,-0.039424,0.074048,-0.061790,0.136997,0.083821,-0.291747,-0.061205,0.212640,0.356372,0.037392,-0.051904,-0.448124,-0.140728,0.236695,-0.052904,0.081752,0.154068,0.256940,-0.075985,-0.624248,-0.222453,0.430108,-0.054690,0.241630,0.521715,0.205097,-0.047925,-0.415530,-0.076618,0.287113,-0.046618,-0.158726,0.007963,0.079816,-0.058590,0.057271,-0.088203,-0.386794,-0.056643,0.651197,0.090277,-0.695053,-0.058748,0.078760,0.047602,-0.149018,-0.072492,0.336538
dns2tcp_tunnel_99911_doh4_2020-03-31t11_45_07.624331,0.001153,False,-0.057822,-0.536987,-0.039324,0.074148,-0.061890,0.137097,0.083921,-0.291847,-0.061305,0.212540,0.356472,0.037492,-0.052004,-0.448024,-0.140628,0.236595,-0.053004,0.081652,0.153968,0.256840,-0.076085,-0.624348,-0.222353,0.430208,-0.054790,0.241530,0.521815,0.205197,-0.048025,-0.415630,-0.076518,0.287213,-0.046718,-0.158626,0.008063,0.079716,-0.058690,0.057371,-0.088103,-0.386894,-0.056743,0.651297,0.090377,-0.695153,-0.058848,0.078660,0.047502,-0.149118,-0.072592,0.336638
dns2tcp_tunnel_99911_doh4_2020-03-31t12_07_47.453907,0.001152,False,-0.057922,-0.537087,-0.039224,0.074248,-0.061990,0.137197,0.084021,-0.291947,-0.061405,0.212440,0.356572,0.037592,-0.052104,-0.447924,-0.140528,0.236495,-0.053104,0.081552,0.153868,0.256741,-0.076185,-0.624448,-0.222253,0.430308,-0.054890,0.241430,0.521915,0.205297,-0.048125,-0.415730,-0.076418,0.287313,-0.046818,-0.158526,0.008163,0.079616,-0.058790,0.057471,-0.088003,-0.386994,-0.056843,0.651397,0.090477,-0.695253,-0.058948,0.078560,0.047402,-0.149218,-0.072692,0.336738
dns2tcp_tunnel_99911_doh4_2020-03-31t12_30_29.180385,0.001151,False,-0.058022,-0.537187,-0.039124,0.074348,-0.062090,0.137297,0.084121,-0.292047,-0.061505,0.212340,0.356672,0.037692,-0.052204,-0.447824,-0.140428,0.236395,-0.053204,0.081452,0.153768,0.256641,-0.076285,-0.624548,-0.222153,0.430408,-0.054990,0.241330,0.522015,0.205397,-0.048225,-0.415830,-0.076318,0.287413,-0.046918,-0.158426,0.008263,0.079516,-0.058890,0.057571,-0.087903,-0.387094,-0.056943,0.651497,0.090577,-0.695353,-0.059048,0.078460,0.047302,-0.149318,-0.072792,0.336838
dns2tcp_tunnel_99911_doh4_2020-03-31t12_53_09.825848,0.001150,False,-0.058122,-0.537287,-0.039024,0.074448,-0.062190,0.137397,0.084221,-0.292147,-0.061605,0.212240,0.356772,0.037792,-0.052304,-0.447724,-0.140328,0.236295,-0.053304,0.081352,0.153668,0.256541,-0.076385,-0.624648,-0.222053,0.430508,-0.055090,0.241230,0.522115,0.205497,-0.048325,-0.415930,-0.076218,0.287513,-0.047018,-0.158326,0.008363,0.079416,-0.058990,0.057671,-0.087803,-0.387194,-0.057043,0.651597,0.090677,-0.695453,-0.059148,0.078360,0.047202,-0.149418,-0.072892,0.336938
dns2tcp_tunnel_99911_doh4_2020-03-31t13_15_50.455290,0.001149,False,-0.058222,-0.537387,-0.038924,0.074548,-0.062290,0.137497,0.084321,-0.292247,-0.061705,0.212140,0.356872,0.037892,-0.052404,-0.447624,-0.140228,0.236195,-0.053404,0.081252,0.153568,0.256441,-0.076485,-0.624748,-0.221953,0.430608,-0.055190,0.241130,0.522215,0.205597,-0.048425,-0.416030,-0.076118,0.287613,-0.047118,-0.158226,0.008463,0.079316,-0.059090,0.057771,-0.087703,-0.387294,-0.057143,0.651697,0.090777,-0.695553,-0.059248,0.078260,0.047102,-0.149518,-0.072992,0.337038
dns2tcp_tunnel_99911_doh4_2020-03-31t13_38_29.079792,0.001148,False,-0.058322,-0.537487,-0.038824,0.074648,-0.062390,0.137597,0.084421,-0.292347,-0.061805,0.212040,0.356972,0.037992,-0.052504,-0.447524,-0.140128,0.236095,-0.053504,0.081152,0.153468,0.256341,-0.076585,-0.624848,-0.221853,0.430708,-0.055290,0.241030,0.522315,0.205697,-0.048525,-0.416130,-0.076018,0.287713,-0.047218,-0.158126,0.008563,0.079216,-0.059190,0.057871,-0.087603,-0.387394,-0.057243,0.651797,0.090877,-0.695653,-0.059348,0.078160,0.047002,-0.149618,-0.073092,0.337138
dns2tcp_tunnel_99911_doh4_2020-03-31t14_01_07.331155,0.001147,False,-0.058422,-0.537587,-0.038724,0.074748,-0.062490,0.137697,0.084521,-0.292447,-0.061905,0.211940,0.357071,0.038092,-0.052604,-0.447424,-0.140028,0.235995,-0.053604,0.081052,0.153368,0.256241,-0.076685,-0.624948,-0.221753,0.430808,-0.055390,0.240930,0.522415,0.205797,-0.048625,-0.416230,-0.075918,0.287813,-0.047318,-0.158026,0.008663,0.079116,-0.059290,0.057971,-0.087503,-0.387494,-0.057343,0.651897,0.090977,-0.695753,-0.059448,0.078060,0.046902,-0.149718,-0.073192,0.337238
dns2tcp_tunnel_99911_doh4_2020-03-31t14_23_46.290631,0.001146,False,-0.058522,-0.537687,-0.038624,0.074848,-0.062590,0.137797,0.084621,-0.292547,-0.062005,0.211840,0.357171,0.038192,-0.052704,-0.447324,-0.139928,0.235895,-0.053704,0.080952,0.153268,0.256141,-0.076785,-0.625048,-0.221653,0.430908,-0.055490,0.240830,0.522515,0.205897,-0.048725,-0.416330,-0.075818,0.287913,-0.047418,-0.157926,0.008763,0.079016,-0.059390,0.058071,-0.087403,-0.387594,-0.057443,0.651997,0.091077,-0.695853,-0.059548,0.077960,0.046802,-0.149818,-0.073292,0.337338
dns2tcp_tunnel_99911_doh4_2020-03-31t14_46_23.058385,0.001145,False,-0.058622,-0.537787,-0.038524,0.074948,-0.062690,0.137897,0.084721,-0.292647,-0.062105,0.211740,0.357271,0.038292,-0.052804,-0.447224,-0.139828,0.235795,-0.053804,0.080852,0.153168,0.256041,-0.076885,-0.625148,-0.221553,0.431008,-0.055590,0.240730,0.522615,0.205997,-0.048825,-0.416430,-0.075718,0.288013,-0.047518,-0.157826,0.008863,0.078916,-0.059490,0.058171,-0.087303,-0.387694,-0.057543,0.652097,0.091177,-0.695953,-0.059648,0.077860,0.046702,-0.149918,-0.073392,0.337438
dns2tcp_tunnel_99911_doh4_2020-03-31t15_09_01.375749,0.001144,False,-0.058722,-0.537887,-0.038424,0.075048,-0.062790,0.137997,0.084821,-0.292747,-0.062205,0.211640,0.357371,0.038392,-0.052904,-0.447124,-0.139728,0.235695,-0.053904,0.080752,0.153068,0.255941,-0.076985,-0.625248,-0.221453,0.431108,-0.055690,0.240630,0.522715,0.206097,-0.048925,-0.416530,-0.075618,0.288113,-0.047618,-0.157726,0.008963,0.078816,-0.059590,0.058271,-0.087203,-0.387794,-0.057643,0.652197,0.091277,-0.696053,-0.059748,0.077760,0.046602,-0.150018,-0.073492,0.337538
dns2tcp_tunnel_99911_doh4_2020-03-31t15_31_40.556679,0.001143,False,-0.058822,-0.537987,-0.038324,0.075148,-0.062890,0.138097,0.084921,-0.292847,-0.062305,0.211540,0.357471,0.038492,-0.053004,-0.447024,-0.139628,0.235595,-0.054004,0.080652,0.152968,0.255841,-0.077085,-0.625348,-0.221353,0.431208,-0.055790,0.240530,0.522815,0.206197,-0.049025,-0.416630,-0.075518,0.288213,-0.047718,-0.157626,0.009063,0.078716,-0.059690,0.058371,-0.087103,-0.387894,-0.057744,0.652297,0.091377,-0.696153,-0.059848,0.077660,0.046502,-0.150118,-0.073592,0.337638
dns2tcp_tunnel_99911_doh4_2020-03-31t15_54_13.346720,0.001142,False,-0.058922,-0.538087,-0.038224,0.075248,-0.062990,0.138197,0.085021,-0.292947,-0.062405,0.211440,0.357571,0.038592,-0.053104,-0.446925,-0.139528,0.235495,-0.054104,0.080552,0.152868,0.255741,-0.077185,-0.625448,-0.221253,0.431308,-0.055890,0.240430,0.522915,0.206297,-0.049125,-0.416730,-0.075418,0.288313,-0.047818,-0.157526,0.009163,0.078616,-0.059790,0.058471,-0.087003,-0.387994,-0.057844,0.652397,0.091477,-0.696253,-0.059948,0.077560,0.046402,-0.150218,-0.073692,0.337738
dns2tcp_tunnel_99911_doh4_2020-03-31t16_16_47.960518,0.001141,False,-0.059022,-0.538187,-0.038124,0.075348,-0.063090,0.138297,0.085121,-0.293047,-0.062505,0.211340,0.357671,0.038692,-0.053204,-0.446825,-0.139428,0.235395,-0.054204,0.080452,0.152768,0.255641,-0.077285,-0.625548,-0.221153,0.431408,-0.055990,0.240330,0.523015,0.206397,-0.049225,-0.416830,-0.075318,0.288413,-0.047918,-0.157426,0.009263,0.078516,-0.059890,0.058571,-0.086903,-0.388094,-0.057944,0.652497,0.091577,-0.696353,-0.060048,0.077460,0.046302,-0.150318,-0.073792,0.337838
dns2tcp_tunnel_99911_doh4_2020-03-31t16_39_19.580585,0.001140,False,-0.059122,-0.538287,-0.038024,0.075448,-0.063190,0.138397,0.085221,-0.293147,-0.062605,0.211240,0.357771,0.038792,-0.053304,-0.446725,-0.139328,0.235295,-0.054304,0.080352,0.152668,0.255541,-0.077385,-0.625648,-0.221053,0.431508,-0.056090,0.240230,0.523115,0.206497,-0.049325,-0.416930,-0.075218,0.288513,-0.048018,-0.157326,0.009363,0.078416,-0.059990,0.058671,-0.086803,-0.388194,-0.058044,0.652597,0.091677,-0.696454,-0.060148,0.077360,0.046202,-0.150418,-0.073892,0.337938
dns2tcp_tunnel_99911_doh4_2020-03-31t17_01_53.870580,0.001139,False,-0.059222,-0.538387,-0.037924,0.075548,-0.063290,0.138497,0.085321,-0.293247,-0.062705,0.211140,0.357871,0.038892,-0.053404,-0.446625,-0.139228,0.235195,-0.054404,0.080252,0.152568,0.255441,-0.077485,-0.625748,-0.220953,0.431608,-0.056190,0.240130,0.523215,0.206597,-0.049425,-0.417030,-0.075118,0.288613,-0.048118,-0.157226,0.009463,0.078316,-0.060090,0.058771,-0.086703,-0.388294,-0.058144,0.652697,0.091777,-0.696554,-0.060248,0.077260,0.046102,-0.150518,-0.073992,0.338038
dns2tcp_tunnel_99911_doh4_2020-03-31t17_24_26.246154,0.001138,False,-0.059322,-0.538487,-0.037824,0.075648,-0.063390,0.138597,0.085421,-0.293347,-0.062805,0.211040,0.357971,0.038992,-0.053504,-0.446525,-0.139128,0.235095,-0.054504,0.080152,0.152468,0.255341,-0.077585,-0.625848,-0.220853,0.431708,-0.056290,0.240030,0.523315,0.206697,-0.049525,-0.417130,-0.075018,0.288713,-0.048218,-0.157126,0.009563,0.078216,-0.060190,0.058871,-0.086603,-0.388394,-0.058244,0.652797,0.091877,-0.696654,-0.060348,0.077160,0.046002,-0.150618,-0.074092,0.338138
dns2tcp_tunnel_99911_doh4_2020-03-31t17_46_59.556531,0.001138,False,-0.059422,-0.538587,-0.037724,0.075748,-0.063490,0.138697,0.085521,-0.293447,-0.062905,0.210940,0.358071,0.039092,-0.053604,-0.446425,-0.139028,0.234995,-0.054604,0.080052,0.152368,0.255241,-0.077685,-0.625948,-0.220753,0.431808,-0.056390,0.239930,0.523415,0.206797,-0.049625,-0.417230,-0.074918,0.288813,-0.048318,-0.157026,0.009663,0.078116,-0.060290,0.058971,-0.086503,-0.388494,-0.058344,0.652897,0.091977,-0.696754,-0.060448,0.077060,0.045902,-0.150718,-0.074192,0.338238
dns2tcp_tunnel_99911_doh4_2020-03-31t18_09_30.285838,0.001137,False,-0.059522,-0.538687,-0.037624,0.075848,-0.063590,0.138797,0.085621,-0.293547,-0.063005,0.210840,0.358171,0.039192,-0.053704,-0.446325,-0.138928,0.234895,-0.054704,0.079952,0.152268,0.255141,-0.077785,-0.626048,-0.220653,0.431908,-0.056490,0.239830,0.523515,0.206897,-0.049725,-0.417330,-0.074818,0.288913,-0.048418,-0.156926,0.009763,0.078016,-0.060390,0.059071,-0.086403,-0.388594,-0.058444,0.652997,0.092077,-0.696854,-0.060548,0.076960,0.045802,-0.150818,-0.074292,0.338338
dns2tcp_tunnel_99911_doh4_2020-03-31t18_32_01.991167,0.001136,False,-0.059622,-0.538787,-0.037524,0.075948,-0.063690,0.138897,0.085721,-0.293647,-0.063105,0.210740,0.358271,0.039292,-0.053804,-0.446225,-0.138828,0.234795,-0.054804,0.079852,0.152168,0.255041,-0.077885,-0.626148,-0.220553,0.432008,-0.056590,0.239730,0.523615,0.206997,-0.049825,-0.417430,-0.074718,0.289013,-0.048518,-0.156826,0.009863,0.077916,-0.060490,0.059171,-0.086303,-0.388694,-0.058544,0.653097,0.092177,-0.696954,-0.060648,0.076860,0.045702,-0.150918,-0.074392,0.338438
dns2tcp_tunnel_99911_doh4_2020-03-31t18_54_33.141385,0.001135,False,-0.059722,-0.538887,-0.037424,0.076048,-0.063790,0.138997,0.085821,-0.293747,-0.063205,0.210640,0.358371,0.039392,-0.053904,-0.446125,-0.138728,0.234695,-0.054904,0.079752,0.152068,0.254941,-0.077985,-0.626248,-0.220453,0.432108,-0.056690,0.239630,0.523715,0.207097,-0.049925,-0.417530,-0.074618,0.289113,-0.048618,-0.156726,0.009963,0.077816,-0.060590,0.059271,-0.086203,-0.388794,-0.058644,0.653197,0.092277,-0.697054,-0.060748,0.076760,0.045602,-0.151018,-0.074492,0.338538
dns2tcp_tunnel_99911_doh4_2020-03-31t19_17_01.884574,0.001134,False,-0.059822,-0.538987,-0.037324,0.076148,-0.063890,0.139097,0.085921,-0.293847,-0.063305,0.210540,0.358471,0.039492,-0.054004,-0.446025,-0.138628,0.234595,-0.055004,0.079652,0.151968,0.254841,-0.078085,-0.626348,-0.220353,0.432208,-0.056790,0.239530,0.523815,0.207197,-0.050025,-0.417630,-0.074518,0.289213,-0.048718,-0.156626,0.010063,0.077716,-0.060690,0.059371,-0.086103,-0.388894,-0.058744,0.653297,0.092377,-0.697154,-0.060848,0.076660,0.045502,-0.151118,-0.074592,0.338638
dns2tcp_tunnel_99911_doh4_2020-03-31t19_39_31.206899,0.001133,False,-0.059922,-0.539087,-0.037224,0.076248,-0.063990,0.139197,0.086021,-0.293947,-0.063405,0.210440,0.358571,0.039592,-0.054104,-0.445925,-0.138528,0.234495,-0.055104,0.079552,0.151868,0.254741,-0.078185,-0.626448,-0.220253,0.432308,-0.056890,0.239430,0.523915,0.207297,-0.050125,-0.417729,-0.074418,0.289313,-0.048818,-0.156526,0.010163,0.077616,-0.060790,0.059471,-0.086003,-0.388994,-0.058844,0.653397,0.092477,-0.697254,-0.060948,0.076560,0.045402,-0.151218,-0.074692,0.338738
dns2tcp_tunnel_99911_doh4_2020-03-31t20_01_59.880409,0.001132,False,-0.060022,-0.539187,-0.037124,0.076348,-0.064090,0.139297,0.086121,-0.294047,-0.063505,0.210340,0.358671,0.039692,-0.054204,-0.445825,-0.138428,0.234395,-0.055204,0.079452,0.151768,0.254641,-0.078285,-0.626548,-0.220153,0.432408,-0.056990,0.239330,0.524015,0.207397,-0.050225,-0.417829,-0.074318,0.289413,-0.048918,-0.156426,0.010263,0.077516,-0.060890,0.059571,-0.085903,-0.389094,-0.058944,0.653497,0.092577,-0.697354,-0.061048,0.076460,0.045302,-0.151318,-0.074792,0.338838
dns2tcp_tunnel_99911_doh4_2020-03-31t20_24_28.781524,0.001131,False,-0.060122,-0.539287,-0.037024,0.076448,-0.064190,0.139397,0.086221,-0.294147,-0.063605,0.210240,0.358771,0.039792,-0.054304,-0.445725,-0.138328,0.234295,-0.055304,0.079352,0.151668,0.254541,-0.078385,-0.626648,-0.220053,0.432508,-0.057090,0.239230,0.524115,0.207497,-0.050325,-0.417929,-0.074218,0.289513,-0.049018,-0.156326,0.010363,0.077416,-0.060990,0.059671,-0.085803,-0.389194,-0.059044,0.653597,0.092677,-0.697454,-0.061148,0.076360,0.045202,-0.151418,-0.074892,0.338938
dns2tcp_tunnel_99911_doh4_2020-03-31t20_46_57.503479,0.001130,False,-0.060222,-0.539387,-0.036924,0.076548,-0.064290,0.139497,0.086321,-0.294247,-0.063705,0.210140,0.358871,0.039892,-0.054404,-0.445625,-0.138228,0.234195,-0.055404,0.079252,0.151568,0.254441,-0.078485,-0.626749,-0.219953,0.432608,-0.057190,0.239130,0.524215,0.207597,-0.050425,-0.418029,-0.074118,0.289613,-0.049118,-0.156226,0.010463,0.077316,-0.061090,0.059771,-0.085703,-0.389294,-0.059144,0.653697,0.092777,-0.697554,-0.061248,0.076260,0.045102,-0.151518,-0.074992,0.339038
dns2tcp_tunnel_99911_doh4_2020-03-31t21_09_26.882438,0.001130,False,-0.060322,-0.539487,-0.036824,0.076648,-0.064390,0.139597,0.086421,-0.294347,-0.063805,0.210040,0.358971,0.039992,-0.054504,-0.445525,-0.138128,0.234095,-0.055504,0.079152,0.151468,0.254341,-0.078585,-0.626849,-0.219853,0.432708,-0.057290,0.239030,0.524315,0.207697,-0.050525,-0.418129,-0.074018,0.289712,-0.049218,-0.156126,0.010563,0.077216,-0.061190,0.059871,-0.085603,-0.389394,-0.059244,0.653797,0.092877,-0.697654,-0.061348,0.076160,0.045002,-0.151618,-0.075092,0.339138
dns2tcp_tunnel_99911_doh4_2020-03-31t21_31_55.516666,0.001129,False,-0.060422,-0.539587,-0.036724,0.076748,-0.064490,0.139697,0.086521,-0.294447,-0.063905,0.209940,0.359071,0.040092,-0.054604,-0.445425,-0.138028,0.233995,-0.055604,0.079052,0.151368,0.254241,-0.078685,-0.626949,-0.219753,0.432808,-0.057390,0.238930,0.524415,0.207797,-0.050625,-0.418229,-0.073918,0.289812,-0.049318,-0.156026,0.010663,0.077116,-0.061290,0.059971,-0.085503,-0.389494,-0.059344,0.653897,0.092977,-0.697754,-0.061448,0.076060,0.044902,-0.151718,-0.075192,0.339238
dns2tcp_tunnel_99911_doh5_2020-03-30t20_14_47.066924,0.001128,False,-0.060522,-0.539688,-0.036624,0.076848,-0.064590,0.139797,0.086621,-0.294547,-0.064005,0.209840,0.359171,0.040192,-0.054704,-0.445325,-0.137928,0.233895,-0.055704,0.078952,0.151268,0.254141,-0.078785,-0.627049,-0.219653,0.432908,-0.057490,0.238830,0.524515,0.207897,-0.050725,-0.418329,-0.073818,0.289912,-0.049418,-0.155926,0.010763,0.077016,-0.061390,0.060071,-0.085403,-0.389594,-0.059444,0.653997,0.093077,-0.697854,-0.061548,0.075960,0.044802,-0.151818,-0.075292,0.339338
dns2tcp_tunnel_99911_doh5_2020-03-30t20_38_14.820181,0.001127,False,-0.060622,-0.539788,-0.036524,0.076948,-0.064690,0.139897,0.086721,-0.294647,-0.064105,0.209740,0.359271,0.040292,-0.054804,-0.445225,-0.137828,0.233795,-0.055804,0.078852,0.151168,0.254041,-0.078885,-0.627149,-0.219553,0.433008,-0.057590,0.238730,0.524615,0.207997,-0.050825,-0.418429,-0.073718,0.290012,-0.049518,-0.155826,0.010863,0.076916,-0.061490,0.060171,-0.085303,-0.389694,-0.059544,0.654097,0.093177,-0.697954,-0.061648,0.075860,0.044702,-0.151918,-0.075392,0.339438
dns2tcp_tunnel_99911_doh5_2020-03-30t21_01_54.717326,0.001126,False,-0.060722,-0.539888,-0.036424,0.077048,-0.064790,0.139997,0.086821,-0.294747,-0.064205,0.209640,0.359371,0.040392,-0.054904,-0.445125,-0.137728,0.233695,-0.055904,0.078752,0.151068,0.253941,-0.078985,-0.627249,-0.219453,0.433108,-0.057690,0.238630,0.524715,0.208097,-0.050925,-0.418529,-0.073618,0.290112,-0.049618,-0.155726,0.010963,0.076816,-0.061590,0.060271,-0.085203,-0.389794,-0.059644,0.654198,0.093277,-0.698054,-0.061748,0.075760,0.044602,-0.152018,-0.075492,0.339538
dns2tcp_tunnel_99911_doh5_2020-03-30t21_24_49.513869,0.001125,False,-0.060822,-0.539988,-0.036324,0.077148,-0.064890,0.140097,0.086921,-0.294847,-0.064305,0.209540,0.359471,0.040492,-0.055004,-0.445025,-0.137628,0.233595,-0.056004,0.078652,0.150968,0.253841,-0.079085,-0.627349,-0.219353,0.433208,-0.057790,0.238530,0.524815,0.208197,-0.051025,-0.418629,-0.073518,0.290212,-0.049718,-0.155626,0.011063,0.076716,-0.061690,0.060371,-0.085103,-0.389894,-0.059744,0.654298,0.093377,-0.698154,-0.061848,0.075660,0.044502,-0.152118,-0.075592,0.339638
dns2tcp_tunnel_99911_doh5_2020-03-30t21_47_38.863631,0.001124,False,-0.060922,-0.540088,-0.036224,0.077248,-0.064990,0.140197,0.087021,-0.294947,-0.064405,0.209440,0.359571,0.040592,-0.055104,-0.444925,-0.137528,0.233495,-0.056104,0.078552,0.150868,0.253741,-0.079185,-0.627449,-0.219253,0.433308,-0.057890,0.238430,0.524915,0.208297,-0.051125,-0.418729,-0.073418,0.290312,-0.049818,-0.155526,0.011163,0.076616,-0.061790,0.060471,-0.085003,-0.389994,-0.059844,0.654398,0.093477,-0.698254,-0.061948,0.075560,0.044402,-0.152218,-0.075692,0.339738
dns2tcp_tunnel_99911_doh5_2020-03-30t22_10_18.086914,0.001123,False,-0.061022,-0.540188,-0.036124,0.077348,-0.065090,0.140297,0.087121,-0.295047,-0.064505,0.209340,0.359671,0.040692,-0.055204,-0.444825,-0.137428,0.233395,-0.056204,0.078452,0.150768,0.253641,-0.079285,-0.627549,-0.219153,0.433408,-0.057990,0.238330,0.525015,0.208397,-0.051225,-0.418829,-0.073318,0.290412,-0.049918,-0.155426,0.011263,0.076516,-0.061890,0.060571,-0.084903,-0.390094,-0.059944,0.654498,0.093577,-0.698354,-0.062048,0.075460,0.044302,-0.152318,-0.075792,0.339838
dns2tcp_tunnel_99911_doh5_2020-03-30t22_32_56.108044,0.001123,False,-0.061122,-0.540288,-0.036024,0.077448,-0.065190,0.140397,0.087221,-0.295147,-0.064605,0.209240,0.359771,0.040792,-0.055304,-0.444725,-0.137328,0.233295,-0.056304,0.078352,0.150668,0.253541,-0.079385,-0.627649,-0.219053,0.433508,-0.058090,0.238230,0.525115,0.208497,-0.051325,-0.418929,-0.073218,0.290512,-0.050018,-0.155326,0.011363,0.076416,-0.061990,0.060671,-0.084803,-0.390194,-0.060044,0.654598,0.093677,-0.698454,-0.062148,0.075360,0.044202,-0.152418,-0.075893,0.339938
dns2tcp_tunnel_99911_doh5_2020-03-30t22_55_32.999974,0.001122,False,-0.061222,-0.540388,-0.035924,0.077548,-0.065290,0.140497,0.087321,-0.295247,-0.064705,0.209140,0.359871,0.040892,-0.055404,-0.444625,-0.137228,0.233195,-0.056404,0.078252,0.150568,0.253441,-0.079485,-0.627749,-0.218953,0.433608,-0.058190,0.238130,0.525215,0.208597,-0.051425,-0.419029,-0.073118,0.290612,-0.050118,-0.155226,0.011463,0.076316,-0.062090,0.060771,-0.084703,-0.390294,-0.060144,0.654698,0.093777,-0.698554,-0.062248,0.075260,0.044102,-0.152518,-0.075993,0.340038
dns2tcp_tunnel_99911_doh5_2020-03-30t23_18_06.019527,0.001121,False,-0.061322,-0.540488,-0.035824,0.077648,-0.065390,0.140597,0.087421,-0.295347,-0.064805,0.209040,0.359971,0.040992,-0.055504,-0.444525,-0.137128,0.233095,-0.056504,0.078152,0.150468,0.253341,-0.079585,-0.627849,-0.218853,0.433708,-0.058290,0.238030,0.525315,0.208697,-0.051525,-0.419129,-0.073018,0.290712,-0.050218,-0.155126,0.011563,0.076216,-0.062190,0.060871,-0.084603,-0.390393,-0.060244,0.654798,0.093877,-0.698654,-0.062348,0.075160,0.044002,-0.152618,-0.076093,0.340138
dns2tcp_tunnel_99911_doh5_2020-03-30t23_40_38.396515,0.001120,False,-0.061422,-0.540588,-0.035724,0.077748,-0.065490,0.140697,0.087521,-0.295447,-0.064905,0.208940,0.360071,0.041092,-0.055604,-0.444425,-0.137028,0.232995,-0.056604,0.078052,0.150368,0.253241,-0.079685,-0.627949,-0.218753,0.433808,-0.058390,0.237930,0.525415,0.208797,-0.051625,-0.419229,-0.072918,0.290812,-0.050318,-0.155026,0.011663,0.076116,-0.062290,0.060971,-0.084503,-0.390493,-0.060344,0.654898,0.093977,-0.698754,-0.062448,0.075060,0.043902,-0.152718,-0.076193,0.340238
dns2tcp_tunnel_99911_doh5_2020-03-31t00_03_15.354847,0.001119,False,-0.061522,-0.540688,-0.035624,0.077848,-0.065590,0.140797,0.087621,-0.295547,-0.065005,0.208840,0.360171,0.041192,-0.055704,-0.444325,-0.136928,0.232895,-0.056704,0.077952,0.150268,0.253141,-0.079785,-0.628049,-0.218653,0.433908,-0.058490,0.237830,0.525515,0.208897,-0.051725,-0.419329,-0.072818,0.290912,-0.050418,-0.154926,0.011763,0.076016,-0.062390,0.061071,-0.084403,-0.390593,-0.060444,0.654998,0.094077,-0.698854,-0.062548,0.074960,0.043802,-0.152818,-0.076293,0.340338
dns2tcp_tunnel_99911_doh5_2020-03-31t00_25_49.767097,0.001118,False,-0.061622,-0.540788,-0.035524,0.077948,-0.065690,0.140897,0.087721,-0.295647,-0.065105,0.208740,0.360271,0.041292,-0.055804,-0.444225,-0.136828,0.232795,-0.056804,0.077852,0.150168,0.253041,-0.079885,-0.628149,-0.218553,0.434008,-0.058590,0.237730,0.525615,0.208997,-0.051825,-0.419429,-0.072718,0.291012,-0.050518,-0.154826,0.011863,0.075916,-0.062490,0.061171,-0.084303,-0.390693,-0.060544,0.655098,0.094177,-0.698954,-0.062648,0.074860,0.043702,-0.152918,-0.076393,0.340438
dns2tcp_tunnel_99911_doh5_2020-03-31t00_48_27.637508,0.001118,False,-0.061722,-0.540888,-0.035424,0.078048,-0.065790,0.140997,0.087821,-0.295747,-0.065205,0.208640,0.360371,0.041392,-0.055904,-0.444125,-0.136728,0.232695,-0.056904,0.077752,0.150068,0.252941,-0.079985,-0.628249,-0.218453,0.434108,-0.058690,0.237630,0.525715,0.209097,-0.051925,-0.419529,-0.072618,0.291112,-0.050618,-0.154726,0.011963,0.075816,-0.062590,0.061271,-0.084203,-0.390793,-0.060644,0.655198,0.094277,-0.699054,-0.062748,0.074760,0.043602,-0.153018,-0.076493,0.340538
dns2tcp_tunnel_99911_doh5_2020-03-31t01_11_06.817592,0.001117,False,-0.061822,-0.540988,-0.035324,0.078148,-0.065890,0.141097,0.087921,-0.295847,-0.065305,0.208540,0.360471,0.041492,-0.056004,-0.444025,-0.136628,0.232595,-0.057004,0.077652,0.149968,0.252841,-0.080085,-0.628349,-0.218353,0.434208,-0.058790,0.237530,0.525815,0.209197,-0.052025,-0.419629,-0.072518,0.291212,-0.050718,-0.154626,0.012063,0.075716,-0.062690,0.061371,-0.084103,-0.390893,-0.060744,0.655298,0.094377,-0.699154,-0.062848,0.074660,0.043502,-0.153118,-0.076593,0.340638
dns2tcp_tunnel_99911_doh5_2020-03-31t01_33_46.066319,0.001116,False,-0.061922,-0.541088,-0.035224,0.078248,-0.065990,0.141197,0.088021,-0.295947,-0.065405,0.208440,0.360571,0.041592,-0.056104,-0.443925,-0.136528,0.232495,-0.057104,0.077552,0.149868,0.252741,-0.080185,-0.628449,-0.218253,0.434308,-0.058890,0.237430,0.525915,0.209297,-0.052125,-0.419729,-0.072418,0.291312,-0.050818,-0.154526,0.012163,0.075616,-0.062790,0.061471,-0.084003,-0.390993,-0.060844,0.655398,0.094477,-0.699254,-0.062948,0.074560,0.043402,-0.153218,-0.076693,0.340738
dns2tcp_tunnel_99911_doh5_2020-03-31t01_56_24.704902,0.001115,False,-0.062022,-0.541188,-0.035124,0.078348,-0.066090,0.141297,0.088121,-0.296046,-0.065505,0.208340,0.360671,0.041692,-0.056204,-0.443825,-0.136428,0.232395,-0.057204,0.077452,0.149768,0.252641,-0.080285,-0.628549,-0.218153,0.434408,-0.058990,0.237330,0.526015,0.209397,-0.052225,-0.419829,-0.072318,0.291412,-0.050918,-0.154426,0.012263,0.075516,-0.062890,0.061571,-0.083903,-0.391093,-0.060944,0.655498,0.094577,-0.699354,-0.063048,0.074460,0.043302,-0.153318,-0.076793,0.340838
dns2tcp_tunnel_99911_doh5_2020-03-31t02_19_03.747614,0.001114,False,-0.062122,-0.541288,-0.035024,0.078448,-0.066190,0.141397,0.088221,-0.296146,-0.065605,0.208240,0.360771,0.041792,-0.056304,-0.443725,-0.136328,0.232295,-0.057304,0.077352,0.149668,0.252541,-0.080385,-0.628649,-0.218053,0.434508,-0.059090,0.237230,0.526115,0.209497,-0.052325,-0.419929,-0.072218,0.291512,-0.051018,-0.154326,0.012363,0.075416,-0.062990,0.061671,-0.083803,-0.391193,-0.061044,0.655598,0.094677,-0.699454,-0.063148,0.074360,0.043202,-0.153418,-0.076893,0.340938
dns2tcp_tunnel_99911_doh5_2020-03-31t02_41_43.375022,0.001114,False,-0.062222,-0.541388,-0.034924,0.078548,-0.066290,0.141497,0.088321,-0.296246,-0.065705,0.208140,0.360871,0.041892,-0.056404,-0.443625,-0.136228,0.232195,-0.057404,0.077252,0.149568,0.252441,-0.080485,-0.628749,-0.217953,0.434608,-0.059190,0.237130,0.526215,0.209597,-0.052425,-0.420029,-0.072118,0.291612,-0.051118,-0.154226,0.012463,0.075316,-0.063090,0.061771,-0.083703,-0.391293,-0.061144,0.655698,0.094777,-0.699554,-0.063248,0.074260,0.043102,-0.153518,-0.076993,0.341038
dns2tcp_tunnel_99911_doh5_2020-03-31t03_04_17.438184,0.001113,False,-0.062322,-0.541488,-0.034824,0.078648,-0.066390,0.141597,0.088421,-0.296346,-0.065805,0.208040,0.360971,0.041992,-0.056504,-0.443525,-0.136128,0.232095,-0.057504,0.077152,0.149468,0.252341,-0.080585,-0.628849,-0.217853,0.434708,-0.059290,0.237030,0.526315,0.209697,-0.052525,-0.420129,-0.072018,0.291712,-0.051218,-0.154126,0.012563,0.075216,-0.063190,0.061871,-0.083603,-0.391393,-0.061244,0.655798,0.094877,-0.699654,-0.063348,0.074160,0.043002,-0.153618,-0.077093,0.341138
dns2tcp_tunnel_99911_doh5_2020-03-31t03_26_51.885024,0.001112,False,-0.062422,-0.541588,-0.034724,0.078748,-0.066490,0.141697,0.088521,-0.296446,-0.065905,0.207940,0.361071,0.042092,-0.056604,-0.443425,-0.136028,0.231995,-0.057604,0.077052,0.149368,0.252241,-0.080685,-0.628949,-0.217753,0.434808,-0.059390,0.236930,0.526415,0.209797,-0.052625,-0.420229,-0.071918,0.291812,-0.051318,-0.154026,0.012663,0.075116,-0.063290,0.061971,-0.083503,-0.391493,-0.061344,0.655898,0.094977,-0.699754,-0.063448,0.074060,0.042902,-0.153718,-0.077193,0.341238
dns2tcp_tunnel_99911_doh5_2020-03-31t03_49_26.449451,0.001111,False,-0.062522,-0.541688,-0.034624,0.078848,-0.066590,0.141797,0.088621,-0.296546,-0.066005,0.207840,0.361171,0.042192,-0.056704,-0.443325,-0.135928,0.231895,-0.057704,0.076952,0.149268,0.252141,-0.080785,-0.629049,-0.217653,0.434908,-0.059490,0.236830,0.526515,0.209897,-0.052725,-0.420329,-0.071818,0.291912,-0.051418,-0.153926,0.012763,0.075016,-0.063390,0.062071,-0.083403,-0.391593,-0.061444,0.655998,0.095077,-0.699854,-0.063548,0.073960,0.042802,-0.153818,-0.077293,0.341338
dns2tcp_tunnel_99911_doh5_2020-03-31t04_11_59.669982,0.001110,False,-0.062622,-0.541788,-0.034524,0.078948,-0.066690,0.141897,0.088721,-0.296646,-0.066105,0.207740,0.361271,0.042292,-0.056804,-0.443225,-0.135828,0.231795,-0.057804,0.076852,0.149168,0.252041,-0.080885,-0.629149,-0.217553,0.435008,-0.059590,0.236730,0.526616,0.209997,-0.052825,-0.420429,-0.071718,0.292012,-0.051518,-0.153826,0.012863,0.074916,-0.063490,0.062171,-0.083303,-0.391693,-0.061544,0.656098,0.095177,-0.699954,-0.063648,0.073860,0.042702,-0.153918,-0.077393,0.341438
dns2tcp_tunnel_99911_doh5_2020-03-31t04_34_33.748488,0.001110,False,-0.062722,-0.541888,-0.034424,0.079048,-0.066790,0.141997,0.088821,-0.296746,-0.066205,0.207640,0.361371,0.042392,-0.056904,-0.443125,-0.135728,0.231695,-0.057904,0.076752,0.149068,0.251941,-0.080985,-0.629249,-0.217453,0.435108,-0.059690,0.236630,0.526716,0.210097,-0.052925,-0.420529,-0.071618,0.292112,-0.051618,-0.153726,0.012963,0.074816,-0.063590,0.062271,-0.083203,-0.391793,-0.061644,0.656198,0.095277,-0.700054,-0.063748,0.073760,0.042602,-0.154018,-0.077493,0.341538
dns2tcp_tunnel_99911_doh5_2020-03-31t04_57_11.040809,0.001109,False,-0.062822,-0.541988,-0.034324,0.079148,-0.066890,0.142097,0.088921,-0.296846,-0.066305,0.207540,0.361471,0.042492,-0.057004,-0.443025,-0.135628,0.231595,-0.058004,0.076652,0.148968,0.251841,-0.081085,-0.629349,-0.217353,0.435208,-0.059790,0.236530,0.526816,0.210197,-0.053025,-0.420629,-0.071518,0.292212,-0.051718,-0.153626,0.013063,0.074716,-0.063690,0.062371,-0.083103,-0.391893,-0.061744,0.656298,0.095377,-0.700154,-0.063848,0.073660,0.042502,-0.154118,-0.077593,0.341638
dns2tcp_tunnel_99911_doh5_2020-03-31t05_19_49.142812,0.001108,False,-0.062922,-0.542088,-0.034224,0.079248,-0.066990,0.142197,0.089021,-0.296946,-0.066405,0.207440,0.361571,0.042592,-0.057104,-0.442925,-0.135528,0.231495,-0.058104,0.076552,0.148868,0.251741,-0.081185,-0.629449,-0.217253,0.435308,-0.059890,0.236430,0.526916,0.210297,-0.053125,-0.420729,-0.071418,0.292312,-0.051818,-0.153526,0.013163,0.074616,-0.063790,0.062471,-0.083003,-0.391993,-0.061844,0.656398,0.095477,-0.700254,-0.063948,0.073560,0.042402,-0.154218,-0.077693,0.341738
dns2tcp_tunnel_99911_doh5_2020-03-31t05_42_26.429856,0.001107,False,-0.063022,-0.542188,-0.034124,0.079348,-0.067090,0.142297,0.089121,-0.297046,-0.066505,0.207340,0.361671,0.042692,-0.057204,-0.442825,-0.135428,0.231395,-0.058204,0.076452,0.148768,0.251641,-0.081285,-0.629549,-0.217153,0.435408,-0.059990,0.236330,0.527016,0.210397,-0.053225,-0.420829,-0.071318,0.292412,-0.051918,-0.153426,0.013263,0.074516,-0.063890,0.062571,-0.082903,-0.392093,-0.061944,0.656498,0.095577,-0.700354,-0.064048,0.073460,0.042302,-0.154318,-0.077793,0.341838
dns2tcp_tunnel_99911_doh5_2020-03-31t06_05_06.145780,0.001107,False,-0.063122,-0.542288,-0.034024,0.079448,-0.067190,0.142397,0.089221,-0.297146,-0.066605,0.207240,0.361771,0.042792,-0.057304,-0.442725,-0.135328,0.231295,-0.058304,0.076352,0.148668,0.251541,-0.081385,-0.629649,-0.217053,0.435508,-0.060090,0.236230,0.527116,0.210497,-0.053325,-0.420929,-0.071218,0.292512,-0.052018,-0.153326,0.013363,0.074416,-0.063990,0.062671,-0.082803,-0.392193,-0.062044,0.656598,0.095677,-0.700454,-0.064148,0.073360,0.042202,-0.154418,-0.077893,0.341938
dns2tcp_tunnel_99911_doh5_2020-03-31t06_27_49.316218,0.001106,False,-0.063222,-0.542388,-0.033924,0.079548,-0.067290,0.142497,0.089321,-0.297246,-0.066705,0.207140,0.361871,0.042892,-0.057404,-0.442625,-0.135228,0.231195,-0.058404,0.076252,0.148568,0.251441,-0.081485,-0.629749,-0.216953,0.435608,-0.060190,0.236130,0.527216,0.210597,-0.053425,-0.421029,-0.071118,0.292612,-0.052118,-0.153226,0.013463,0.074316,-0.064090,0.062771,-0.082703,-0.392293,-0.062144,0.656698,0.095777,-0.700554,-0.064248,0.073260,0.042102,-0.154518,-0.077993,0.342038
dns2tcp_tunnel_99911_doh5_2020-03-31t06_50_28.336020,0.001105,False,-0.063322,-0.542488,-0.033824,0.079648,-0.067390,0.142597,0.089421,-0.297346,-0.066805,0.207040,0.361971,0.042992,-0.057504,-0.442525,-0.135128,0.231095,-0.058504,0.076152,0.148468,0.251341,-0.081585,-0.629849,-0.216853,0.435708,-0.060290,0.236030,0.527316,0.210697,-0.053525,-0.421129,-0.071018,0.292712,-0.052218,-0.153126,0.013563,0.074216,-0.064190,0.062871,-0.082603,-0.392393,-0.062244,0.656798,0.095877,-0.700654,-0.064348,0.073160,0.042002,-0.154618,-0.078093,0.342138
dns2tcp_tunnel_99911_doh5_2020-03-31t07_13_07.701264,0.001104,False,-0.063422,-0.542588,-0.033724,0.079748,-0.067490,0.142697,0.089521,-0.297446,-0.066905,0.206940,0.362071,0.043092,-0.057604,-0.442425,-0.135028,0.230995,-0.058604,0.076052,0.148368,0.251241,-0.081685,-0.629949,-0.216753,0.435808,-0.060390,0.235930,0.527416,0.210797,-0.053625,-0.421229,-0.070918,0.292812,-0.052318,-0.153026,0.013663,0.074116,-0.064290,0.062971,-0.082503,-0.392493,-0.062344,0.656898,0.095977,-0.700754,-0.064448,0.073060,0.041902,-0.154718,-0.078193,0.342238
dns2tcp_tunnel_99911_doh5_2020-03-31t07_35_45.600036,0.001103,False,-0.063522,-0.542688,-0.033624,0.079848,-0.067590,0.142797,0.089621,-0.297546,-0.067005,0.206840,0.362171,0.043192,-0.057704,-0.442325,-0.134928,0.230895,-0.058704,0.075952,0.148268,0.251141,-0.081785,-0.630049,-0.216653,0.435908,-0.060490,0.235830,0.527516,0.210897,-0.053725,-0.421329,-0.070818,0.292912,-0.052418,-0.152926,0.013763,0.074016,-0.064390,0.063071,-0.082403,-0.392593,-0.062444,0.656998,0.096077,-0.700854,-0.064548,0.072960,0.041802,-0.154818,-0.078293,0.342338
dns2tcp_tunnel_99911_doh5_2020-03-31t07_58_17.815878,0.001103,False,-0.063622,-0.542788,-0.033524,0.079948,-0.067690,0.142897,0.089721,-0.297646,-0.067105,0.206740,0.362271,0.043292,-0.057804,-0.442225,-0.134828,0.230795,-0.058804,0.075852,0.148168,0.251041,-0.081885,-0.630149,-0.216553,0.436007,-0.060590,0.235730,0.527616,0.210997,-0.053825,-0.421429,-0.070718,0.293012,-0.052518,-0.152826,0.013863,0.073916,-0.064490,0.063171,-0.082303,-0.392693,-0.062544,0.657098,0.096177,-0.700954,-0.064648,0.072860,0.041702,-0.154918,-0.078393,0.342438
dns2tcp_tunnel_99911_doh5_2020-03-31t08_20_52.502618,0.001102,False,-0.063722,-0.542888,-0.033424,0.080048,-0.067790,0.142997,0.089821,-0.297746,-0.067205,0.206640,0.362371,0.043392,-0.057904,-0.442125,-0.134728,0.230695,-0.058904,0.075752,0.148068,0.250941,-0.081985,-0.630249,-0.216453,0.436107,-0.060690,0.235630,0.527716,0.211097,-0.053925,-0.421529,-0.070618,0.293112,-0.052618,-0.152726,0.013963,0.073816,-0.064590,0.063271,-0.082203,-0.392793,-0.062644,0.657198,0.096277,-0.701054,-0.064748,0.072760,0.041602,-0.155018,-0.078493,0.342538
dns2tcp_tunnel_99911_doh5_2020-03-31t08_43_32.121667,0.001101,False,-0.063822,-0.542988,-0.033324,0.080148,-0.067890,0.143097,0.089921,-0.297846,-0.067305,0.206540,0.362471,0.043492,-0.058004,-0.442025,-0.134628,0.230595,-0.059004,0.075652,0.147968,0.250841,-0.082085,-0.630349,-0.216353,0.436207,-0.060790,0.235530,0.527816,0.211197,-0.054025,-0.421629,-0.070518,0.293212,-0.052718,-0.152626,0.014063,0.073716,-0.064690,0.063371,-0.082103,-0.392893,-0.062744,0.657298,0.096377,-0.701154,-0.064848,0.072660,0.041502,-0.155118,-0.078593,0.342638
dns2tcp_tunnel_99911_doh5_2020-03-31t09_06_10.027745,0.001100,False,-0.063922,-0.543088,-0.033224,0.080248,-0.067990,0.143197,0.090021,-0.297946,-0.067405,0.206440,0.362571,0.043592,-0.058104,-0.441925,-0.134528,0.230495,-0.059104,0.075552,0.147868,0.250741,-0.082185,-0.630449,-0.216253,0.436307,-0.060890,0.235430,0.527916,0.211297,-0.054125,-0.421729,-0.070418,0.293312,-0.052818,-0.152526,0.014163,0.073616,-0.064790,0.063471,-0.082003,-0.392993,-0.062844,0.657398,0.096477,-0.701254,-0.064948,0.072560,0.041402,-0.155218,-0.078693,0.342738
dns2tcp_tunnel_99911_doh5_2020-03-31t09_28_50.280954,0.001100,False,-0.064022,-0.543188,-0.033124,0.080348,-0.068090,0.143297,0.090121,-0.298046,-0.067505,0.206340,0.362671,0.043692,-0.058204,-0.441825,-0.134428,0.230395,-0.059204,0.075452,0.147768,0.250641,-0.082285,-0.630549,-0.216153,0.436407,-0.060990,0.235330,0.528016,0.211397,-0.054225,-0.421829,-0.070318,0.293412,-0.052918,-0.152426,0.014263,0.073516,-0.064890,0.063571,-0.081903,-0.393093,-0.062944,0.657498,0.096577,-0.701354,-0.065048,0.072460,0.041302,-0.155318,-0.078793,0.342838
dns2tcp_tunnel_99911_doh5_2020-03-31t09_51_35.397884,0.001099,False,-0.064122,-0.543288,-0.033024,0.080448,-0.068190,0.143397,0.090221,-0.298146,-0.067605,0.206240,0.362771,0.043792,-0.058304,-0.441725,-0.134328,0.230295,-0.059304,0.075352,0.147668,0.250541,-0.082385,-0.630649,-0.216053,0.436507,-0.061090,0.235230,0.528116,0.211497,-0.054325,-0.421929,-0.070218,0.293512,-0.053018,-0.152326,0.014363,0.073416,-0.064990,0.063671,-0.081803,-0.393193,-0.063044,0.657598,0.096677,-0.701454,-0.065148,0.072360,0.041202,-0.155418,-0.078893,0.342937
dns2tcp_tunnel_99911_doh5_2020-03-31t10_14_20.799417,0.001098,False,-0.064222,-0.543388,-0.032924,0.080548,-0.068290,0.143497,0.090321,-0.298246,-0.067705,0.206140,0.362871,0.043892,-0.058404,-0.441625,-0.134228,0.230195,-0.059404,0.075252,0.147568,0.250441,-0.082485,-0.630749,-0.215953,0.436607,-0.061190,0.235130,0.528216,0.211597,-0.054425,-0.422029,-0.070118,0.293612,-0.053118,-0.152226,0.014463,0.073316,-0.065090,0.063771,-0.081703,-0.393293,-0.063144,0.657698,0.096777,-0.701554,-0.065248,0.072260,0.041102,-0.155518,-0.078993,0.343037
dns2tcp_tunnel_99911_doh5_2020-03-31t10_37_03.275345,0.001097,False,-0.064322,-0.543488,-0.032824,0.080648,-0.068390,0.143597,0.090421,-0.298346,-0.067805,0.206040,0.362971,0.043992,-0.058504,-0.441525,-0.134128,0.230095,-0.059504,0.075152,0.147468,0.250341,-0.082585,-0.630849,-0.215853,0.436707,-0.061290,0.235030,0.528316,0.211697,-0.054525,-0.422129,-0.070018,0.293712,-0.053218,-0.152126,0.014563,0.073216,-0.065190,0.063871,-0.081603,-0.393393,-0.063244,0.657798,0.096877,-0.701654,-0.065348,0.072160,0.041002,-0.155618,-0.079093,0.343137
dns2tcp_tunnel_99911_doh5_2020-03-31t10_59_48.557431,0.001097,False,-0.064422,-0.543588,-0.032724,0.080748,-0.068490,0.143697,0.090521,-0.298446,-0.067905,0.205940,0.363071,0.044092,-0.058604,-0.441425,-0.134028,0.229995,-0.059604,0.075052,0.147368,0.250241,-0.082685,-0.630949,-0.215753,0.436807,-0.061390,0.234930,0.528416,0.211797,-0.054625,-0.422229,-0.069918,0.293812,-0.053318,-0.152026,0.014663,0.073116,-0.065290,0.063971,-0.081503,-0.393493,-0.063344,0.657898,0.096977,-0.701754,-0.065448,0.072060,0.040902,-0.155718,-0.079193,0.343237
dns2tcp_tunnel_99911_doh5_2020-03-31t11_22_27.753485,0.001096,False,-0.064522,-0.543688,-0.032623,0.080848,-0.068590,0.143797,0.090621,-0.298546,-0.068005,0.205840,0.363171,0.044192,-0.058704,-0.441325,-0.133928,0.229895,-0.059704,0.074952,0.147268,0.250141,-0.082785,-0.631049,-0.215653,0.436907,-0.061490,0.234830,0.528516,0.211897,-0.054725,-0.422329,-0.069818,0.293912,-0.053418,-0.151926,0.014763,0.073016,-0.065390,0.064071,-0.081403,-0.393593,-0.063444,0.657998,0.097077,-0.701854,-0.065548,0.071960,0.040802,-0.155818,-0.079293,0.343337
dns2tcp_tunnel_99911_doh5_2020-03-31t11_45_08.375348,0.001095,False,-0.064622,-0.543788,-0.032523,0.080948,-0.068690,0.143897,0.090721,-0.298646,-0.068105,0.205740,0.363271,0.044292,-0.058804,-0.441225,-0.133828,0.229795,-0.059804,0.074852,0.147168,0.250041,-0.082885,-0.631149,-0.215553,0.437007,-0.061590,0.234730,0.528616,0.211997,-0.054825,-0.422429,-0.069718,0.294012,-0.053518,-0.151826,0.014863,0.072916,-0.065490,0.064171,-0.081303,-0.393693,-0.063544,0.658098,0.097177,-0.701954,-0.065648,0.071860,0.040702,-0.155918,-0.079393,0.343437
dns2tcp_tunnel_99911_doh5_2020-03-31t12_07_48.088881,0.001094,False,-0.064722,-0.543888,-0.032423,0.081048,-0.068790,0.143997,0.090821,-0.298746,-0.068205,0.205640,0.363371,0.044392,-0.058904,-0.441125,-0.133728,0.229695,-0.059904,0.074752,0.147068,0.249941,-0.082985,-0.631249,-0.215453,0.437107,-0.061690,0.234630,0.528716,0.212097,-0.054925,-0.422529,-0.069618,0.294112,-0.053618,-0.151726,0.014963,0.072816,-0.065590,0.064271,-0.081203,-0.393793,-0.063644,0.658198,0.097277,-0.702054,-0.065748,0.071760,0.040602,-0.156018,-0.079493,0.343537
dns2tcp_tunnel_99911_doh5_2020-03-31t12_30_30.166265,0.001094,False,-0.064822,-0.543988,-0.032323,0.081148,-0.068890,0.144097,0.090921,-0.298846,-0.068305,0.205540,0.363471,0.044492,-0.059004,-0.441025,-0.133628,0.229595,-0.060004,0.074652,0.146968,0.249841,-0.083085,-0.631349,-0.215353,0.437207,-0.061790,0.234530,0.528816,0.212197,-0.055025,-0.422629,-0.069518,0.294212,-0.053718,-0.151626,0.015063,0.072716,-0.065690,0.064371,-0.081103,-0.393893,-0.063744,0.658298,0.097377,-0.702154,-0.065848,0.071660,0.040502,-0.156118,-0.079593,0.343637
dns2tcp_tunnel_99911_doh5_2020-03-31t12_53_10.553232,0.001093,False,-0.064922,-0.544088,-0.032223,0.081248,-0.068990,0.144197,0.091021,-0.298946,-0.068405,0.205440,0.363571,0.044592,-0.059104,-0.440925,-0.133528,0.229495,-0.060104,0.074552,0.146868,0.249741,-0.083185,-0.631449,-0.215253,0.437307,-0.061890,0.234430,0.528916,0.212297,-0.055125,-0.422729,-0.069418,0.294312,-0.053818,-0.151526,0.015163,0.072616,-0.065790,0.064471,-0.081003,-0.393993,-0.063844,0.658398,0.097477,-0.702254,-0.065948,0.071560,0.040402,-0.156218,-0.079693,0.343737
dns2tcp_tunnel_99911_doh5_2020-03-31t13_15_51.212013,0.001092,False,-0.065022,-0.544188,-0.032123,0.081348,-0.069090,0.144297,0.091121,-0.299046,-0.068505,0.205340,0.363671,0.044692,-0.059204,-0.440825,-0.133428,0.229395,-0.060204,0.074452,0.146768,0.249641,-0.083285,-0.631549,-0.215153,0.437407,-0.061990,0.234330,0.529016,0.212397,-0.055225,-0.422829,-0.069318,0.294412,-0.053918,-0.151426,0.015263,0.072516,-0.065890,0.064571,-0.080903,-0.394093,-0.063944,0.658498,0.097577,-0.702354,-0.066048,0.071460,0.040302,-0.156318,-0.079793,0.343837
dns2tcp_tunnel_99911_doh5_2020-03-31t13_38_29.907342,0.001091,False,-0.065122,-0.544288,-0.032023,0.081448,-0.069190,0.144397,0.091221,-0.299146,-0.068605,0.205240,0.363771,0.044792,-0.059304,-0.440725,-0.133328,0.229295,-0.060304,0.074352,0.146668,0.249541,-0.083385,-0.631649,-0.215053,0.437507,-0.062090,0.234230,0.529116,0.212497,-0.055325,-0.422929,-0.069218,0.294512,-0.054018,-0.151326,0.015363,0.072416,-0.065990,0.064671,-0.080803,-0.394193,-0.064044,0.658598,0.097677,-0.702455,-0.066148,0.071360,0.040202,-0.156418,-0.079893,0.343937
dns2tcp_tunnel_99911_doh5_2020-03-31t14_01_08.024519,0.001091,False,-0.065222,-0.544388,-0.031923,0.081548,-0.069290,0.144497,0.091321,-0.299246,-0.068705,0.205140,0.363871,0.044892,-0.059404,-0.440625,-0.133228,0.229195,-0.060404,0.074252,0.146568,0.249441,-0.083485,-0.631749,-0.214953,0.437607,-0.062190,0.234130,0.529216,0.212597,-0.055425,-0.423029,-0.069118,0.294612,-0.054118,-0.151226,0.015463,0.072316,-0.066090,0.064771,-0.080703,-0.394293,-0.064144,0.658698,0.097777,-0.702555,-0.066248,0.071260,0.040102,-0.156518,-0.079993,0.344037
dns2tcp_tunnel_99911_doh5_2020-03-31t14_23_46.991318,0.001090,False,-0.065322,-0.544488,-0.031823,0.081648,-0.069390,0.144597,0.091421,-0.299346,-0.068805,0.205040,0.363971,0.044992,-0.059504,-0.440525,-0.133128,0.229095,-0.060504,0.074152,0.146468,0.249341,-0.083585,-0.631849,-0.214853,0.437707,-0.062290,0.234030,0.529316,0.212697,-0.055525,-0.423129,-0.069018,0.294712,-0.054218,-0.151126,0.015563,0.072216,-0.066190,0.064871,-0.080603,-0.394393,-0.064244,0.658798,0.097877,-0.702655,-0.066349,0.071160,0.040002,-0.156618,-0.080093,0.344137
dns2tcp_tunnel_99911_doh5_2020-03-31t14_46_23.616307,0.001089,False,-0.065422,-0.544588,-0.031723,0.081748,-0.069490,0.144697,0.091521,-0.299446,-0.068905,0.204940,0.364071,0.045092,-0.059604,-0.440425,-0.133028,0.228995,-0.060604,0.074051,0.146368,0.249241,-0.083685,-0.631949,-0.214753,0.437807,-0.062390,0.233930,0.529416,0.212797,-0.055625,-0.423229,-0.068918,0.294812,-0.054318,-0.151026,0.015663,0.072116,-0.066290,0.064971,-0.080503,-0.394493,-0.064344,0.658898,0.097977,-0.702755,-0.066449,0.071060,0.039902,-0.156718,-0.080193,0.344237
dns2tcp_tunnel_99911_doh5_2020-03-31t15_09_02.264522,0.001089,False,-0.065522,-0.544688,-0.031623,0.081848,-0.069590,0.144797,0.091621,-0.299546,-0.069005,0.204840,0.364171,0.045192,-0.059704,-0.440325,-0.132928,0.228895,-0.060704,0.073951,0.146268,0.249141,-0.083785,-0.632049,-0.214653,0.437907,-0.062490,0.233830,0.529516,0.212897,-0.055725,-0.423329,-0.068818,0.294912,-0.054418,-0.150926,0.015763,0.072016,-0.066390,0.065071,-0.080403,-0.394593,-0.064444,0.658998,0.098077,-0.702855,-0.066549,0.070960,0.039802,-0.156818,-0.080293,0.344337
dns2tcp_tunnel_99911_doh5_2020-03-31t15_31_41.157872,0.001088,False,-0.065622,-0.544788,-0.031523,0.081948,-0.069690,0.144897,0.091721,-0.299646,-0.069105,0.204740,0.364271,0.045292,-0.059804,-0.440225,-0.132828,0.228795,-0.060804,0.073851,0.146168,0.249041,-0.083885,-0.632149,-0.214553,0.438007,-0.062590,0.233730,0.529616,0.212997,-0.055825,-0.423429,-0.068718,0.295012,-0.054518,-0.150826,0.015863,0.071916,-0.066490,0.065171,-0.080303,-0.394693,-0.064544,0.659098,0.098177,-0.702955,-0.066649,0.070860,0.039702,-0.156918,-0.080393,0.344437
dns2tcp_tunnel_99911_doh5_2020-03-31t15_54_13.872749,0.001087,False,-0.065722,-0.544888,-0.031423,0.082048,-0.069790,0.144997,0.091821,-0.299746,-0.069205,0.204640,0.364371,0.045392,-0.059904,-0.440125,-0.132728,0.228695,-0.060904,0.073751,0.146068,0.248941,-0.083985,-0.632249,-0.214453,0.438107,-0.062690,0.233630,0.529716,0.213097,-0.055925,-0.423529,-0.068618,0.295112,-0.054618,-0.150726,0.015963,0.071816,-0.066590,0.065271,-0.080203,-0.394793,-0.064644,0.659198,0.098277,-0.703055,-0.066749,0.070760,0.039602,-0.157018,-0.080493,0.344537
dns2tcp_tunnel_99911_doh5_2020-03-31t16_16_48.564305,0.001086,False,-0.065822,-0.544988,-0.031323,0.082148,-0.069890,0.145097,0.091921,-0.299846,-0.069305,0.204540,0.364471,0.045492,-0.060004,-0.440025,-0.132628,0.228595,-0.061004,0.073651,0.145968,0.248841,-0.084085,-0.632349,-0.214353,0.438207,-0.062790,0.233530,0.529816,0.213197,-0.056025,-0.423629,-0.068518,0.295212,-0.054718,-0.150626,0.016063,0.071716,-0.066690,0.065371,-0.080103,-0.394893,-0.064744,0.659298,0.098377,-0.703155,-0.066849,0.070660,0.039502,-0.157118,-0.080593,0.344637
dns2tcp_tunnel_99911_doh5_2020-03-31t16_39_21.293795,0.001086,False,-0.065922,-0.545088,-0.031223,0.082248,-0.069991,0.145197,0.092021,-0.299946,-0.069405,0.204440,0.364570,0.045592,-0.060104,-0.439925,-0.132528,0.228495,-0.061104,0.073551,0.145868,0.248741,-0.084185,-0.632449,-0.214253,0.438307,-0.062890,0.233430,0.529916,0.213297,-0.056125,-0.423729,-0.068418,0.295312,-0.054818,-0.150526,0.016163,0.071616,-0.066790,0.065471,-0.080003,-0.394993,-0.064844,0.659398,0.098477,-0.703255,-0.066949,0.070560,0.039402,-0.157218,-0.080693,0.344737
dns2tcp_tunnel_99911_doh5_2020-03-31t17_01_54.440976,0.001085,False,-0.066022,-0.545188,-0.031123,0.082348,-0.070091,0.145297,0.092121,-0.300046,-0.069505,0.204340,0.364670,0.045692,-0.060204,-0.439825,-0.132428,0.228395,-0.061204,0.073451,0.145768,0.248641,-0.084285,-0.632549,-0.214153,0.438407,-0.062990,0.233330,0.530016,0.213397,-0.056225,-0.423829,-0.068318,0.295412,-0.054918,-0.150426,0.016263,0.071516,-0.066890,0.065571,-0.079903,-0.395093,-0.064944,0.659498,0.098577,-0.703355,-0.067049,0.070460,0.039301,-0.157318,-0.080793,0.344837
dns2tcp_tunnel_99911_doh5_2020-03-31t17_24_27.026234,0.001084,False,-0.066122,-0.545288,-0.031023,0.082448,-0.070191,0.145397,0.092221,-0.300146,-0.069605,0.204240,0.364770,0.045792,-0.060304,-0.439725,-0.132328,0.228295,-0.061304,0.073351,0.145668,0.248541,-0.084385,-0.632649,-0.214053,0.438507,-0.063090,0.233230,0.530116,0.213497,-0.056325,-0.423929,-0.068218,0.295512,-0.055018,-0.150326,0.016363,0.071416,-0.066990,0.065671,-0.079803,-0.395193,-0.065044,0.659598,0.098677,-0.703455,-0.067149,0.070360,0.039201,-0.157418,-0.080893,0.344937
dns2tcp_tunnel_99911_doh5_2020-03-31t17_47_00.079566,0.001083,False,-0.066222,-0.545388,-0.030923,0.082548,-0.070291,0.145498,0.092321,-0.300246,-0.069705,0.204140,0.364870,0.045892,-0.060404,-0.439625,-0.132228,0.228195,-0.061404,0.073251,0.145568,0.248441,-0.084485,-0.632749,-0.213953,0.438607,-0.063190,0.233130,0.530216,0.213597,-0.056425,-0.424029,-0.068118,0.295612,-0.055118,-0.150226,0.016463,0.071316,-0.067090,0.065771,-0.079703,-0.395293,-0.065144,0.659698,0.098777,-0.703555,-0.067249,0.070260,0.039101,-0.157518,-0.080993,0.345037
dns2tcp_tunnel_99911_doh5_2020-03-31t18_09_30.831527,0.001083,False,-0.066322,-0.545488,-0.030823,0.082648,-0.070391,0.145598,0.092421,-0.300346,-0.069805,0.204040,0.364970,0.045992,-0.060504,-0.439525,-0.132128,0.228095,-0.061504,0.073151,0.145468,0.248341,-0.084585,-0.632850,-0.213853,0.438707,-0.063290,0.233030,0.530316,0.213697,-0.056525,-0.424129,-0.068018,0.295712,-0.055218,-0.150126,0.016563,0.071216,-0.067190,0.065871,-0.079603,-0.395393,-0.065244,0.659798,0.098877,-0.703655,-0.067349,0.070160,0.039001,-0.157618,-0.081093,0.345137
dns2tcp_tunnel_99911_doh5_2020-03-31t18_32_02.653368,0.001082,False,-0.066422,-0.545588,-0.030723,0.082748,-0.070491,0.145698,0.092521,-0.300446,-0.069905,0.203940,0.365070,0.046092,-0.060604,-0.439425,-0.132028,0.227995,-0.061604,0.073051,0.145368,0.248241,-0.084685,-0.632950,-0.213753,0.438807,-0.063390,0.232930,0.530416,0.213797,-0.056625,-0.424229,-0.067918,0.295812,-0.055318,-0.150026,0.016663,0.071116,-0.067290,0.065971,-0.079503,-0.395493,-0.065344,0.659898,0.098977,-0.703755,-0.067449,0.070060,0.038901,-0.157718,-0.081193,0.345237
dns2tcp_tunnel_99911_doh5_2020-03-31t18_54_33.691707,0.001081,False,-0.066522,-0.545689,-0.030623,0.082848,-0.070591,0.145798,0.092621,-0.300546,-0.070005,0.203840,0.365170,0.046192,-0.060704,-0.439326,-0.131928,0.227895,-0.061704,0.072951,0.145268,0.248141,-0.084785,-0.633050,-0.213653,0.438907,-0.063490,0.232830,0.530516,0.213897,-0.056725,-0.424329,-0.067818,0.295912,-0.055418,-0.149926,0.016763,0.071016,-0.067390,0.066071,-0.079403,-0.395593,-0.065444,0.659998,0.099077,-0.703855,-0.067549,0.069960,0.038801,-0.157818,-0.081293,0.345337
dns2tcp_tunnel_99911_doh5_2020-03-31t19_17_02.468757,0.001081,False,-0.066622,-0.545789,-0.030523,0.082948,-0.070691,0.145898,0.092721,-0.300646,-0.070105,0.203740,0.365270,0.046292,-0.060804,-0.439226,-0.131828,0.227795,-0.061804,0.072851,0.145168,0.248041,-0.084885,-0.633150,-0.213553,0.439007,-0.063590,0.232730,0.530616,0.213997,-0.056825,-0.424429,-0.067718,0.296012,-0.055518,-0.149826,0.016863,0.070916,-0.067490,0.066171,-0.079303,-0.395693,-0.065544,0.660098,0.099177,-0.703955,-0.067649,0.069860,0.038701,-0.157918,-0.081393,0.345437
dns2tcp_tunnel_99911_doh5_2020-03-31t19_39_31.734409,0.001080,False,-0.066722,-0.545889,-0.030423,0.083048,-0.070791,0.145998,0.092821,-0.300746,-0.070205,0.203640,0.365370,0.046392,-0.060904,-0.439126,-0.131728,0.227695,-0.061904,0.072751,0.145068,0.247941,-0.084985,-0.633250,-0.213453,0.439107,-0.063690,0.232630,0.530716,0.214097,-0.056925,-0.424529,-0.067618,0.296112,-0.055618,-0.149726,0.016963,0.070816,-0.067590,0.066271,-0.079203,-0.395793,-0.065644,0.660199,0.099277,-0.704055,-0.067749,0.069760,0.038601,-0.158018,-0.081493,0.345537
dns2tcp_tunnel_99911_doh5_2020-03-31t20_02_00.448784,0.001079,False,-0.066822,-0.545989,-0.030323,0.083148,-0.070891,0.146098,0.092921,-0.300846,-0.070305,0.203540,0.365470,0.046492,-0.061004,-0.439026,-0.131628,0.227595,-0.062004,0.072651,0.144968,0.247841,-0.085085,-0.633350,-0.213353,0.439207,-0.063790,0.232530,0.530816,0.214197,-0.057025,-0.424629,-0.067518,0.296212,-0.055718,-0.149626,0.017063,0.070716,-0.067690,0.066371,-0.079103,-0.395893,-0.065744,0.660299,0.099377,-0.704155,-0.067849,0.069660,0.038501,-0.158118,-0.081593,0.345637
dns2tcp_tunnel_99911_doh5_2020-03-31t20_24_29.402428,0.001078,False,-0.066922,-0.546089,-0.030223,0.083248,-0.070991,0.146198,0.093021,-0.300946,-0.070405,0.203440,0.365570,0.046592,-0.061104,-0.438926,-0.131528,0.227495,-0.062104,0.072551,0.144868,0.247741,-0.085185,-0.633450,-0.213253,0.439307,-0.063890,0.232430,0.530916,0.214297,-0.057125,-0.424729,-0.067418,0.296312,-0.055818,-0.149526,0.017163,0.070616,-0.067790,0.066471,-0.079003,-0.395993,-0.065844,0.660399,0.099477,-0.704255,-0.067949,0.069560,0.038401,-0.158218,-0.081693,0.345737
dns2tcp_tunnel_99911_doh5_2020-03-31t20_46_58.071006,0.001078,False,-0.067022,-0.546189,-0.030123,0.083348,-0.071091,0.146298,0.093121,-0.301046,-0.070505,0.203340,0.365670,0.046692,-0.061204,-0.438826,-0.131428,0.227395,-0.062204,0.072451,0.144768,0.247641,-0.085285,-0.633550,-0.213153,0.439407,-0.063990,0.232330,0.531016,0.214397,-0.057225,-0.424829,-0.067318,0.296412,-0.055918,-0.149426,0.017263,0.070516,-0.067890,0.066571,-0.078903,-0.396093,-0.065944,0.660499,0.099577,-0.704355,-0.068049,0.069460,0.038301,-0.158318,-0.081793,0.345837
dns2tcp_tunnel_99911_doh5_2020-03-31t21_09_27.421183,0.001077,False,-0.067122,-0.546289,-0.030023,0.083448,-0.071191,0.146398,0.093221,-0.301146,-0.070605,0.203240,0.365770,0.046792,-0.061304,-0.438726,-0.131328,0.227295,-0.062304,0.072351,0.144668,0.247541,-0.085385,-0.633650,-0.213053,0.439507,-0.064090,0.232230,0.531116,0.214497,-0.057325,-0.424929,-0.067218,0.296512,-0.056018,-0.149326,0.017363,0.070416,-0.067990,0.066671,-0.078803,-0.396193,-0.066044,0.660599,0.099677,-0.704455,-0.068149,0.069360,0.038201,-0.158418,-0.081893,0.345937
dns2tcp_tunnel_99911_doh5_2020-03-31t21_31_56.060923,0.001076,False,-0.067222,-0.546389,-0.029923,0.083548,-0.071291,0.146498,0.093321,-0.301246,-0.070705,0.203140,0.365870,0.046892,-0.061404,-0.438626,-0.131228,0.227195,-0.062404,0.072251,0.144568,0.247441,-0.085485,-0.633750,-0.212953,0.439607,-0.064190,0.232130,0.531216,0.214597,-0.057425,-0.425029,-0.067118,0.296612,-0.056118,-0.149226,0.017463,0.070316,-0.068090,0.066771,-0.078703,-0.396293,-0.066144,0.660699,0.099777,-0.704555,-0.068249,0.069260,0.038101,-0.158518,-0.081993,0.346037
dns2tcp_tunnel_99911_doh6_2020-03-30t21_24_51.489459,0.001076,False,-0.067322,-0.546489,-0.029823,0.083648,-0.071391,0.146598,0.093421,-0.301346,-0.070805,0.203040,0.365970,0.046992,-0.061504,-0.438526,-0.131128,0.227095,-0.062504,0.072151,0.144468,0.247341,-0.085585,-0.633850,-0.212853,0.439707,-0.064290,0.232030,0.531316,0.214697,-0.057525,-0.425129,-0.067018,0.296712,-0.056218,-0.149126,0.017563,0.070216,-0.068190,0.066871,-0.078603,-0.396393,-0.066244,0.660799,0.099877,-0.704655,-0.068349,0.069160,0.038001,-0.158618,-0.082093,0.346137
dns2tcp_tunnel_99911_doh6_2020-03-30t21_47_39.943336,0.001075,False,-0.067422,-0.546589,-0.029723,0.083748,-0.071491,0.146698,0.093521,-0.301446,-0.070905,0.202940,0.366070,0.047092,-0.061604,-0.438426,-0.131028,0.226995,-0.062604,0.072051,0.144368,0.247241,-0.085685,-0.633950,-0.212753,0.439807,-0.064390,0.231930,0.531416,0.214797,-0.057625,-0.425229,-0.066918,0.296812,-0.056318,-0.149026,0.017663,0.070116,-0.068290,0.066971,-0.078503,-0.396493,-0.066344,0.660899,0.099977,-0.704755,-0.068449,0.069060,0.037901,-0.158718,-0.082193,0.346237
dns2tcp_tunnel_99911_doh6_2020-03-30t22_10_19.166754,0.001074,False,-0.067522,-0.546689,-0.029623,0.083848,-0.071591,0.146798,0.093621,-0.301546,-0.071005,0.202840,0.366170,0.047192,-0.061704,-0.438326,-0.130928,0.226895,-0.062704,0.071951,0.144268,0.247141,-0.085785,-0.634050,-0.212653,0.439907,-0.064490,0.231830,0.531516,0.214897,-0.057725,-0.425328,-0.066818,0.296912,-0.056418,-0.148926,0.017763,0.070016,-0.068390,0.067071,-0.078403,-0.396593,-0.066444,0.660999,0.100077,-0.704855,-0.068549,0.068960,0.037801,-0.158818,-0.082293,0.346337
dns2tcp_tunnel_99911_doh6_2020-03-30t22_32_56.725156,0.001074,False,-0.067622,-0.546789,-0.029523,0.083948,-0.071691,0.146898,0.093721,-0.301646,-0.071105,0.202740,0.366270,0.047292,-0.061804,-0.438226,-0.130828,0.226795,-0.062804,0.071851,0.144168,0.247041,-0.085885,-0.634150,-0.212553,0.440007,-0.064590,0.231730,0.531616,0.214997,-0.057825,-0.425428,-0.066718,0.297012,-0.056518,-0.148826,0.017863,0.069916,-0.068490,0.067171,-0.078303,-0.396693,-0.066544,0.661099,0.100177,-0.704955,-0.068649,0.068860,0.037701,-0.158918,-0.082393,0.346437
dns2tcp_tunnel_99911_doh6_2020-03-30t22_55_33.619458,0.001073,False,-0.067722,-0.546889,-0.029423,0.084048,-0.071791,0.146998,0.093821,-0.301746,-0.071205,0.202640,0.366370,0.047392,-0.061904,-0.438126,-0.130728,0.226695,-0.062904,0.071751,0.144068,0.246941,-0.085985,-0.634250,-0.212453,0.440107,-0.064690,0.231630,0.531716,0.215097,-0.057925,-0.425528,-0.066618,0.297112,-0.056618,-0.148726,0.017963,0.069816,-0.068590,0.067271,-0.078203,-0.396793,-0.066644,0.661199,0.100277,-0.705055,-0.068749,0.068760,0.037601,-0.159018,-0.082493,0.346537
dns2tcp_tunnel_99911_doh6_2020-03-30t23_18_06.585549,0.001072,False,-0.067822,-0.546989,-0.029323,0.084148,-0.071891,0.147098,0.093921,-0.301846,-0.071305,0.202540,0.366470,0.047492,-0.062004,-0.438026,-0.130628,0.226595,-0.063004,0.071651,0.143968,0.246841,-0.086085,-0.634350,-0.212353,0.440207,-0.064790,0.231530,0.531816,0.215197,-0.058025,-0.425628,-0.066518,0.297211,-0.056718,-0.148626,0.018063,0.069716,-0.068690,0.067371,-0.078103,-0.396893,-0.066744,0.661299,0.100377,-0.705155,-0.068849,0.068660,0.037501,-0.159118,-0.082593,0.346637
dns2tcp_tunnel_99911_doh6_2020-03-30t23_40_39.288373,0.001071,False,-0.067922,-0.547089,-0.029223,0.084248,-0.071991,0.147198,0.094021,-0.301946,-0.071405,0.202440,0.366570,0.047592,-0.062104,-0.437926,-0.130528,0.226495,-0.063104,0.071551,0.143868,0.246741,-0.086185,-0.634450,-0.212253,0.440307,-0.064890,0.231430,0.531916,0.215297,-0.058125,-0.425728,-0.066418,0.297311,-0.056818,-0.148526,0.018163,0.069616,-0.068790,0.067471,-0.078003,-0.396993,-0.066844,0.661399,0.100477,-0.705255,-0.068949,0.068560,0.037401,-0.159218,-0.082693,0.346737
dns2tcp_tunnel_99911_doh6_2020-03-31t00_03_16.099192,0.001071,False,-0.068022,-0.547189,-0.029123,0.084348,-0.072091,0.147298,0.094121,-0.302046,-0.071505,0.202340,0.366670,0.047692,-0.062204,-0.437826,-0.130428,0.226395,-0.063204,0.071451,0.143768,0.246641,-0.086285,-0.634550,-0.212153,0.440407,-0.064990,0.231330,0.532016,0.215397,-0.058225,-0.425828,-0.066317,0.297411,-0.056918,-0.148426,0.018263,0.069516,-0.068890,0.067571,-0.077903,-0.397093,-0.066944,0.661499,0.100577,-0.705355,-0.069049,0.068460,0.037301,-0.159318,-0.082793,0.346837
dns2tcp_tunnel_99911_doh6_2020-03-31t00_25_50.546561,0.001070,False,-0.068122,-0.547289,-0.029023,0.084448,-0.072191,0.147398,0.094221,-0.302146,-0.071605,0.202240,0.366770,0.047792,-0.062304,-0.437726,-0.130328,0.226295,-0.063304,0.071351,0.143668,0.246541,-0.086385,-0.634650,-0.212053,0.440507,-0.065090,0.231230,0.532116,0.215497,-0.058325,-0.425928,-0.066217,0.297511,-0.057018,-0.148326,0.018363,0.069416,-0.068990,0.067671,-0.077803,-0.397193,-0.067044,0.661599,0.100677,-0.705455,-0.069149,0.068360,0.037201,-0.159418,-0.082893,0.346937
dns2tcp_tunnel_99911_doh6_2020-03-31t00_48_28.686991,0.001069,False,-0.068222,-0.547389,-0.028923,0.084548,-0.072291,0.147498,0.094321,-0.302246,-0.071705,0.202140,0.366870,0.047892,-0.062404,-0.437626,-0.130228,0.226195,-0.063404,0.071251,0.143568,0.246441,-0.086485,-0.634750,-0.211953,0.440607,-0.065190,0.231130,0.532216,0.215597,-0.058425,-0.426028,-0.066117,0.297611,-0.057118,-0.148226,0.018463,0.069316,-0.069090,0.067771,-0.077703,-0.397293,-0.067144,0.661699,0.100777,-0.705555,-0.069249,0.068260,0.037101,-0.159518,-0.082993,0.347037
dns2tcp_tunnel_99911_doh6_2020-03-31t01_11_07.748215,0.001068,False,-0.068322,-0.547489,-0.028823,0.084648,-0.072391,0.147598,0.094421,-0.302346,-0.071805,0.202040,0.366970,0.047992,-0.062504,-0.437526,-0.130128,0.226095,-0.063504,0.071151,0.143468,0.246341,-0.086585,-0.634850,-0.211853,0.440707,-0.065290,0.231030,0.532316,0.215697,-0.058525,-0.426128,-0.066017,0.297711,-0.057218,-0.148126,0.018563,0.069216,-0.069190,0.067871,-0.077603,-0.397393,-0.067244,0.661799,0.100877,-0.705655,-0.069349,0.068160,0.037001,-0.159618,-0.083093,0.347137
dns2tcp_tunnel_99911_doh6_2020-03-31t01_33_46.956507,0.001068,False,-0.068422,-0.547589,-0.028723,0.084748,-0.072491,0.147698,0.094521,-0.302446,-0.071905,0.201940,0.367070,0.048092,-0.062604,-0.437426,-0.130028,0.225995,-0.063604,0.071051,0.143368,0.246241,-0.086685,-0.634950,-0.211753,0.440807,-0.065390,0.230930,0.532416,0.215797,-0.058625,-0.426228,-0.065917,0.297811,-0.057318,-0.148026,0.018663,0.069116,-0.069290,0.067971,-0.077503,-0.397493,-0.067344,0.661899,0.100977,-0.705755,-0.069449,0.068060,0.036901,-0.159718,-0.083193,0.347237
dns2tcp_tunnel_99911_doh6_2020-03-31t01_56_25.850655,0.001067,False,-0.068522,-0.547689,-0.028623,0.084848,-0.072591,0.147798,0.094621,-0.302546,-0.072005,0.201840,0.367170,0.048192,-0.062704,-0.437326,-0.129928,0.225895,-0.063704,0.070951,0.143268,0.246141,-0.086785,-0.635050,-0.211653,0.440907,-0.065490,0.230830,0.532516,0.215897,-0.058725,-0.426328,-0.065817,0.297911,-0.057418,-0.147926,0.018763,0.069016,-0.069390,0.068071,-0.077403,-0.397593,-0.067444,0.661999,0.101077,-0.705855,-0.069549,0.067960,0.036801,-0.159818,-0.083293,0.347337
dns2tcp_tunnel_99911_doh6_2020-03-31t02_19_05.121578,0.001066,False,-0.068622,-0.547789,-0.028523,0.084948,-0.072691,0.147898,0.094721,-0.302646,-0.072105,0.201740,0.367270,0.048292,-0.062804,-0.437226,-0.129828,0.225795,-0.063804,0.070851,0.143168,0.246041,-0.086885,-0.635150,-0.211553,0.441007,-0.065590,0.230730,0.532616,0.215997,-0.058825,-0.426428,-0.065717,0.298011,-0.057518,-0.147826,0.018863,0.068916,-0.069490,0.068171,-0.077303,-0.397693,-0.067544,0.662099,0.101177,-0.705955,-0.069649,0.067860,0.036701,-0.159918,-0.083393,0.347437
dns2tcp_tunnel_99911_doh6_2020-03-31t02_41_44.145998,0.001066,False,-0.068722,-0.547889,-0.028423,0.085048,-0.072791,0.147998,0.094821,-0.302746,-0.072205,0.201640,0.367370,0.048392,-0.062904,-0.437126,-0.129728,0.225695,-0.063904,0.070751,0.143068,0.245941,-0.086985,-0.635250,-0.211453,0.441107,-0.065690,0.230630,0.532717,0.216097,-0.058925,-0.426528,-0.065617,0.298111,-0.057618,-0.147726,0.018963,0.068816,-0.069590,0.068271,-0.077203,-0.397793,-0.067644,0.662199,0.101277,-0.706055,-0.069749,0.067760,0.036601,-0.160018,-0.083493,0.347537
dns2tcp_tunnel_99911_doh6_2020-03-31t03_04_18.233861,0.001065,False,-0.068822,-0.547989,-0.028323,0.085148,-0.072891,0.148098,0.094921,-0.302846,-0.072305,0.201540,0.367470,0.048492,-0.063004,-0.437026,-0.129628,0.225595,-0.064004,0.070651,0.142968,0.245841,-0.087085,-0.635350,-0.211353,0.441207,-0.065790,0.230530,0.532817,0.216197,-0.059025,-0.426628,-0.065517,0.298211,-0.057718,-0.147626,0.019063,0.068716,-0.069690,0.068371,-0.077103,-0.397893,-0.067744,0.662299,0.101377,-0.706155,-0.069849,0.067660,0.036501,-0.160118,-0.083593,0.347637
dns2tcp_tunnel_99911_doh6_2020-03-31t03_26_52.536922,0.001064,False,-0.068922,-0.548089,-0.028223,0.085248,-0.072991,0.148198,0.095021,-0.302946,-0.072405,0.201440,0.367570,0.048592,-0.063104,-0.436926,-0.129528,0.225495,-0.064104,0.070551,0.142868,0.245741,-0.087185,-0.635450,-0.211253,0.441307,-0.065890,0.230430,0.532917,0.216297,-0.059125,-0.426728,-0.065417,0.298311,-0.057818,-0.147526,0.019163,0.068616,-0.069790,0.068471,-0.077003,-0.397992,-0.067844,0.662399,0.101477,-0.706255,-0.069949,0.067560,0.036401,-0.160218,-0.083693,0.347737
dns2tcp_tunnel_99911_doh6_2020-03-31t03_49_27.316622,0.001064,False,-0.069022,-0.548189,-0.028123,0.085348,-0.073091,0.148298,0.095121,-0.303046,-0.072505,0.201340,0.367670,0.048692,-0.063204,-0.436826,-0.129428,0.225395,-0.064204,0.070451,0.142768,0.245641,-0.087285,-0.635550,-0.211153,0.441407,-0.065990,0.230330,0.533017,0.216397,-0.059225,-0.426828,-0.065317,0.298411,-0.057918,-0.147426,0.019263,0.068516,-0.069890,0.068571,-0.076903,-0.398092,-0.067944,0.662499,0.101577,-0.706355,-0.070049,0.067460,0.036301,-0.160318,-0.083793,0.347837
dns2tcp_tunnel_99911_doh6_2020-03-31t04_12_00.383468,0.001063,False,-0.069122,-0.548289,-0.028023,0.085448,-0.073191,0.148398,0.095221,-0.303146,-0.072605,0.201240,0.367770,0.048792,-0.063304,-0.436726,-0.129328,0.225295,-0.064304,0.070351,0.142668,0.245541,-0.087385,-0.635650,-0.211053,0.441507,-0.066090,0.230230,0.533117,0.216497,-0.059325,-0.426928,-0.065217,0.298511,-0.058018,-0.147326,0.019363,0.068416,-0.069990,0.068671,-0.076803,-0.398192,-0.068044,0.662599,0.101677,-0.706455,-0.070149,0.067360,0.036201,-0.160418,-0.083893,0.347937
dns2tcp_tunnel_99911_doh6_2020-03-31t04_34_34.445292,0.001062,False,-0.069222,-0.548389,-0.027923,0.085548,-0.073291,0.148498,0.095321,-0.303246,-0.072705,0.201140,0.367870,0.048892,-0.063404,-0.436626,-0.129228,0.225195,-0.064404,0.070251,0.142568,0.245441,-0.087485,-0.635750,-0.210953,0.441607,-0.066190,0.230130,0.533217,0.216597,-0.059425,-0.427028,-0.065117,0.298611,-0.058118,-0.147226,0.019463,0.068316,-0.070090,0.068771,-0.076703,-0.398292,-0.068144,0.662699,0.101777,-0.706555,-0.070249,0.067260,0.036101,-0.160518,-0.083993,0.348037
dns2tcp_tunnel_99911_doh6_2020-03-31t04_57_11.803400,0.001062,False,-0.069322,-0.548489,-0.027823,0.085648,-0.073391,0.148598,0.095421,-0.303346,-0.072805,0.201040,0.367970,0.048992,-0.063504,-0.436526,-0.129128,0.225095,-0.064504,0.070151,0.142468,0.245341,-0.087585,-0.635850,-0.210853,0.441707,-0.066290,0.230030,0.533317,0.216697,-0.059525,-0.427128,-0.065017,0.298711,-0.058218,-0.147126,0.019563,0.068216,-0.070190,0.068871,-0.076603,-0.398392,-0.068244,0.662799,0.101877,-0.706655,-0.070349,0.067160,0.036001,-0.160618,-0.084093,0.348137
dns2tcp_tunnel_99911_doh6_2020-03-31t05_19_49.945770,0.001061,False,-0.069422,-0.548589,-0.027723,0.085748,-0.073491,0.148698,0.095521,-0.303446,-0.072905,0.200940,0.368070,0.049092,-0.063604,-0.436426,-0.129028,0.224995,-0.064604,0.070051,0.142368,0.245241,-0.087685,-0.635950,-0.210753,0.441807,-0.066390,0.229930,0.533417,0.216797,-0.059625,-0.427228,-0.064917,0.298811,-0.058318,-0.147026,0.019663,0.068116,-0.070290,0.068971,-0.076503,-0.398492,-0.068344,0.662899,0.101977,-0.706755,-0.070449,0.067060,0.035901,-0.160718,-0.084193,0.348237
dns2tcp_tunnel_99911_doh6_2020-03-31t05_42_27.291374,0.001060,False,-0.069522,-0.548689,-0.027623,0.085848,-0.073591,0.148798,0.095621,-0.303546,-0.073005,0.200840,0.368170,0.049192,-0.063704,-0.436326,-0.128928,0.224895,-0.064704,0.069951,0.142268,0.245141,-0.087785,-0.636050,-0.210653,0.441907,-0.066490,0.229830,0.533517,0.216897,-0.059725,-0.427328,-0.064817,0.298911,-0.058418,-0.146926,0.019763,0.068016,-0.070390,0.069071,-0.076403,-0.398592,-0.068444,0.662999,0.102077,-0.706855,-0.070549,0.066960,0.035801,-0.160818,-0.084293,0.348337
dns2tcp_tunnel_99911_doh6_2020-03-31t06_05_07.152498,0.001059,False,-0.069622,-0.548789,-0.027523,0.085948,-0.073691,0.148898,0.095721,-0.303645,-0.073105,0.200740,0.368270,0.049292,-0.063804,-0.436226,-0.128828,0.224795,-0.064804,0.069851,0.142168,0.245041,-0.087885,-0.636150,-0.210553,0.442007,-0.066590,0.229730,0.533617,0.216997,-0.059825,-0.427428,-0.064717,0.299011,-0.058518,-0.146826,0.019863,0.067916,-0.070490,0.069171,-0.076303,-0.398692,-0.068544,0.663099,0.102177,-0.706955,-0.070649,0.066860,0.035701,-0.160918,-0.084393,0.348437
dns2tcp_tunnel_99911_doh6_2020-03-31t06_27_50.264106,0.001059,False,-0.069722,-0.548889,-0.027423,0.086048,-0.073791,0.148998,0.095821,-0.303745,-0.073205,0.200640,0.368370,0.049392,-0.063904,-0.436126,-0.128728,0.224695,-0.064904,0.069751,0.142068,0.244941,-0.087985,-0.636250,-0.210453,0.442107,-0.066690,0.229630,0.533717,0.217097,-0.059925,-0.427528,-0.064617,0.299111,-0.058618,-0.146726,0.019963,0.067816,-0.070590,0.069271,-0.076203,-0.398792,-0.068644,0.663199,0.102277,-0.707055,-0.070749,0.066760,0.035601,-0.161018,-0.084493,0.348537
dns2tcp_tunnel_99911_doh6_2020-03-31t06_50_29.179761,0.001058,False,-0.069822,-0.548989,-0.027323,0.086148,-0.073891,0.149098,0.095921,-0.303845,-0.073305,0.200540,0.368470,0.049492,-0.064004,-0.436026,-0.128628,0.224595,-0.065004,0.069651,0.141968,0.244841,-0.088085,-0.636350,-0.210353,0.442207,-0.066790,0.229530,0.533817,0.217197,-0.060025,-0.427628,-0.064517,0.299211,-0.058718,-0.146626,0.020063,0.067716,-0.070690,0.069371,-0.076103,-0.398892,-0.068744,0.663299,0.102377,-0.707155,-0.070849,0.066660,0.035501,-0.161118,-0.084593,0.348637
dns2tcp_tunnel_99911_doh6_2020-03-31t07_13_08.585381,0.001057,False,-0.069922,-0.549089,-0.027223,0.086248,-0.073991,0.149198,0.096021,-0.303945,-0.073405,0.200440,0.368570,0.049592,-0.064104,-0.435926,-0.128528,0.224495,-0.065104,0.069551,0.141868,0.244741,-0.088185,-0.636450,-0.210253,0.442307,-0.066890,0.229430,0.533917,0.217297,-0.060125,-0.427728,-0.064417,0.299311,-0.058818,-0.146526,0.020163,0.067616,-0.070790,0.069471,-0.076003,-0.398992,-0.068844,0.663399,0.102477,-0.707255,-0.070949,0.066560,0.035401,-0.161218,-0.084693,0.348737
dns2tcp_tunnel_99911_doh6_2020-03-31t07_35_46.193424,0.001057,False,-0.070022,-0.549189,-0.027123,0.086348,-0.074091,0.149298,0.096121,-0.304045,-0.073505,0.200340,0.368670,0.049692,-0.064204,-0.435826,-0.128428,0.224395,-0.065204,0.069451,0.141768,0.244641,-0.088285,-0.636550,-0.210153,0.442407,-0.066990,0.229330,0.534017,0.217397,-0.060225,-0.427828,-0.064317,0.299411,-0.058918,-0.146426,0.020263,0.067516,-0.070890,0.069571,-0.075903,-0.399092,-0.068944,0.663499,0.102577,-0.707355,-0.071049,0.066460,0.035301,-0.161318,-0.084793,0.348837
dns2tcp_tunnel_99911_doh6_2020-03-31t07_58_18.398947,0.001056,False,-0.070122,-0.549289,-0.027023,0.086448,-0.074191,0.149398,0.096221,-0.304145,-0.073605,0.200240,0.368770,0.049792,-0.064304,-0.435726,-0.128328,0.224295,-0.065304,0.069351,0.141668,0.244541,-0.088385,-0.636650,-0.210053,0.442507,-0.067090,0.229230,0.534117,0.217497,-0.060325,-0.427928,-0.064217,0.299511,-0.059018,-0.146326,0.020363,0.067416,-0.070990,0.069671,-0.075803,-0.399192,-0.069044,0.663599,0.102677,-0.707455,-0.071149,0.066360,0.035201,-0.161418,-0.084893,0.348937
dns2tcp_tunnel_99911_doh6_2020-03-31t08_20_53.437924,0.001055,False,-0.070222,-0.549389,-0.026923,0.086548,-0.074291,0.149498,0.096321,-0.304245,-0.073705,0.200140,0.368870,0.049892,-0.064404,-0.435626,-0.128228,0.224195,-0.065404,0.069251,0.141568,0.244441,-0.088485,-0.636750,-0.209953,0.442607,-0.067190,0.229130,0.534217,0.217597,-0.060425,-0.428028,-0.064117,0.299611,-0.059118,-0.146226,0.020463,0.067316,-0.071090,0.069771,-0.075703,-0.399292,-0.069144,0.663699,0.102777,-0.707555,-0.071249,0.066260,0.035101,-0.161518,-0.084993,0.349037
dns2tcp_tunnel_99911_doh6_2020-03-31t08_43_32.683927,0.001055,False,-0.070322,-0.549489,-0.026823,0.086648,-0.074391,0.149598,0.096421,-0.304345,-0.073805,0.200040,0.368970,0.049992,-0.064504,-0.435526,-0.128128,0.224095,-0.065504,0.069151,0.141468,0.244341,-0.088585,-0.636850,-0.209853,0.442707,-0.067290,0.229030,0.534317,0.217697,-0.060525,-0.428128,-0.064017,0.299711,-0.059218,-0.146126,0.020563,0.067216,-0.071190,0.069871,-0.075603,-0.399392,-0.069244,0.663799,0.102877,-0.707655,-0.071349,0.066160,0.035001,-0.161618,-0.085093,0.349137
dns2tcp_tunnel_99911_doh6_2020-03-31t09_06_10.840382,0.001054,False,-0.070422,-0.549589,-0.026723,0.086748,-0.074491,0.149698,0.096521,-0.304445,-0.073905,0.199940,0.369070,0.050092,-0.064604,-0.435426,-0.128028,0.223995,-0.065604,0.069051,0.141368,0.244241,-0.088685,-0.636950,-0.209753,0.442807,-0.067390,0.228930,0.534417,0.217797,-0.060625,-0.428228,-0.063917,0.299811,-0.059318,-0.146026,0.020663,0.067116,-0.071290,0.069971,-0.075503,-0.399492,-0.069344,0.663899,0.102977,-0.707755,-0.071449,0.066060,0.034901,-0.161718,-0.085193,0.349237
dns2tcp_tunnel_99911_doh6_2020-03-31t09_28_51.098248,0.001053,False,-0.070522,-0.549689,-0.026623,0.086848,-0.074591,0.149798,0.096621,-0.304545,-0.074005,0.199840,0.369170,0.050192,-0.064704,-0.435326,-0.127928,0.223895,-0.065704,0.068951,0.141268,0.244141,-0.088785,-0.637050,-0.209653,0.442907,-0.067490,0.228830,0.534517,0.217897,-0.060725,-0.428328,-0.063817,0.299911,-0.059418,-0.145926,0.020763,0.067016,-0.071390,0.070071,-0.075403,-0.399592,-0.069444,0.663999,0.103077,-0.707855,-0.071549,0.065960,0.034801,-0.161818,-0.085293,0.349337
dns2tcp_tunnel_99911_doh6_2020-03-31t09_51_36.341084,0.001052,False,-0.070622,-0.549789,-0.026523,0.086948,-0.074691,0.149898,0.096721,-0.304645,-0.074105,0.199740,0.369270,0.050292,-0.064804,-0.435226,-0.127828,0.223795,-0.065804,0.068851,0.141168,0.244041,-0.088885,-0.637150,-0.209553,0.443007,-0.067590,0.228730,0.534617,0.217997,-0.060825,-0.428428,-0.063717,0.300011,-0.059518,-0.145826,0.020863,0.066916,-0.071490,0.070171,-0.075303,-0.399692,-0.069544,0.664099,0.103177,-0.707955,-0.071649,0.065860,0.034701,-0.161918,-0.085393,0.349437
dns2tcp_tunnel_99911_doh6_2020-03-31t10_14_21.755037,0.001052,False,-0.070722,-0.549889,-0.026423,0.087048,-0.074791,0.149998,0.096821,-0.304745,-0.074205,0.199640,0.369370,0.050392,-0.064904,-0.435126,-0.127728,0.223695,-0.065904,0.068751,0.141068,0.243941,-0.088985,-0.637250,-0.209453,0.443107,-0.067690,0.228630,0.534717,0.218097,-0.060925,-0.428528,-0.063617,0.300111,-0.059618,-0.145726,0.020963,0.066816,-0.071590,0.070271,-0.075203,-0.399792,-0.069644,0.664199,0.103277,-0.708055,-0.071749,0.065760,0.034601,-0.162018,-0.085493,0.349537
dns2tcp_tunnel_99911_doh6_2020-03-31t10_37_04.205773,0.001051,False,-0.070822,-0.549989,-0.026323,0.087148,-0.074891,0.150098,0.096921,-0.304845,-0.074305,0.199540,0.369470,0.050492,-0.065004,-0.435026,-0.127628,0.223595,-0.066004,0.068651,0.140968,0.243841,-0.089085,-0.637350,-0.209353,0.443207,-0.067790,0.228530,0.534817,0.218197,-0.061025,-0.428628,-0.063517,0.300211,-0.059718,-0.145626,0.021063,0.066716,-0.071690,0.070371,-0.075103,-0.399892,-0.069744,0.664299,0.103377,-0.708155,-0.071849,0.065660,0.034501,-0.162118,-0.085593,0.349637
dns2tcp_tunnel_99911_doh6_2020-03-31t10_59_49.665077,0.001050,False,-0.070922,-0.550089,-0.026223,0.087248,-0.074991,0.150198,0.097021,-0.304945,-0.074405,0.199440,0.369570,0.050592,-0.065104,-0.434926,-0.127528,0.223495,-0.066104,0.068551,0.140868,0.243741,-0.089185,-0.637450,-0.209253,0.443307,-0.067890,0.228430,0.534917,0.218297,-0.061125,-0.428728,-0.063417,0.300311,-0.059818,-0.145526,0.021163,0.066616,-0.071790,0.070471,-0.075003,-0.399992,-0.069844,0.664399,0.103477,-0.708255,-0.071949,0.065560,0.034401,-0.162218,-0.085693,0.349737
dns2tcp_tunnel_99911_doh6_2020-03-31t11_22_28.592219,0.001050,False,-0.071022,-0.550189,-0.026123,0.087348,-0.075091,0.150298,0.097121,-0.305045,-0.074505,0.199340,0.369670,0.050692,-0.065204,-0.434826,-0.127428,0.223395,-0.066204,0.068451,0.140768,0.243641,-0.089285,-0.637550,-0.209153,0.443407,-0.067990,0.228330,0.535017,0.218397,-0.061225,-0.428828,-0.063317,0.300411,-0.059918,-0.145426,0.021263,0.066516,-0.071890,0.070571,-0.074903,-0.400092,-0.069944,0.664499,0.103577,-0.708355,-0.072049,0.065460,0.034301,-0.162318,-0.085793,0.349837
dns2tcp_tunnel_99911_doh6_2020-03-31t11_45_09.251008,0.001049,False,-0.071122,-0.550289,-0.026023,0.087448,-0.075191,0.150398,0.097221,-0.305145,-0.074605,0.199240,0.369770,0.050792,-0.065304,-0.434726,-0.127328,0.223295,-0.066304,0.068351,0.140668,0.243541,-0.089385,-0.637650,-0.209053,0.443507,-0.068090,0.228230,0.535117,0.218497,-0.061325,-0.428928,-0.063217,0.300511,-0.060018,-0.145326,0.021363,0.066416,-0.071990,0.070671,-0.074803,-0.400192,-0.070044,0.664599,0.103677,-0.708456,-0.072149,0.065360,0.034201,-0.162418,-0.085893,0.349937
dns2tcp_tunnel_99911_doh6_2020-03-31t12_07_48.711499,0.001048,False,-0.071222,-0.550389,-0.025923,0.087548,-0.075291,0.150498,0.097321,-0.305245,-0.074705,0.199140,0.369870,0.050892,-0.065404,-0.434626,-0.127228,0.223195,-0.066404,0.068251,0.140568,0.243441,-0.089485,-0.637750,-0.208953,0.443606,-0.068190,0.228130,0.535217,0.218597,-0.061425,-0.429028,-0.063117,0.300611,-0.060118,-0.145226,0.021463,0.066316,-0.072090,0.070771,-0.074703,-0.400292,-0.070144,0.664699,0.103777,-0.708556,-0.072249,0.065260,0.034101,-0.162518,-0.085993,0.350037
dns2tcp_tunnel_99911_doh6_2020-03-31t12_30_30.866459,0.001048,False,-0.071322,-0.550489,-0.025823,0.087648,-0.075391,0.150598,0.097421,-0.305345,-0.074805,0.199040,0.369970,0.050992,-0.065504,-0.434526,-0.127128,0.223095,-0.066504,0.068151,0.140468,0.243341,-0.089585,-0.637850,-0.208853,0.443706,-0.068290,0.228030,0.535317,0.218697,-0.061525,-0.429128,-0.063017,0.300711,-0.060218,-0.145126,0.021563,0.066216,-0.072190,0.070871,-0.074603,-0.400392,-0.070244,0.664799,0.103877,-0.708656,-0.072349,0.065160,0.034001,-0.162618,-0.086093,0.350137
dns2tcp_tunnel_99911_doh6_2020-03-31t12_53_11.392993,0.001047,False,-0.071422,-0.550589,-0.025723,0.087748,-0.075491,0.150698,0.097521,-0.305445,-0.074905,0.198940,0.370070,0.051092,-0.065604,-0.434426,-0.127028,0.222995,-0.066604,0.068051,0.140368,0.243241,-0.089685,-0.637950,-0.208753,0.443806,-0.068390,0.227930,0.535417,0.218797,-0.061625,-0.429228,-0.062917,0.300811,-0.060318,-0.145026,0.021663,0.066116,-0.072290,0.070971,-0.074503,-0.400492,-0.070344,0.664899,0.103977,-0.708756,-0.072449,0.065060,0.033901,-0.162718,-0.086193,0.350237
dns2tcp_tunnel_99911_doh6_2020-03-31t13_15_51.874625,0.001046,False,-0.071522,-0.550689,-0.025623,0.087848,-0.075591,0.150798,0.097621,-0.305545,-0.075005,0.198840,0.370170,0.051192,-0.065704,-0.434326,-0.126928,0.222895,-0.066704,0.067951,0.140268,0.243141,-0.089785,-0.638050,-0.208653,0.443906,-0.068490,0.227830,0.535517,0.218897,-0.061725,-0.429328,-0.062817,0.300911,-0.060418,-0.144926,0.021763,0.066016,-0.072390,0.071071,-0.074403,-0.400592,-0.070444,0.664999,0.104077,-0.708856,-0.072549,0.064960,0.033801,-0.162818,-0.086293,0.350337
dns2tcp_tunnel_99911_doh6_2020-03-31t13_38_30.623894,0.001046,False,-0.071622,-0.550789,-0.025523,0.087948,-0.075691,0.150898,0.097721,-0.305645,-0.075105,0.198740,0.370270,0.051292,-0.065804,-0.434226,-0.126828,0.222795,-0.066804,0.067851,0.140168,0.243041,-0.089885,-0.638150,-0.208553,0.444006,-0.068590,0.227730,0.535617,0.218997,-0.061825,-0.429428,-0.062717,0.301011,-0.060518,-0.144826,0.021863,0.065916,-0.072490,0.071171,-0.074303,-0.400692,-0.070544,0.665099,0.104177,-0.708956,-0.072649,0.064860,0.033701,-0.162918,-0.086393,0.350437
dns2tcp_tunnel_99911_doh6_2020-03-31t14_01_08.965757,0.001045,False,-0.071722,-0.550889,-0.025423,0.088048,-0.075791,0.150998,0.097821,-0.305745,-0.075205,0.198640,0.370370,0.051392,-0.065904,-0.434126,-0.126728,0.222695,-0.066904,0.067751,0.140068,0.242941,-0.089985,-0.638250,-0.208453,0.444106,-0.068690,0.227630,0.535717,0.219097,-0.061925,-0.429528,-0.062617,0.301111,-0.060618,-0.144726,0.021963,0.065816,-0.072590,0.071271,-0.074203,-0.400792,-0.070644,0.665199,0.104277,-0.709056,-0.072749,0.064760,0.033601,-0.163018,-0.086493,0.350536
dns2tcp_tunnel_99911_doh6_2020-03-31t14_23_47.918870,0.001044,False,-0.071822,-0.550989,-0.025323,0.088148,-0.075891,0.151098,0.097921,-0.305845,-0.075305,0.198540,0.370470,0.051492,-0.066004,-0.434026,-0.126628,0.222595,-0.067004,0.067651,0.139968,0.242841,-0.090085,-0.638350,-0.208353,0.444206,-0.068790,0.227530,0.535817,0.219197,-0.062025,-0.429628,-0.062517,0.301211,-0.060718,-0.144626,0.022063,0.065716,-0.072690,0.071371,-0.074103,-0.400892,-0.070744,0.665299,0.104377,-0.709156,-0.072849,0.064660,0.033501,-0.163118,-0.086593,0.350636
dns2tcp_tunnel_99911_doh6_2020-03-31t14_46_24.297561,0.001044,False,-0.071922,-0.551089,-0.025223,0.088248,-0.075991,0.151198,0.098021,-0.305945,-0.075405,0.198440,0.370570,0.051592,-0.066104,-0.433926,-0.126528,0.222495,-0.067104,0.067551,0.139868,0.242741,-0.090185,-0.638450,-0.208253,0.444306,-0.068890,0.227430,0.535917,0.219297,-0.062125,-0.429728,-0.062417,0.301311,-0.060818,-0.144526,0.022163,0.065616,-0.072790,0.071471,-0.074003,-0.400992,-0.070844,0.665399,0.104477,-0.709256,-0.072949,0.064560,0.033401,-0.163218,-0.086693,0.350736
dns2tcp_tunnel_99911_doh6_2020-03-31t15_09_02.921119,0.001043,False,-0.072022,-0.551189,-0.025123,0.088348,-0.076091,0.151298,0.098122,-0.306045,-0.075505,0.198340,0.370670,0.051692,-0.066204,-0.433826,-0.126428,0.222395,-0.067204,0.067451,0.139768,0.242641,-0.090285,-0.638550,-0.208153,0.444406,-0.068990,0.227330,0.536017,0.219397,-0.062225,-0.429828,-0.062317,0.301411,-0.060918,-0.144426,0.022263,0.065516,-0.072890,0.071571,-0.073903,-0.401092,-0.070944,0.665499,0.104577,-0.709356,-0.073049,0.064460,0.033301,-0.163318,-0.086793,0.350836
dns2tcp_tunnel_99911_doh6_2020-03-31t15_31_41.724959,0.001042,False,-0.072122,-0.551289,-0.025023,0.088448,-0.076191,0.151398,0.098222,-0.306145,-0.075605,0.198240,0.370770,0.051792,-0.066304,-0.433726,-0.126328,0.222295,-0.067304,0.067351,0.139668,0.242541,-0.090385,-0.638650,-0.208053,0.444506,-0.069090,0.227230,0.536117,0.219497,-0.062325,-0.429928,-0.062217,0.301511,-0.061018,-0.144326,0.022363,0.065416,-0.072990,0.071671,-0.073803,-0.401192,-0.071044,0.665599,0.104677,-0.709456,-0.073149,0.064360,0.033201,-0.163418,-0.086893,0.350936
dns2tcp_tunnel_99911_doh6_2020-03-31t15_54_14.943769,0.001041,False,-0.072222,-0.551389,-0.024923,0.088548,-0.076291,0.151498,0.098322,-0.306245,-0.075705,0.198140,0.370870,0.051892,-0.066404,-0.433626,-0.126228,0.222195,-0.067404,0.067251,0.139568,0.242441,-0.090485,-0.638750,-0.207953,0.444606,-0.069190,0.227130,0.536217,0.219597,-0.062425,-0.430028,-0.062117,0.301611,-0.061118,-0.144226,0.022463,0.065316,-0.073090,0.071771,-0.073703,-0.401292,-0.071144,0.665699,0.104777,-0.709556,-0.073249,0.064260,0.033101,-0.163518,-0.086993,0.351036
dns2tcp_tunnel_99911_doh6_2020-03-31t16_16_49.137404,0.001041,False,-0.072322,-0.551489,-0.024823,0.088648,-0.076391,0.151598,0.098422,-0.306345,-0.075806,0.198040,0.370970,0.051992,-0.066504,-0.433526,-0.126128,0.222095,-0.067504,0.067151,0.139468,0.242341,-0.090585,-0.638851,-0.207853,0.444706,-0.069290,0.227030,0.536317,0.219697,-0.062525,-0.430128,-0.062017,0.301711,-0.061218,-0.144126,0.022563,0.065216,-0.073190,0.071871,-0.073603,-0.401392,-0.071244,0.665799,0.104877,-0.709656,-0.073349,0.064160,0.033001,-0.163618,-0.087093,0.351136
dns2tcp_tunnel_99911_doh6_2020-03-31t16_39_21.923638,0.001040,False,-0.072422,-0.551589,-0.024723,0.088748,-0.076491,0.151698,0.098522,-0.306445,-0.075906,0.197940,0.371070,0.052092,-0.066604,-0.433426,-0.126028,0.221995,-0.067604,0.067051,0.139368,0.242241,-0.090685,-0.638951,-0.207753,0.444806,-0.069390,0.226930,0.536417,0.219797,-0.062625,-0.430228,-0.061917,0.301811,-0.061318,-0.144026,0.022663,0.065116,-0.073290,0.071971,-0.073503,-0.401492,-0.071344,0.665899,0.104977,-0.709756,-0.073449,0.064060,0.032901,-0.163718,-0.087193,0.351236
dns2tcp_tunnel_99911_doh6_2020-03-31t17_01_55.035405,0.001039,False,-0.072522,-0.551690,-0.024623,0.088848,-0.076591,0.151798,0.098622,-0.306545,-0.076006,0.197840,0.371170,0.052192,-0.066704,-0.433326,-0.125928,0.221895,-0.067704,0.066951,0.139268,0.242141,-0.090785,-0.639051,-0.207653,0.444906,-0.069490,0.226830,0.536517,0.219897,-0.062725,-0.430328,-0.061817,0.301911,-0.061418,-0.143926,0.022763,0.065016,-0.073390,0.072071,-0.073403,-0.401592,-0.071444,0.665999,0.105077,-0.709856,-0.073549,0.063960,0.032801,-0.163818,-0.087293,0.351336
dns2tcp_tunnel_99911_doh6_2020-03-31t17_24_27.823226,0.001039,False,-0.072622,-0.551790,-0.024523,0.088948,-0.076691,0.151898,0.098722,-0.306645,-0.076106,0.197740,0.371270,0.052292,-0.066804,-0.433226,-0.125828,0.221795,-0.067804,0.066851,0.139168,0.242041,-0.090885,-0.639151,-0.207553,0.445006,-0.069590,0.226730,0.536617,0.219997,-0.062825,-0.430428,-0.061717,0.302011,-0.061518,-0.143826,0.022863,0.064916,-0.073490,0.072171,-0.073303,-0.401692,-0.071544,0.666099,0.105177,-0.709956,-0.073649,0.063860,0.032701,-0.163918,-0.087393,0.351436
dns2tcp_tunnel_99911_doh6_2020-03-31t17_47_00.668252,0.001038,False,-0.072722,-0.551890,-0.024423,0.089048,-0.076791,0.151998,0.098822,-0.306745,-0.076206,0.197640,0.371370,0.052392,-0.066904,-0.433126,-0.125728,0.221695,-0.067904,0.066751,0.139068,0.241941,-0.090985,-0.639251,-0.207453,0.445106,-0.069690,0.226630,0.536717,0.220097,-0.062925,-0.430528,-0.061617,0.302111,-0.061618,-0.143726,0.022963,0.064816,-0.073590,0.072271,-0.073203,-0.401792,-0.071644,0.666200,0.105277,-0.710056,-0.073749,0.063760,0.032601,-0.164018,-0.087493,0.351536
dns2tcp_tunnel_99911_doh6_2020-03-31t18_09_31.553417,0.001037,False,-0.072822,-0.551990,-0.024323,0.089148,-0.076891,0.152098,0.098922,-0.306845,-0.076306,0.197540,0.371470,0.052492,-0.067004,-0.433026,-0.125628,0.221595,-0.068004,0.066651,0.138968,0.241841,-0.091085,-0.639351,-0.207353,0.445206,-0.069790,0.226530,0.536817,0.220197,-0.063025,-0.430628,-0.061517,0.302211,-0.061718,-0.143626,0.023063,0.064716,-0.073690,0.072371,-0.073103,-0.401892,-0.071744,0.666300,0.105377,-0.710156,-0.073849,0.063660,0.032501,-0.164118,-0.087593,0.351636
dns2tcp_tunnel_99911_doh6_2020-03-31t18_32_03.330213,0.001037,False,-0.072922,-0.552090,-0.024223,0.089248,-0.076991,0.152198,0.099022,-0.306945,-0.076406,0.197440,0.371570,0.052592,-0.067104,-0.432926,-0.125528,0.221495,-0.068104,0.066551,0.138868,0.241741,-0.091185,-0.639451,-0.207253,0.445306,-0.069890,0.226430,0.536917,0.220297,-0.063125,-0.430728,-0.061417,0.302311,-0.061818,-0.143526,0.023163,0.064616,-0.073790,0.072471,-0.073003,-0.401992,-0.071844,0.666400,0.105477,-0.710256,-0.073949,0.063560,0.032401,-0.164218,-0.087693,0.351736
dns2tcp_tunnel_99911_doh6_2020-03-31t18_54_34.270791,0.001036,False,-0.073022,-0.552190,-0.024123,0.089348,-0.077091,0.152298,0.099122,-0.307045,-0.076506,0.197340,0.371670,0.052692,-0.067204,-0.432826,-0.125428,0.221395,-0.068204,0.066451,0.138768,0.241641,-0.091285,-0.639551,-0.207153,0.445406,-0.069990,0.226330,0.537017,0.220397,-0.063225,-0.430828,-0.061317,0.302411,-0.061919,-0.143426,0.023263,0.064516,-0.073890,0.072571,-0.072903,-0.402092,-0.071944,0.666500,0.105577,-0.710356,-0.074049,0.063460,0.032301,-0.164318,-0.087793,0.351836
dns2tcp_tunnel_99911_doh6_2020-03-31t19_17_03.145439,0.001035,False,-0.073122,-0.552290,-0.024023,0.089448,-0.077191,0.152398,0.099222,-0.307145,-0.076606,0.197240,0.371770,0.052792,-0.067304,-0.432726,-0.125328,0.221295,-0.068304,0.066351,0.138668,0.241541,-0.091385,-0.639651,-0.207053,0.445506,-0.070090,0.226230,0.537117,0.220497,-0.063325,-0.430928,-0.061217,0.302511,-0.062019,-0.143326,0.023363,0.064416,-0.073990,0.072671,-0.072803,-0.402192,-0.072044,0.666600,0.105677,-0.710456,-0.074149,0.063360,0.032201,-0.164418,-0.087893,0.351936
dns2tcp_tunnel_99911_doh6_2020-03-31t19_39_32.292510,0.001035,False,-0.073222,-0.552390,-0.023923,0.089548,-0.077291,0.152498,0.099322,-0.307245,-0.076706,0.197140,0.371870,0.052892,-0.067404,-0.432626,-0.125228,0.221195,-0.068404,0.066251,0.138568,0.241441,-0.091485,-0.639751,-0.206953,0.445606,-0.070190,0.226130,0.537217,0.220597,-0.063425,-0.431028,-0.061117,0.302611,-0.062119,-0.143226,0.023463,0.064316,-0.074090,0.072771,-0.072703,-0.402292,-0.072144,0.666700,0.105777,-0.710556,-0.074249,0.063260,0.032101,-0.164518,-0.087993,0.352036
dns2tcp_tunnel_99911_doh6_2020-03-31t20_02_00.977419,0.001034,False,-0.073322,-0.552490,-0.023823,0.089648,-0.077391,0.152598,0.099422,-0.307345,-0.076806,0.197040,0.371970,0.052992,-0.067504,-0.432526,-0.125128,0.221095,-0.068504,0.066151,0.138468,0.241341,-0.091585,-0.639851,-0.206853,0.445706,-0.070290,0.226030,0.537317,0.220697,-0.063525,-0.431128,-0.061017,0.302711,-0.062219,-0.143126,0.023563,0.064216,-0.074190,0.072871,-0.072603,-0.402392,-0.072244,0.666800,0.105877,-0.710656,-0.074349,0.063160,0.032001,-0.164618,-0.088093,0.352136
dns2tcp_tunnel_99911_doh6_2020-03-31t20_24_29.967299,0.001033,False,-0.073422,-0.552590,-0.023723,0.089748,-0.077491,0.152698,0.099522,-0.307445,-0.076906,0.196940,0.372070,0.053092,-0.067604,-0.432426,-0.125028,0.220995,-0.068604,0.066051,0.138368,0.241241,-0.091685,-0.639951,-0.206753,0.445806,-0.070390,0.225930,0.537417,0.220797,-0.063625,-0.431228,-0.060917,0.302811,-0.062319,-0.143026,0.023663,0.064116,-0.074290,0.072971,-0.072503,-0.402492,-0.072344,0.666900,0.105977,-0.710756,-0.074449,0.063060,0.031901,-0.164718,-0.088193,0.352236
dns2tcp_tunnel_99911_doh6_2020-03-31t20_46_58.632290,0.001033,False,-0.073522,-0.552690,-0.023623,0.089848,-0.077591,0.152798,0.099622,-0.307545,-0.077006,0.196840,0.372169,0.053192,-0.067704,-0.432326,-0.124928,0.220895,-0.068704,0.065951,0.138268,0.241141,-0.091785,-0.640051,-0.206653,0.445906,-0.070490,0.225830,0.537517,0.220897,-0.063725,-0.431328,-0.060817,0.302911,-0.062419,-0.142926,0.023763,0.064016,-0.074390,0.073071,-0.072403,-0.402592,-0.072444,0.667000,0.106077,-0.710856,-0.074549,0.062960,0.031801,-0.164818,-0.088293,0.352336
dns2tcp_tunnel_99911_doh6_2020-03-31t21_09_27.980171,0.001032,False,-0.073622,-0.552790,-0.023523,0.089948,-0.077691,0.152898,0.099722,-0.307645,-0.077106,0.196740,0.372269,0.053292,-0.067804,-0.432226,-0.124828,0.220795,-0.068804,0.065851,0.138168,0.241041,-0.091885,-0.640151,-0.206553,0.446006,-0.070590,0.225730,0.537617,0.220997,-0.063825,-0.431428,-0.060717,0.303011,-0.062519,-0.142826,0.023863,0.063916,-0.074490,0.073171,-0.072303,-0.402692,-0.072544,0.667100,0.106177,-0.710956,-0.074649,0.062860,0.031701,-0.164918,-0.088393,0.352436
dns2tcp_tunnel_99911_doh6_2020-03-31t21_31_56.616700,0.001031,False,-0.073722,-0.552890,-0.023423,0.090048,-0.077791,0.152998,0.099822,-0.307745,-0.077206,0.196640,0.372369,0.053392,-0.067904,-0.432126,-0.124728,0.220695,-0.068904,0.065751,0.138068,0.240941,-0.091985,-0.640251,-0.206453,0.446106,-0.070690,0.225630,0.537717,0.221097,-0.063925,-0.431528,-0.060617,0.303111,-0.062619,-0.142726,0.023963,0.063816,-0.074590,0.073271,-0.072203,-0.402792,-0.072644,0.667200,0.106277,-0.711056,-0.074749,0.062760,0.031601,-0.165018,-0.088493,0.352536
dns2tcp_tunnel_99911_doh7_2020-03-30t20_14_49.173267,0.001031,False,-0.073822,-0.552990,-0.023323,0.090148,-0.077891,0.153098,0.099922,-0.307845,-0.077306,0.196540,0.372469,0.053492,-0.068004,-0.432026,-0.124628,0.220595,-0.069004,0.065651,0.137968,0.240841,-0.092085,-0.640351,-0.206353,0.446206,-0.070790,0.225530,0.537817,0.221197,-0.064025,-0.431628,-0.060517,0.303211,-0.062719,-0.142626,0.024063,0.063716,-0.074690,0.073371,-0.072103,-0.402892,-0.072744,0.667300,0.106377,-0.711156,-0.074849,0.062660,0.031501,-0.165118,-0.088593,0.352636
dns2tcp_tunnel_99911_doh7_2020-03-30t21_01_59.671719,0.001030,False,-0.073922,-0.553090,-0.023223,0.090248,-0.077991,0.153198,0.100022,-0.307945,-0.077406,0.196440,0.372569,0.053592,-0.068104,-0.431926,-0.124528,0.220495,-0.069104,0.065551,0.137868,0.240741,-0.092185,-0.640451,-0.206253,0.446306,-0.070890,0.225430,0.537917,0.221297,-0.064125,-0.431728,-0.060417,0.303311,-0.062819,-0.142526,0.024163,0.063616,-0.074790,0.073471,-0.072003,-0.402992,-0.072844,0.667400,0.106477,-0.711256,-0.074949,0.062560,0.031401,-0.165218,-0.088693,0.352736
dns2tcp_tunnel_99911_doh7_2020-03-30t21_24_52.943488,0.001029,False,-0.074022,-0.553190,-0.023123,0.090348,-0.078091,0.153298,0.100122,-0.308045,-0.077506,0.196340,0.372669,0.053692,-0.068204,-0.431827,-0.124428,0.220395,-0.069204,0.065451,0.137768,0.240641,-0.092285,-0.640551,-0.206153,0.446406,-0.070990,0.225330,0.538017,0.221397,-0.064225,-0.431828,-0.060317,0.303411,-0.062919,-0.142426,0.024263,0.063516,-0.074890,0.073571,-0.071903,-0.403092,-0.072944,0.667500,0.106577,-0.711356,-0.075049,0.062460,0.031301,-0.165318,-0.088793,0.352836
dns2tcp_tunnel_99911_doh7_2020-03-30t21_47_41.385441,0.001028,False,-0.074122,-0.553290,-0.023023,0.090448,-0.078191,0.153398,0.100222,-0.308145,-0.077606,0.196240,0.372769,0.053792,-0.068304,-0.431727,-0.124328,0.220295,-0.069304,0.065351,0.137668,0.240541,-0.092385,-0.640651,-0.206053,0.446506,-0.071090,0.225230,0.538117,0.221497,-0.064325,-0.431928,-0.060217,0.303511,-0.063019,-0.142326,0.024363,0.063416,-0.074990,0.073671,-0.071803,-0.403192,-0.073044,0.667600,0.106677,-0.711456,-0.075149,0.062360,0.031201,-0.165418,-0.088893,0.352936
dns2tcp_tunnel_99911_doh7_2020-03-30t22_10_20.561488,0.001028,False,-0.074222,-0.553390,-0.022923,0.090548,-0.078291,0.153498,0.100322,-0.308245,-0.077706,0.196140,0.372869,0.053892,-0.068404,-0.431627,-0.124228,0.220195,-0.069404,0.065251,0.137568,0.240441,-0.092485,-0.640751,-0.205953,0.446606,-0.071190,0.225130,0.538217,0.221597,-0.064425,-0.432028,-0.060117,0.303611,-0.063119,-0.142226,0.024463,0.063316,-0.075090,0.073771,-0.071703,-0.403292,-0.073144,0.667700,0.106777,-0.711556,-0.075249,0.062260,0.031101,-0.165518,-0.088993,0.353036
dns2tcp_tunnel_99911_doh7_2020-03-30t22_32_57.357800,0.001027,False,-0.074322,-0.553490,-0.022823,0.090648,-0.078391,0.153598,0.100422,-0.308345,-0.077806,0.196040,0.372969,0.053992,-0.068504,-0.431527,-0.124128,0.220095,-0.069504,0.065151,0.137468,0.240341,-0.092585,-0.640851,-0.205853,0.446706,-0.071290,0.225030,0.538317,0.221697,-0.064525,-0.432128,-0.060017,0.303711,-0.063219,-0.142126,0.024563,0.063216,-0.075190,0.073871,-0.071603,-0.403392,-0.073244,0.667800,0.106877,-0.711656,-0.075349,0.062160,0.031001,-0.165618,-0.089093,0.353136
dns2tcp_tunnel_99911_doh7_2020-03-30t22_55_34.443823,0.001027,False,-0.074422,-0.553590,-0.022723,0.090748,-0.078491,0.153698,0.100522,-0.308445,-0.077906,0.195940,0.373069,0.054092,-0.068604,-0.431427,-0.124028,0.219995,-0.069604,0.065051,0.137368,0.240241,-0.092685,-0.640951,-0.205753,0.446806,-0.071390,0.224930,0.538417,0.221797,-0.064625,-0.432228,-0.059917,0.303811,-0.063319,-0.142026,0.024663,0.063116,-0.075290,0.073971,-0.071503,-0.403492,-0.073344,0.667900,0.106977,-0.711756,-0.075449,0.062060,0.030901,-0.165718,-0.089193,0.353236
dns2tcp_tunnel_99911_doh7_2020-03-30t23_18_07.368184,0.001026,False,-0.074522,-0.553690,-0.022623,0.090848,-0.078591,0.153798,0.100622,-0.308545,-0.078006,0.195840,0.373169,0.054192,-0.068704,-0.431327,-0.123928,0.219895,-0.069704,0.064951,0.137268,0.240141,-0.092785,-0.641051,-0.205653,0.446906,-0.071490,0.224830,0.538517,0.221897,-0.064725,-0.432328,-0.059817,0.303911,-0.063419,-0.141926,0.024763,0.063016,-0.075390,0.074071,-0.071403,-0.403592,-0.073444,0.668000,0.107077,-0.711856,-0.075549,0.061960,0.030801,-0.165818,-0.089293,0.353336
dns2tcp_tunnel_99911_doh7_2020-03-30t23_40_39.890364,0.001025,False,-0.074622,-0.553790,-0.022523,0.090948,-0.078691,0.153898,0.100722,-0.308645,-0.078106,0.195740,0.373269,0.054292,-0.068804,-0.431227,-0.123828,0.219795,-0.069804,0.064851,0.137168,0.240041,-0.092885,-0.641151,-0.205553,0.447006,-0.071590,0.224730,0.538617,0.221997,-0.064825,-0.432428,-0.059717,0.304011,-0.063519,-0.141826,0.024863,0.062916,-0.075490,0.074171,-0.071303,-0.403692,-0.073544,0.668100,0.107177,-0.711956,-0.075649,0.061860,0.030701,-0.165918,-0.089393,0.353436
dns2tcp_tunnel_99911_doh7_2020-03-31t00_03_16.805639,0.001024,False,-0.074722,-0.553890,-0.022423,0.091048,-0.078791,0.153998,0.100822,-0.308745,-0.078206,0.195640,0.373369,0.054392,-0.068904,-0.431127,-0.123728,0.219695,-0.069904,0.064751,0.137068,0.239941,-0.092985,-0.641251,-0.205453,0.447106,-0.071690,0.224630,0.538718,0.222097,-0.064925,-0.432528,-0.059617,0.304111,-0.063619,-0.141726,0.024963,0.062816,-0.075590,0.074271,-0.071203,-0.403792,-0.073644,0.668200,0.107277,-0.712056,-0.075749,0.061760,0.030601,-0.166018,-0.089493,0.353536
dns2tcp_tunnel_99911_doh7_2020-03-31t00_25_51.347577,0.001024,False,-0.074822,-0.553990,-0.022323,0.091148,-0.078891,0.154098,0.100922,-0.308845,-0.078306,0.195540,0.373469,0.054492,-0.069004,-0.431027,-0.123628,0.219595,-0.070004,0.064651,0.136968,0.239841,-0.093085,-0.641351,-0.205353,0.447206,-0.071790,0.224530,0.538818,0.222197,-0.065025,-0.432628,-0.059517,0.304211,-0.063719,-0.141626,0.025063,0.062716,-0.075690,0.074371,-0.071103,-0.403892,-0.073744,0.668300,0.107377,-0.712156,-0.075849,0.061660,0.030501,-0.166118,-0.089593,0.353636
dns2tcp_tunnel_99911_doh7_2020-03-31t00_48_29.523207,0.001023,False,-0.074922,-0.554090,-0.022223,0.091248,-0.078991,0.154198,0.101022,-0.308945,-0.078406,0.195440,0.373569,0.054592,-0.069104,-0.430927,-0.123528,0.219495,-0.070104,0.064551,0.136868,0.239741,-0.093185,-0.641451,-0.205253,0.447306,-0.071890,0.224430,0.538918,0.222297,-0.065125,-0.432728,-0.059417,0.304311,-0.063819,-0.141526,0.025163,0.062616,-0.075790,0.074471,-0.071003,-0.403992,-0.073844,0.668400,0.107477,-0.712256,-0.075949,0.061560,0.030401,-0.166218,-0.089693,0.353736
dns2tcp_tunnel_99911_doh7_2020-03-31t01_11_08.492820,0.001022,False,-0.075022,-0.554190,-0.022123,0.091348,-0.079091,0.154298,0.101122,-0.309045,-0.078506,0.195340,0.373669,0.054692,-0.069204,-0.430827,-0.123428,0.219395,-0.070204,0.064451,0.136768,0.239641,-0.093285,-0.641551,-0.205153,0.447406,-0.071990,0.224330,0.539018,0.222397,-0.065225,-0.432828,-0.059317,0.304411,-0.063919,-0.141426,0.025263,0.062516,-0.075890,0.074571,-0.070903,-0.404092,-0.073944,0.668499,0.107577,-0.712356,-0.076049,0.061460,0.030301,-0.166318,-0.089793,0.353836
dns2tcp_tunnel_99911_doh7_2020-03-31t01_33_47.857093,0.001022,False,-0.075122,-0.554290,-0.022023,0.091448,-0.079191,0.154398,0.101222,-0.309145,-0.078606,0.195240,0.373769,0.054792,-0.069304,-0.430727,-0.123328,0.219295,-0.070304,0.064351,0.136668,0.239541,-0.093385,-0.641651,-0.205053,0.447506,-0.072090,0.224230,0.539118,0.222497,-0.065325,-0.432927,-0.059217,0.304511,-0.064019,-0.141326,0.025363,0.062416,-0.075990,0.074671,-0.070803,-0.404192,-0.074044,0.668599,0.107677,-0.712456,-0.076149,0.061360,0.030201,-0.166418,-0.089893,0.353936
dns2tcp_tunnel_99911_doh7_2020-03-31t01_56_26.557187,0.001021,False,-0.075222,-0.554390,-0.021923,0.091548,-0.079291,0.154498,0.101322,-0.309245,-0.078706,0.195140,0.373869,0.054892,-0.069404,-0.430627,-0.123228,0.219195,-0.070404,0.064251,0.136568,0.239441,-0.093485,-0.641751,-0.204953,0.447606,-0.072190,0.224130,0.539218,0.222597,-0.065425,-0.433027,-0.059117,0.304611,-0.064119,-0.141226,0.025463,0.062316,-0.076090,0.074771,-0.070703,-0.404292,-0.074144,0.668699,0.107777,-0.712556,-0.076249,0.061260,0.030101,-0.166518,-0.089993,0.354036
dns2tcp_tunnel_99911_doh7_2020-03-31t02_19_05.764946,0.001020,False,-0.075322,-0.554490,-0.021823,0.091648,-0.079391,0.154598,0.101422,-0.309345,-0.078806,0.195040,0.373969,0.054992,-0.069504,-0.430527,-0.123128,0.219095,-0.070505,0.064151,0.136468,0.239341,-0.093585,-0.641851,-0.204853,0.447706,-0.072290,0.224030,0.539318,0.222697,-0.065525,-0.433127,-0.059017,0.304711,-0.064219,-0.141126,0.025563,0.062216,-0.076190,0.074871,-0.070603,-0.404392,-0.074244,0.668799,0.107877,-0.712656,-0.076349,0.061160,0.030001,-0.166618,-0.090093,0.354136
dns2tcp_tunnel_99911_doh7_2020-03-31t02_41_44.830593,0.001020,False,-0.075422,-0.554590,-0.021723,0.091748,-0.079491,0.154698,0.101522,-0.309445,-0.078906,0.194940,0.374069,0.055092,-0.069604,-0.430427,-0.123028,0.218995,-0.070605,0.064051,0.136368,0.239241,-0.093685,-0.641951,-0.204753,0.447806,-0.072390,0.223930,0.539418,0.222797,-0.065625,-0.433227,-0.058917,0.304810,-0.064319,-0.141026,0.025663,0.062116,-0.076290,0.074971,-0.070503,-0.404492,-0.074344,0.668899,0.107977,-0.712756,-0.076449,0.061060,0.029901,-0.166718,-0.090193,0.354236
dns2tcp_tunnel_99911_doh7_2020-03-31t03_04_18.957268,0.001019,False,-0.075522,-0.554690,-0.021623,0.091848,-0.079591,0.154798,0.101622,-0.309545,-0.079006,0.194840,0.374169,0.055192,-0.069704,-0.430327,-0.122928,0.218895,-0.070705,0.063951,0.136268,0.239141,-0.093785,-0.642051,-0.204653,0.447906,-0.072490,0.223830,0.539518,0.222897,-0.065725,-0.433327,-0.058817,0.304910,-0.064419,-0.140926,0.025763,0.062016,-0.076390,0.075071,-0.070403,-0.404592,-0.074444,0.668999,0.108077,-0.712856,-0.076549,0.060960,0.029801,-0.166818,-0.090293,0.354336
dns2tcp_tunnel_99911_doh7_2020-03-31t03_26_53.437918,0.001018,False,-0.075622,-0.554790,-0.021523,0.091948,-0.079691,0.154898,0.101722,-0.309645,-0.079106,0.194740,0.374269,0.055292,-0.069804,-0.430227,-0.122828,0.218795,-0.070805,0.063851,0.136168,0.239041,-0.093885,-0.642151,-0.204553,0.448006,-0.072590,0.223730,0.539618,0.222997,-0.065825,-0.433427,-0.058717,0.305010,-0.064519,-0.140826,0.025863,0.061916,-0.076490,0.075171,-0.070303,-0.404692,-0.074544,0.669099,0.108177,-0.712956,-0.076649,0.060860,0.029701,-0.166918,-0.090393,0.354436
dns2tcp_tunnel_99911_doh7_2020-03-31t03_49_27.914193,0.001018,False,-0.075722,-0.554890,-0.021423,0.092048,-0.079791,0.154998,0.101822,-0.309745,-0.079206,0.194640,0.374369,0.055392,-0.069904,-0.430127,-0.122728,0.218695,-0.070905,0.063751,0.136068,0.238941,-0.093985,-0.642251,-0.204453,0.448106,-0.072690,0.223630,0.539718,0.223097,-0.065925,-0.433527,-0.058617,0.305110,-0.064619,-0.140726,0.025963,0.061816,-0.076590,0.075271,-0.070203,-0.404792,-0.074644,0.669199,0.108277,-0.713056,-0.076749,0.060760,0.029601,-0.167018,-0.090493,0.354536
dns2tcp_tunnel_99911_doh7_2020-03-31t04_12_00.913995,0.001017,False,-0.075822,-0.554990,-0.021323,0.092148,-0.079891,0.155098,0.101922,-0.309845,-0.079306,0.194540,0.374469,0.055492,-0.070004,-0.430027,-0.122628,0.218595,-0.071005,0.063651,0.135968,0.238841,-0.094085,-0.642351,-0.204353,0.448206,-0.072790,0.223530,0.539818,0.223197,-0.066025,-0.433627,-0.058517,0.305210,-0.064719,-0.140626,0.026063,0.061716,-0.076690,0.075371,-0.070103,-0.404892,-0.074744,0.669299,0.108377,-0.713156,-0.076849,0.060660,0.029501,-0.167118,-0.090593,0.354636
dns2tcp_tunnel_99911_doh7_2020-03-31t04_34_35.132493,0.001016,False,-0.075922,-0.555090,-0.021223,0.092248,-0.079991,0.155198,0.102022,-0.309945,-0.079406,0.194440,0.374569,0.055592,-0.070104,-0.429927,-0.122528,0.218495,-0.071105,0.063551,0.135868,0.238741,-0.094185,-0.642451,-0.204253,0.448306,-0.072890,0.223430,0.539918,0.223297,-0.066125,-0.433727,-0.058417,0.305310,-0.064819,-0.140526,0.026163,0.061616,-0.076790,0.075471,-0.070003,-0.404992,-0.074844,0.669399,0.108477,-0.713256,-0.076949,0.060560,0.029401,-0.167218,-0.090693,0.354736
dns2tcp_tunnel_99911_doh7_2020-03-31t04_57_12.722590,0.001015,False,-0.076022,-0.555190,-0.021123,0.092348,-0.080091,0.155298,0.102122,-0.310045,-0.079506,0.194340,0.374669,0.055692,-0.070204,-0.429827,-0.122428,0.218395,-0.071205,0.063451,0.135768,0.238641,-0.094285,-0.642551,-0.204153,0.448406,-0.072990,0.223330,0.540018,0.223397,-0.066225,-0.433827,-0.058317,0.305410,-0.064919,-0.140426,0.026263,0.061516,-0.076890,0.075571,-0.069903,-0.405092,-0.074944,0.669499,0.108577,-0.713356,-0.077049,0.060460,0.029301,-0.167318,-0.090793,0.354836
dns2tcp_tunnel_99911_doh7_2020-03-31t05_19_50.610860,0.001015,False,-0.076122,-0.555290,-0.021023,0.092448,-0.080191,0.155398,0.102222,-0.310145,-0.079606,0.194240,0.374769,0.055792,-0.070304,-0.429727,-0.122328,0.218295,-0.071305,0.063351,0.135668,0.238541,-0.094385,-0.642651,-0.204053,0.448506,-0.073090,0.223230,0.540118,0.223497,-0.066325,-0.433927,-0.058217,0.305510,-0.065019,-0.140326,0.026363,0.061416,-0.076990,0.075671,-0.069803,-0.405192,-0.075044,0.669599,0.108677,-0.713456,-0.077149,0.060360,0.029201,-0.167418,-0.090893,0.354936
dns2tcp_tunnel_99911_doh7_2020-03-31t05_42_28.386711,0.001014,False,-0.076222,-0.555390,-0.020923,0.092548,-0.080291,0.155498,0.102322,-0.310245,-0.079706,0.194140,0.374869,0.055892,-0.070404,-0.429627,-0.122228,0.218195,-0.071405,0.063251,0.135568,0.238441,-0.094485,-0.642751,-0.203953,0.448606,-0.073190,0.223130,0.540218,0.223597,-0.066425,-0.434027,-0.058117,0.305610,-0.065119,-0.140226,0.026463,0.061316,-0.077090,0.075771,-0.069703,-0.405292,-0.075144,0.669699,0.108777,-0.713556,-0.077249,0.060260,0.029101,-0.167518,-0.090993,0.355036
dns2tcp_tunnel_99911_doh7_2020-03-31t06_05_08.422722,0.001013,False,-0.076322,-0.555490,-0.020823,0.092648,-0.080391,0.155598,0.102422,-0.310345,-0.079806,0.194040,0.374969,0.055992,-0.070504,-0.429527,-0.122128,0.218095,-0.071505,0.063151,0.135468,0.238341,-0.094585,-0.642851,-0.203853,0.448706,-0.073290,0.223030,0.540318,0.223697,-0.066525,-0.434127,-0.058017,0.305710,-0.065219,-0.140126,0.026563,0.061216,-0.077190,0.075871,-0.069603,-0.405392,-0.075244,0.669799,0.108877,-0.713656,-0.077349,0.060160,0.029001,-0.167618,-0.091093,0.355136
dns2tcp_tunnel_99911_doh7_2020-03-31t06_27_51.129008,0.001013,False,-0.076422,-0.555590,-0.020723,0.092748,-0.080491,0.155698,0.102522,-0.310445,-0.079906,0.193940,0.375069,0.056092,-0.070604,-0.429427,-0.122028,0.217995,-0.071605,0.063051,0.135368,0.238241,-0.094685,-0.642951,-0.203753,0.448806,-0.073390,0.222930,0.540418,0.223797,-0.066625,-0.434227,-0.057917,0.305810,-0.065319,-0.140026,0.026663,0.061116,-0.077290,0.075971,-0.069503,-0.405492,-0.075344,0.669899,0.108977,-0.713756,-0.077449,0.060060,0.028901,-0.167718,-0.091193,0.355236
dns2tcp_tunnel_99911_doh7_2020-03-31t06_50_30.080642,0.001012,False,-0.076522,-0.555690,-0.020623,0.092848,-0.080591,0.155798,0.102622,-0.310545,-0.080006,0.193840,0.375169,0.056192,-0.070704,-0.429327,-0.121928,0.217895,-0.071705,0.062951,0.135268,0.238141,-0.094785,-0.643051,-0.203653,0.448906,-0.073490,0.222830,0.540518,0.223897,-0.066725,-0.434327,-0.057817,0.305910,-0.065419,-0.139926,0.026763,0.061016,-0.077390,0.076071,-0.069403,-0.405591,-0.075444,0.669999,0.109077,-0.713856,-0.077549,0.059960,0.028801,-0.167818,-0.091293,0.355336
dns2tcp_tunnel_99911_doh7_2020-03-31t07_13_09.652235,0.001011,False,-0.076622,-0.555790,-0.020523,0.092948,-0.080691,0.155898,0.102722,-0.310645,-0.080106,0.193740,0.375269,0.056292,-0.070804,-0.429227,-0.121828,0.217795,-0.071805,0.062851,0.135168,0.238041,-0.094885,-0.643151,-0.203553,0.449006,-0.073590,0.222730,0.540618,0.223997,-0.066825,-0.434427,-0.057717,0.306010,-0.065519,-0.139826,0.026863,0.060916,-0.077490,0.076171,-0.069303,-0.405691,-0.075544,0.670099,0.109177,-0.713956,-0.077649,0.059860,0.028701,-0.167918,-0.091393,0.355436
dns2tcp_tunnel_99911_doh7_2020-03-31t07_35_46.829022,0.001011,False,-0.076722,-0.555890,-0.020423,0.093048,-0.080791,0.155998,0.102822,-0.310745,-0.080206,0.193640,0.375369,0.056392,-0.070904,-0.429127,-0.121728,0.217695,-0.071905,0.062751,0.135068,0.237941,-0.094985,-0.643251,-0.203453,0.449106,-0.073690,0.222630,0.540718,0.224097,-0.066925,-0.434527,-0.057617,0.306110,-0.065619,-0.139726,0.026963,0.060816,-0.077590,0.076271,-0.069203,-0.405791,-0.075644,0.670199,0.109277,-0.714056,-0.077749,0.059760,0.028601,-0.168018,-0.091493,0.355536
dns2tcp_tunnel_99911_doh7_2020-03-31t07_58_19.114052,0.001010,False,-0.076822,-0.555990,-0.020323,0.093148,-0.080891,0.156098,0.102922,-0.310845,-0.080306,0.193540,0.375469,0.056492,-0.071004,-0.429027,-0.121628,0.217595,-0.072005,0.062651,0.134968,0.237841,-0.095085,-0.643351,-0.203353,0.449206,-0.073790,0.222530,0.540818,0.224197,-0.067025,-0.434627,-0.057517,0.306210,-0.065719,-0.139626,0.027063,0.060716,-0.077690,0.076371,-0.069103,-0.405891,-0.075744,0.670299,0.109377,-0.714156,-0.077849,0.059660,0.028501,-0.168118,-0.091593,0.355636
dns2tcp_tunnel_99911_doh7_2020-03-31t08_20_54.395084,0.001009,False,-0.076922,-0.556090,-0.020223,0.093248,-0.080991,0.156198,0.103022,-0.310945,-0.080406,0.193440,0.375569,0.056592,-0.071104,-0.428927,-0.121528,0.217495,-0.072105,0.062551,0.134868,0.237741,-0.095185,-0.643451,-0.203253,0.449306,-0.073890,0.222430,0.540918,0.224297,-0.067125,-0.434727,-0.057417,0.306310,-0.065819,-0.139526,0.027163,0.060616,-0.077790,0.076471,-0.069003,-0.405991,-0.075844,0.670399,0.109477,-0.714256,-0.077949,0.059560,0.028401,-0.168218,-0.091693,0.355736
dns2tcp_tunnel_99911_doh7_2020-03-31t08_43_33.376821,0.001009,False,-0.077022,-0.556190,-0.020123,0.093348,-0.081091,0.156298,0.103122,-0.311045,-0.080506,0.193340,0.375669,0.056692,-0.071204,-0.428827,-0.121428,0.217395,-0.072205,0.062451,0.134768,0.237641,-0.095285,-0.643551,-0.203153,0.449406,-0.073990,0.222330,0.541018,0.224397,-0.067225,-0.434827,-0.057317,0.306410,-0.065919,-0.139426,0.027263,0.060516,-0.077890,0.076571,-0.068903,-0.406091,-0.075944,0.670499,0.109577,-0.714356,-0.078049,0.059460,0.028301,-0.168318,-0.091793,0.355836
dns2tcp_tunnel_99911_doh7_2020-03-31t09_06_11.595774,0.001008,False,-0.077122,-0.556290,-0.020023,0.093448,-0.081191,0.156398,0.103222,-0.311145,-0.080606,0.193240,0.375769,0.056792,-0.071304,-0.428727,-0.121328,0.217295,-0.072305,0.062351,0.134668,0.237541,-0.095385,-0.643651,-0.203053,0.449506,-0.074090,0.222230,0.541118,0.224497,-0.067325,-0.434927,-0.057217,0.306510,-0.066019,-0.139326,0.027363,0.060416,-0.077990,0.076671,-0.068803,-0.406191,-0.076044,0.670599,0.109677,-0.714456,-0.078149,0.059360,0.028201,-0.168418,-0.091893,0.355936
dns2tcp_tunnel_99911_doh7_2020-03-31t09_28_51.810309,0.001007,False,-0.077222,-0.556390,-0.019923,0.093548,-0.081291,0.156498,0.103322,-0.311244,-0.080706,0.193140,0.375869,0.056892,-0.071404,-0.428627,-0.121228,0.217195,-0.072405,0.062251,0.134568,0.237441,-0.095485,-0.643751,-0.202953,0.449606,-0.074190,0.222130,0.541218,0.224597,-0.067425,-0.435027,-0.057117,0.306610,-0.066119,-0.139226,0.027463,0.060316,-0.078090,0.076771,-0.068703,-0.406291,-0.076144,0.670699,0.109777,-0.714557,-0.078249,0.059260,0.028101,-0.168518,-0.091993,0.356036
dns2tcp_tunnel_99911_doh7_2020-03-31t09_51_37.443737,0.001007,False,-0.077322,-0.556490,-0.019823,0.093648,-0.081391,0.156598,0.103422,-0.311344,-0.080806,0.193040,0.375969,0.056992,-0.071504,-0.428527,-0.121128,0.217095,-0.072505,0.062151,0.134468,0.237341,-0.095585,-0.643851,-0.202853,0.449706,-0.074290,0.222030,0.541318,0.224697,-0.067525,-0.435127,-0.057017,0.306710,-0.066219,-0.139126,0.027563,0.060216,-0.078190,0.076871,-0.068603,-0.406391,-0.076244,0.670798,0.109877,-0.714657,-0.078349,0.059160,0.028001,-0.168618,-0.092093,0.356136
dns2tcp_tunnel_99911_doh7_2020-03-31t10_14_22.550361,0.001006,False,-0.077422,-0.556590,-0.019723,0.093748,-0.081491,0.156698,0.103522,-0.311444,-0.080906,0.192940,0.376069,0.057092,-0.071604,-0.428427,-0.121028,0.216995,-0.072605,0.062051,0.134368,0.237241,-0.095685,-0.643951,-0.202753,0.449806,-0.074390,0.221930,0.541418,0.224797,-0.067625,-0.435227,-0.056917,0.306810,-0.066319,-0.139026,0.027663,0.060116,-0.078290,0.076971,-0.068503,-0.406491,-0.076344,0.670898,0.109977,-0.714757,-0.078449,0.059060,0.027901,-0.168718,-0.092193,0.356236
dns2tcp_tunnel_99911_doh7_2020-03-31t10_37_05.342808,0.001005,False,-0.077522,-0.556690,-0.019623,0.093848,-0.081591,0.156798,0.103622,-0.311544,-0.081006,0.192840,0.376169,0.057192,-0.071704,-0.428327,-0.120928,0.216895,-0.072705,0.061951,0.134268,0.237141,-0.095785,-0.644051,-0.202653,0.449906,-0.074490,0.221830,0.541518,0.224897,-0.067725,-0.435327,-0.056817,0.306910,-0.066419,-0.138926,0.027763,0.060016,-0.078390,0.077071,-0.068403,-0.406591,-0.076444,0.670998,0.110077,-0.714857,-0.078549,0.058960,0.027801,-0.168818,-0.092293,0.356336
dns2tcp_tunnel_99911_doh7_2020-03-31t10_59_50.655419,0.001004,False,-0.077622,-0.556790,-0.019523,0.093948,-0.081691,0.156898,0.103722,-0.311644,-0.081106,0.192740,0.376269,0.057292,-0.071804,-0.428227,-0.120828,0.216795,-0.072805,0.061851,0.134168,0.237041,-0.095885,-0.644151,-0.202553,0.450006,-0.074590,0.221730,0.541618,0.224997,-0.067825,-0.435427,-0.056717,0.307010,-0.066519,-0.138826,0.027863,0.059916,-0.078490,0.077171,-0.068303,-0.406691,-0.076544,0.671098,0.110177,-0.714957,-0.078649,0.058860,0.027701,-0.168918,-0.092393,0.356436
dns2tcp_tunnel_99911_doh7_2020-03-31t11_22_29.239699,0.001004,False,-0.077722,-0.556890,-0.019423,0.094048,-0.081791,0.156998,0.103822,-0.311744,-0.081206,0.192640,0.376369,0.057392,-0.071904,-0.428127,-0.120728,0.216695,-0.072905,0.061751,0.134068,0.236941,-0.095985,-0.644251,-0.202453,0.450106,-0.074690,0.221630,0.541718,0.225097,-0.067925,-0.435527,-0.056617,0.307110,-0.066619,-0.138726,0.027963,0.059816,-0.078590,0.077271,-0.068203,-0.406791,-0.076644,0.671198,0.110277,-0.715057,-0.078749,0.058760,0.027601,-0.169018,-0.092493,0.356536
dns2tcp_tunnel_99911_doh7_2020-03-31t11_45_10.118117,0.001003,False,-0.077822,-0.556990,-0.019323,0.094148,-0.081891,0.157098,0.103922,-0.311844,-0.081306,0.192540,0.376469,0.057492,-0.072004,-0.428027,-0.120628,0.216595,-0.073005,0.061651,0.133968,0.236841,-0.096085,-0.644351,-0.202353,0.450206,-0.074790,0.221530,0.541818,0.225197,-0.068025,-0.435627,-0.056517,0.307210,-0.066719,-0.138626,0.028063,0.059716,-0.078690,0.077371,-0.068103,-0.406891,-0.076744,0.671298,0.110377,-0.715157,-0.078849,0.058660,0.027501,-0.169118,-0.092593,0.356636
dns2tcp_tunnel_99911_doh7_2020-03-31t12_07_49.916638,0.001002,False,-0.077922,-0.557090,-0.019223,0.094248,-0.081991,0.157198,0.104022,-0.311944,-0.081406,0.192440,0.376569,0.057592,-0.072104,-0.427927,-0.120528,0.216495,-0.073105,0.061551,0.133868,0.236741,-0.096185,-0.644451,-0.202253,0.450306,-0.074890,0.221430,0.541918,0.225297,-0.068125,-0.435727,-0.056417,0.307310,-0.066819,-0.138526,0.028163,0.059616,-0.078790,0.077471,-0.068003,-0.406991,-0.076844,0.671398,0.110477,-0.715257,-0.078949,0.058560,0.027401,-0.169218,-0.092693,0.356736
dns2tcp_tunnel_99911_doh7_2020-03-31t12_30_31.671923,0.001002,False,-0.078022,-0.557190,-0.019123,0.094348,-0.082091,0.157298,0.104122,-0.312044,-0.081506,0.192340,0.376669,0.057692,-0.072204,-0.427827,-0.120428,0.216395,-0.073205,0.061451,0.133768,0.236641,-0.096285,-0.644551,-0.202153,0.450406,-0.074990,0.221330,0.542018,0.225397,-0.068225,-0.435827,-0.056317,0.307410,-0.066919,-0.138426,0.028263,0.059516,-0.078890,0.077571,-0.067903,-0.407091,-0.076944,0.671498,0.110577,-0.715357,-0.079049,0.058460,0.027301,-0.169318,-0.092793,0.356836
dns2tcp_tunnel_99911_doh7_2020-03-31t12_53_12.507754,0.001001,False,-0.078122,-0.557290,-0.019023,0.094448,-0.082191,0.157398,0.104222,-0.312144,-0.081606,0.192240,0.376769,0.057792,-0.072304,-0.427727,-0.120328,0.216295,-0.073305,0.061351,0.133668,0.236541,-0.096385,-0.644651,-0.202053,0.450506,-0.075090,0.221230,0.542118,0.225497,-0.068325,-0.435927,-0.056217,0.307510,-0.067019,-0.138326,0.028363,0.059416,-0.078990,0.077671,-0.067803,-0.407191,-0.077044,0.671598,0.110677,-0.715457,-0.079149,0.058360,0.027201,-0.169418,-0.092893,0.356936
dns2tcp_tunnel_99911_doh7_2020-03-31t13_15_52.638600,0.001000,False,-0.078222,-0.557390,-0.018923,0.094548,-0.082291,0.157498,0.104322,-0.312244,-0.081706,0.192140,0.376869,0.057892,-0.072404,-0.427627,-0.120228,0.216195,-0.073405,0.061251,0.133568,0.236441,-0.096485,-0.644751,-0.201953,0.450606,-0.075190,0.221130,0.542218,0.225597,-0.068425,-0.436027,-0.056117,0.307610,-0.067119,-0.138226,0.028463,0.059316,-0.079090,0.077771,-0.067703,-0.407291,-0.077144,0.671698,0.110777,-0.715557,-0.079249,0.058260,0.027101,-0.169518,-0.092993,0.357036
dns2tcp_tunnel_99911_doh7_2020-03-31t13_38_31.288210,0.001000,False,-0.078322,-0.557490,-0.018823,0.094648,-0.082391,0.157598,0.104422,-0.312344,-0.081806,0.192040,0.376969,0.057992,-0.072504,-0.427527,-0.120128,0.216095,-0.073505,0.061151,0.133468,0.236341,-0.096585,-0.644852,-0.201853,0.450706,-0.075290,0.221030,0.542318,0.225697,-0.068525,-0.436127,-0.056017,0.307710,-0.067219,-0.138126,0.028563,0.059216,-0.079190,0.077871,-0.067603,-0.407391,-0.077244,0.671798,0.110877,-0.715657,-0.079349,0.058160,0.027001,-0.169618,-0.093093,0.357136
dns2tcp_tunnel_99911_doh7_2020-03-31t14_01_09.804392,0.000999,False,-0.078422,-0.557590,-0.018723,0.094748,-0.082491,0.157698,0.104522,-0.312444,-0.081906,0.191940,0.377069,0.058092,-0.072604,-0.427427,-0.120028,0.215995,-0.073605,0.061051,0.133368,0.236241,-0.096685,-0.644952,-0.201752,0.450806,-0.075390,0.220930,0.542418,0.225797,-0.068625,-0.436227,-0.055917,0.307810,-0.067319,-0.138026,0.028663,0.059116,-0.079290,0.077971,-0.067503,-0.407491,-0.077344,0.671898,0.110977,-0.715757,-0.079449,0.058060,0.026901,-0.169718,-0.093193,0.357236
dns2tcp_tunnel_99911_doh7_2020-03-31t14_23_48.878151,0.000998,False,-0.078522,-0.557691,-0.018623,0.094848,-0.082591,0.157798,0.104622,-0.312544,-0.082006,0.191840,0.377169,0.058192,-0.072704,-0.427327,-0.119928,0.215895,-0.073705,0.060951,0.133268,0.236141,-0.096785,-0.645052,-0.201652,0.450906,-0.075490,0.220830,0.542518,0.225897,-0.068725,-0.436327,-0.055817,0.307910,-0.067419,-0.137926,0.028763,0.059016,-0.079390,0.078071,-0.067403,-0.407591,-0.077444,0.671998,0.111077,-0.715857,-0.079549,0.057960,0.026801,-0.169818,-0.093293,0.357336
dns2tcp_tunnel_99911_doh7_2020-03-31t14_46_24.950370,0.000998,False,-0.078622,-0.557791,-0.018523,0.094948,-0.082691,0.157898,0.104722,-0.312644,-0.082106,0.191740,0.377269,0.058292,-0.072804,-0.427227,-0.119828,0.215795,-0.073805,0.060851,0.133168,0.236041,-0.096885,-0.645152,-0.201552,0.451006,-0.075590,0.220730,0.542618,0.225997,-0.068825,-0.436427,-0.055717,0.308010,-0.067519,-0.137826,0.028863,0.058916,-0.079490,0.078171,-0.067303,-0.407691,-0.077544,0.672098,0.111177,-0.715957,-0.079649,0.057860,0.026701,-0.169918,-0.093393,0.357436
dns2tcp_tunnel_99911_doh7_2020-03-31t15_09_03.780880,0.000997,False,-0.078722,-0.557891,-0.018423,0.095048,-0.082791,0.157998,0.104822,-0.312744,-0.082206,0.191640,0.377369,0.058392,-0.072904,-0.427127,-0.119728,0.215695,-0.073905,0.060751,0.133068,0.235941,-0.096985,-0.645252,-0.201452,0.451106,-0.075690,0.220630,0.542718,0.226097,-0.068925,-0.436527,-0.055617,0.308110,-0.067619,-0.137726,0.028963,0.058816,-0.079590,0.078271,-0.067203,-0.407791,-0.077644,0.672198,0.111277,-0.716057,-0.079749,0.057760,0.026601,-0.170018,-0.093493,0.357536
dns2tcp_tunnel_99911_doh7_2020-03-31t15_31_42.365922,0.000996,False,-0.078822,-0.557991,-0.018323,0.095148,-0.082891,0.158098,0.104922,-0.312844,-0.082306,0.191540,0.377469,0.058492,-0.073004,-0.427027,-0.119628,0.215595,-0.074005,0.060651,0.132968,0.235841,-0.097085,-0.645352,-0.201352,0.451205,-0.075790,0.220530,0.542818,0.226197,-0.069025,-0.436627,-0.055517,0.308210,-0.067719,-0.137626,0.029063,0.058716,-0.079690,0.078371,-0.067103,-0.407891,-0.077744,0.672298,0.111377,-0.716157,-0.079849,0.057660,0.026501,-0.170118,-0.093593,0.357636
dns2tcp_tunnel_99911_doh7_2020-03-31t15_54_15.540254,0.000995,False,-0.078922,-0.558091,-0.018223,0.095248,-0.082991,0.158198,0.105022,-0.312944,-0.082406,0.191440,0.377569,0.058592,-0.073104,-0.426927,-0.119528,0.215495,-0.074105,0.060551,0.132868,0.235741,-0.097185,-0.645452,-0.201252,0.451305,-0.075890,0.220430,0.542918,0.226297,-0.069125,-0.436727,-0.055417,0.308310,-0.067819,-0.137526,0.029163,0.058616,-0.079790,0.078471,-0.067003,-0.407991,-0.077844,0.672398,0.111477,-0.716257,-0.079949,0.057560,0.026401,-0.170218,-0.093693,0.357736
dns2tcp_tunnel_99911_doh7_2020-03-31t16_16_49.699273,0.000995,False,-0.079022,-0.558191,-0.018124,0.095348,-0.083091,0.158298,0.105122,-0.313044,-0.082506,0.191340,0.377669,0.058692,-0.073204,-0.426827,-0.119428,0.215395,-0.074205,0.060451,0.132768,0.235641,-0.097285,-0.645552,-0.201152,0.451405,-0.075990,0.220330,0.543018,0.226397,-0.069225,-0.436827,-0.055317,0.308410,-0.067919,-0.137426,0.029263,0.058516,-0.079890,0.078571,-0.066903,-0.408091,-0.077944,0.672498,0.111577,-0.716357,-0.080049,0.057460,0.026301,-0.170318,-0.093793,0.357836
dns2tcp_tunnel_99911_doh7_2020-03-31t16_39_22.774564,0.000994,False,-0.079122,-0.558291,-0.018024,0.095448,-0.083191,0.158398,0.105222,-0.313144,-0.082606,0.191240,0.377769,0.058792,-0.073304,-0.426727,-0.119328,0.215295,-0.074305,0.060351,0.132668,0.235541,-0.097385,-0.645652,-0.201052,0.451505,-0.076090,0.220230,0.543118,0.226497,-0.069325,-0.436927,-0.055217,0.308510,-0.068019,-0.137326,0.029363,0.058416,-0.079990,0.078671,-0.066803,-0.408191,-0.078044,0.672598,0.111677,-0.716457,-0.080149,0.057360,0.026201,-0.170418,-0.093893,0.357936
dns2tcp_tunnel_99911_doh7_2020-03-31t17_01_55.644383,0.000993,False,-0.079222,-0.558391,-0.017924,0.095548,-0.083291,0.158498,0.105322,-0.313244,-0.082706,0.191140,0.377869,0.058892,-0.073404,-0.426627,-0.119228,0.215195,-0.074405,0.060251,0.132568,0.235441,-0.097485,-0.645752,-0.200952,0.451605,-0.076190,0.220130,0.543218,0.226597,-0.069425,-0.437027,-0.055117,0.308610,-0.068119,-0.137226,0.029463,0.058316,-0.080090,0.078771,-0.066703,-0.408291,-0.078144,0.672698,0.111777,-0.716557,-0.080249,0.057260,0.026101,-0.170518,-0.093993,0.358036
dns2tcp_tunnel_99911_doh7_2020-03-31t17_24_28.548213,0.000993,False,-0.079322,-0.558491,-0.017824,0.095648,-0.083391,0.158598,0.105422,-0.313344,-0.082806,0.191040,0.377969,0.058992,-0.073504,-0.426527,-0.119128,0.215095,-0.074505,0.060151,0.132468,0.235341,-0.097585,-0.645852,-0.200852,0.451705,-0.076290,0.220030,0.543318,0.226697,-0.069525,-0.437127,-0.055017,0.308710,-0.068219,-0.137126,0.029563,0.058216,-0.080190,0.078871,-0.066603,-0.408391,-0.078244,0.672798,0.111877,-0.716657,-0.080349,0.057160,0.026001,-0.170618,-0.094093,0.358135
dns2tcp_tunnel_99911_doh7_2020-03-31t17_47_01.366984,0.000992,False,-0.079422,-0.558591,-0.017724,0.095748,-0.083491,0.158698,0.105522,-0.313444,-0.082906,0.190940,0.378069,0.059092,-0.073604,-0.426427,-0.119028,0.214995,-0.074605,0.060051,0.132368,0.235241,-0.097685,-0.645952,-0.200752,0.451805,-0.076390,0.219930,0.543418,0.226797,-0.069625,-0.437227,-0.054917,0.308810,-0.068319,-0.137026,0.029663,0.058116,-0.080290,0.078971,-0.066503,-0.408491,-0.078344,0.672898,0.111977,-0.716757,-0.080449,0.057060,0.025901,-0.170718,-0.094193,0.358235
dns2tcp_tunnel_99911_doh7_2020-03-31t18_09_32.173254,0.000991,False,-0.079522,-0.558691,-0.017624,0.095848,-0.083591,0.158798,0.105622,-0.313544,-0.083006,0.190840,0.378169,0.059192,-0.073704,-0.426327,-0.118928,0.214895,-0.074705,0.059951,0.132268,0.235141,-0.097785,-0.646052,-0.200652,0.451905,-0.076490,0.219830,0.543518,0.226897,-0.069725,-0.437327,-0.054817,0.308910,-0.068419,-0.136926,0.029763,0.058016,-0.080390,0.079071,-0.066403,-0.408591,-0.078444,0.672998,0.112077,-0.716857,-0.080549,0.056960,0.025801,-0.170818,-0.094293,0.358335
dns2tcp_tunnel_99911_doh7_2020-03-31t18_32_04.105361,0.000991,False,-0.079622,-0.558791,-0.017524,0.095948,-0.083691,0.158898,0.105722,-0.313644,-0.083106,0.190740,0.378269,0.059292,-0.073804,-0.426227,-0.118828,0.214795,-0.074805,0.059851,0.132168,0.235041,-0.097885,-0.646152,-0.200552,0.452005,-0.076590,0.219730,0.543618,0.226997,-0.069825,-0.437427,-0.054717,0.309010,-0.068519,-0.136826,0.029863,0.057916,-0.080490,0.079171,-0.066303,-0.408691,-0.078544,0.673097,0.112177,-0.716957,-0.080649,0.056860,0.025701,-0.170918,-0.094393,0.358435
dns2tcp_tunnel_99911_doh7_2020-03-31t18_54_34.834488,0.000990,False,-0.079722,-0.558891,-0.017424,0.096048,-0.083791,0.158998,0.105822,-0.313744,-0.083206,0.190640,0.378369,0.059392,-0.073904,-0.426127,-0.118728,0.214695,-0.074905,0.059751,0.132068,0.234941,-0.097985,-0.646252,-0.200452,0.452105,-0.076690,0.219630,0.543718,0.227097,-0.069925,-0.437527,-0.054617,0.309110,-0.068619,-0.136726,0.029963,0.057816,-0.080590,0.079271,-0.066203,-0.408791,-0.078644,0.673197,0.112277,-0.717057,-0.080749,0.056760,0.025601,-0.171018,-0.094493,0.358535
dns2tcp_tunnel_99911_doh7_2020-03-31t19_17_03.735558,0.000989,False,-0.079822,-0.558991,-0.017324,0.096148,-0.083891,0.159098,0.105922,-0.313844,-0.083306,0.190540,0.378469,0.059492,-0.074004,-0.426027,-0.118628,0.214595,-0.075005,0.059651,0.131968,0.234841,-0.098085,-0.646352,-0.200352,0.452205,-0.076790,0.219530,0.543818,0.227197,-0.070025,-0.437627,-0.054517,0.309210,-0.068719,-0.136626,0.030063,0.057716,-0.080690,0.079371,-0.066103,-0.408891,-0.078744,0.673297,0.112377,-0.717157,-0.080849,0.056660,0.025501,-0.171118,-0.094593,0.358635
dns2tcp_tunnel_99911_doh7_2020-03-31t19_39_32.862246,0.000989,False,-0.079922,-0.559091,-0.017224,0.096248,-0.083991,0.159198,0.106022,-0.313944,-0.083406,0.190440,0.378569,0.059592,-0.074104,-0.425927,-0.118528,0.214495,-0.075105,0.059551,0.131868,0.234741,-0.098185,-0.646452,-0.200252,0.452305,-0.076890,0.219430,0.543918,0.227297,-0.070125,-0.437727,-0.054417,0.309310,-0.068819,-0.136526,0.030163,0.057616,-0.080790,0.079471,-0.066003,-0.408991,-0.078844,0.673397,0.112477,-0.717257,-0.080949,0.056560,0.025401,-0.171218,-0.094693,0.358735
dns2tcp_tunnel_99911_doh7_2020-03-31t20_02_01.591641,0.000988,False,-0.080022,-0.559191,-0.017124,0.096348,-0.084091,0.159298,0.106122,-0.314044,-0.083506,0.190340,0.378669,0.059692,-0.074204,-0.425827,-0.118428,0.214395,-0.075205,0.059451,0.131768,0.234641,-0.098285,-0.646552,-0.200152,0.452405,-0.076990,0.219330,0.544018,0.227397,-0.070225,-0.437827,-0.054317,0.309410,-0.068919,-0.136426,0.030263,0.057516,-0.080890,0.079571,-0.065903,-0.409091,-0.078944,0.673497,0.112577,-0.717357,-0.081049,0.056460,0.025301,-0.171318,-0.094793,0.358835
dns2tcp_tunnel_99911_doh7_2020-03-31t20_24_30.542131,0.000987,False,-0.080122,-0.559291,-0.017024,0.096448,-0.084191,0.159398,0.106222,-0.314144,-0.083606,0.190240,0.378769,0.059792,-0.074304,-0.425727,-0.118328,0.214295,-0.075305,0.059351,0.131668,0.234541,-0.098385,-0.646652,-0.200052,0.452505,-0.077090,0.219230,0.544118,0.227497,-0.070325,-0.437927,-0.054217,0.309510,-0.069019,-0.136326,0.030363,0.057416,-0.080990,0.079671,-0.065803,-0.409191,-0.079044,0.673597,0.112677,-0.717457,-0.081149,0.056360,0.025201,-0.171418,-0.094893,0.358935
dns2tcp_tunnel_99911_doh7_2020-03-31t20_46_59.214894,0.000987,False,-0.080222,-0.559391,-0.016924,0.096548,-0.084291,0.159498,0.106322,-0.314244,-0.083706,0.190140,0.378869,0.059892,-0.074404,-0.425627,-0.118228,0.214195,-0.075405,0.059251,0.131568,0.234441,-0.098485,-0.646752,-0.199952,0.452605,-0.077190,0.219130,0.544218,0.227597,-0.070425,-0.438027,-0.054117,0.309610,-0.069119,-0.136226,0.030463,0.057316,-0.081090,0.079771,-0.065703,-0.409291,-0.079144,0.673697,0.112777,-0.717557,-0.081249,0.056260,0.025101,-0.171518,-0.094993,0.359035
dns2tcp_tunnel_99911_doh7_2020-03-31t21_09_28.551211,0.000986,False,-0.080322,-0.559491,-0.016824,0.096648,-0.084391,0.159598,0.106422,-0.314344,-0.083806,0.190040,0.378969,0.059992,-0.074504,-0.425527,-0.118128,0.214095,-0.075505,0.059151,0.131468,0.234341,-0.098585,-0.646852,-0.199852,0.452705,-0.077290,0.219030,0.544318,0.227697,-0.070525,-0.438127,-0.054017,0.309710,-0.069219,-0.136126,0.030563,0.057216,-0.081190,0.079871,-0.065603,-0.409391,-0.079244,0.673797,0.112877,-0.717657,-0.081349,0.056160,0.025001,-0.171618,-0.095093,0.359135
dns2tcp_tunnel_99911_doh7_2020-03-31t21_31_57.172591,0.000985,False,-0.080422,-0.559591,-0.016724,0.096748,-0.084491,0.159698,0.106522,-0.314444,-0.083906,0.189940,0.379069,0.060092,-0.074604,-0.425427,-0.118028,0.213995,-0.075605,0.059051,0.131368,0.234241,-0.098685,-0.646952,-0.199752,0.452805,-0.077390,0.218930,0.544418,0.227797,-0.070625,-0.438227,-0.053917,0.309810,-0.069319,-0.136026,0.030663,0.057116,-0.081290,0.079971,-0.065503,-0.409491,-0.079344,0.673897,0.112977,-0.717757,-0.081449,0.056060,0.024901,-0.171718,-0.095193,0.359235
dns2tcp_tunnel_99911_doh8_2020-03-30t20_14_51.470608,0.000984,False,-0.080522,-0.559691,-0.016624,0.096848,-0.084591,0.159798,0.106622,-0.314544,-0.084006,0.189840,0.379169,0.060192,-0.074704,-0.425327,-0.117928,0.213895,-0.075705,0.058951,0.131268,0.234141,-0.098785,-0.647052,-0.199652,0.452905,-0.077490,0.218830,0.544518,0.227897,-0.070725,-0.438327,-0.053817,0.309910,-0.069419,-0.135926,0.030763,0.057016,-0.081390,0.080071,-0.065403,-0.409591,-0.079444,0.673997,0.113077,-0.717857,-0.081549,0.055960,0.024801,-0.171818,-0.095293,0.359335
dns2tcp_tunnel_99911_doh8_2020-03-30t21_02_00.738486,0.000984,False,-0.080622,-0.559791,-0.016524,0.096948,-0.084691,0.159898,0.106722,-0.314644,-0.084106,0.189740,0.379269,0.060292,-0.074804,-0.425227,-0.117828,0.213795,-0.075805,0.058851,0.131168,0.234041,-0.098885,-0.647152,-0.199552,0.453005,-0.077590,0.218730,0.544618,0.227997,-0.070825,-0.438427,-0.053717,0.310010,-0.069519,-0.135826,0.030863,0.056916,-0.081490,0.080171,-0.065303,-0.409691,-0.079544,0.674097,0.113177,-0.717957,-0.081649,0.055860,0.024701,-0.171918,-0.095393,0.359435
dns2tcp_tunnel_99911_doh8_2020-03-30t21_24_54.576323,0.000983,False,-0.080722,-0.559891,-0.016424,0.097048,-0.084791,0.159998,0.106822,-0.314744,-0.084206,0.189640,0.379369,0.060392,-0.074904,-0.425127,-0.117728,0.213695,-0.075905,0.058751,0.131068,0.233941,-0.098985,-0.647252,-0.199452,0.453105,-0.077690,0.218630,0.544719,0.228097,-0.070925,-0.438527,-0.053617,0.310110,-0.069619,-0.135726,0.030963,0.056816,-0.081590,0.080271,-0.065203,-0.409791,-0.079644,0.674197,0.113277,-0.718057,-0.081749,0.055760,0.024601,-0.172018,-0.095493,0.359535
dns2tcp_tunnel_99911_doh8_2020-03-30t21_47_42.421408,0.000983,False,-0.080822,-0.559991,-0.016324,0.097148,-0.084891,0.160098,0.106922,-0.314844,-0.084306,0.189540,0.379469,0.060492,-0.075004,-0.425027,-0.117628,0.213595,-0.076005,0.058651,0.130968,0.233841,-0.099085,-0.647352,-0.199352,0.453205,-0.077790,0.218530,0.544819,0.228197,-0.071025,-0.438627,-0.053517,0.310210,-0.069719,-0.135626,0.031063,0.056716,-0.081690,0.080371,-0.065103,-0.409891,-0.079744,0.674297,0.113377,-0.718157,-0.081849,0.055660,0.024501,-0.172118,-0.095593,0.359635
dns2tcp_tunnel_99911_doh8_2020-03-30t22_10_21.266576,0.000982,False,-0.080922,-0.560091,-0.016224,0.097248,-0.084991,0.160198,0.107022,-0.314944,-0.084406,0.189440,0.379569,0.060592,-0.075104,-0.424927,-0.117528,0.213495,-0.076105,0.058551,0.130868,0.233741,-0.099185,-0.647452,-0.199252,0.453305,-0.077890,0.218430,0.544919,0.228297,-0.071125,-0.438727,-0.053417,0.310310,-0.069819,-0.135526,0.031163,0.056616,-0.081790,0.080471,-0.065003,-0.409991,-0.079844,0.674397,0.113477,-0.718257,-0.081949,0.055560,0.024401,-0.172218,-0.095693,0.359735
dns2tcp_tunnel_99911_doh8_2020-03-30t22_32_57.993146,0.000981,False,-0.081022,-0.560191,-0.016124,0.097348,-0.085091,0.160298,0.107122,-0.315044,-0.084506,0.189340,0.379669,0.060692,-0.075204,-0.424827,-0.117428,0.213395,-0.076205,0.058451,0.130768,0.233641,-0.099285,-0.647552,-0.199152,0.453405,-0.077990,0.218330,0.545019,0.228397,-0.071225,-0.438827,-0.053317,0.310410,-0.069919,-0.135426,0.031263,0.056516,-0.081890,0.080571,-0.064903,-0.410091,-0.079944,0.674497,0.113577,-0.718357,-0.082049,0.055460,0.024301,-0.172318,-0.095793,0.359835
dns2tcp_tunnel_99911_doh8_2020-03-30t22_55_35.132123,0.000980,False,-0.081122,-0.560291,-0.016024,0.097448,-0.085191,0.160398,0.107222,-0.315144,-0.084606,0.189240,0.379768,0.060792,-0.075304,-0.424727,-0.117328,0.213295,-0.076305,0.058351,0.130668,0.233541,-0.099385,-0.647652,-0.199052,0.453505,-0.078090,0.218230,0.545119,0.228497,-0.071325,-0.438927,-0.053217,0.310510,-0.070019,-0.135326,0.031363,0.056416,-0.081990,0.080671,-0.064803,-0.410191,-0.080044,0.674597,0.113677,-0.718457,-0.082149,0.055360,0.024201,-0.172418,-0.095893,0.359935
dns2tcp_tunnel_99911_doh8_2020-03-30t23_18_07.928481,0.000980,False,-0.081222,-0.560391,-0.015924,0.097548,-0.085291,0.160498,0.107322,-0.315244,-0.084706,0.189140,0.379868,0.060892,-0.075404,-0.424627,-0.117228,0.213195,-0.076405,0.058251,0.130568,0.233441,-0.099485,-0.647752,-0.198952,0.453605,-0.078190,0.218130,0.545219,0.228597,-0.071425,-0.439027,-0.053117,0.310610,-0.070119,-0.135226,0.031463,0.056316,-0.082090,0.080771,-0.064703,-0.410291,-0.080144,0.674697,0.113777,-0.718557,-0.082249,0.055260,0.024101,-0.172518,-0.095993,0.360035
dns2tcp_tunnel_99911_doh8_2020-03-30t23_40_40.624138,0.000979,False,-0.081322,-0.560491,-0.015824,0.097648,-0.085391,0.160598,0.107422,-0.315344,-0.084806,0.189040,0.379968,0.060992,-0.075504,-0.424527,-0.117128,0.213095,-0.076505,0.058151,0.130468,0.233341,-0.099585,-0.647852,-0.198852,0.453705,-0.078290,0.218030,0.545319,0.228697,-0.071525,-0.439127,-0.053017,0.310710,-0.070219,-0.135126,0.031563,0.056216,-0.082190,0.080871,-0.064603,-0.410391,-0.080244,0.674797,0.113877,-0.718657,-0.082349,0.055160,0.024001,-0.172618,-0.096093,0.360135
dns2tcp_tunnel_99911_doh8_2020-03-31t00_03_17.611011,0.000978,False,-0.081422,-0.560591,-0.015724,0.097748,-0.085491,0.160698,0.107522,-0.315444,-0.084906,0.188940,0.380068,0.061092,-0.075604,-0.424427,-0.117028,0.212995,-0.076605,0.058051,0.130368,0.233241,-0.099685,-0.647952,-0.198752,0.453805,-0.078390,0.217930,0.545419,0.228797,-0.071625,-0.439227,-0.052917,0.310810,-0.070319,-0.135026,0.031663,0.056116,-0.082290,0.080971,-0.064503,-0.410491,-0.080344,0.674897,0.113977,-0.718757,-0.082449,0.055060,0.023901,-0.172718,-0.096193,0.360235
dns2tcp_tunnel_99911_doh8_2020-03-31t00_25_52.100308,0.000978,False,-0.081522,-0.560691,-0.015624,0.097848,-0.085591,0.160798,0.107622,-0.315544,-0.085006,0.188840,0.380168,0.061192,-0.075704,-0.424327,-0.116928,0.212895,-0.076705,0.057951,0.130268,0.233141,-0.099785,-0.648052,-0.198652,0.453905,-0.078490,0.217830,0.545519,0.228897,-0.071725,-0.439327,-0.052817,0.310910,-0.070419,-0.134926,0.031763,0.056016,-0.082390,0.081071,-0.064403,-0.410591,-0.080444,0.674997,0.114077,-0.718857,-0.082549,0.054960,0.023801,-0.172818,-0.096293,0.360335
dns2tcp_tunnel_99911_doh8_2020-03-31t00_48_30.411379,0.000977,False,-0.081622,-0.560791,-0.015524,0.097948,-0.085691,0.160898,0.107722,-0.315644,-0.085106,0.188740,0.380268,0.061292,-0.075804,-0.424228,-0.116828,0.212795,-0.076805,0.057851,0.130168,0.233041,-0.099885,-0.648152,-0.198552,0.454005,-0.078590,0.217730,0.545619,0.228997,-0.071825,-0.439427,-0.052717,0.311010,-0.070519,-0.134826,0.031863,0.055916,-0.082490,0.081171,-0.064303,-0.410691,-0.080544,0.675097,0.114177,-0.718957,-0.082649,0.054860,0.023701,-0.172918,-0.096393,0.360435
dns2tcp_tunnel_99911_doh8_2020-03-31t01_11_09.393319,0.000976,False,-0.081722,-0.560891,-0.015424,0.098048,-0.085791,0.160998,0.107822,-0.315744,-0.085206,0.188640,0.380368,0.061392,-0.075904,-0.424128,-0.116728,0.212695,-0.076905,0.057751,0.130068,0.232941,-0.099985,-0.648252,-0.198452,0.454105,-0.078690,0.217630,0.545719,0.229097,-0.071925,-0.439527,-0.052617,0.311110,-0.070619,-0.134726,0.031963,0.055816,-0.082590,0.081271,-0.064203,-0.410791,-0.080644,0.675197,0.114277,-0.719057,-0.082749,0.054760,0.023601,-0.173018,-0.096493,0.360535
dns2tcp_tunnel_99911_doh8_2020-03-31t01_33_48.724025,0.000976,False,-0.081822,-0.560991,-0.015324,0.098148,-0.085891,0.161098,0.107922,-0.315844,-0.085306,0.188540,0.380468,0.061492,-0.076004,-0.424028,-0.116628,0.212595,-0.077005,0.057651,0.129968,0.232841,-0.100085,-0.648352,-0.198352,0.454205,-0.078790,0.217530,0.545819,0.229197,-0.072025,-0.439627,-0.052517,0.311210,-0.070719,-0.134626,0.032063,0.055716,-0.082690,0.081371,-0.064103,-0.410891,-0.080744,0.675297,0.114377,-0.719157,-0.082849,0.054660,0.023501,-0.173118,-0.096593,0.360635
dns2tcp_tunnel_99911_doh8_2020-03-31t01_56_27.250018,0.000975,False,-0.081922,-0.561091,-0.015224,0.098248,-0.085991,0.161198,0.108022,-0.315944,-0.085406,0.188440,0.380568,0.061592,-0.076104,-0.423928,-0.116528,0.212495,-0.077105,0.057551,0.129868,0.232741,-0.100185,-0.648452,-0.198252,0.454305,-0.078890,0.217430,0.545919,0.229297,-0.072125,-0.439727,-0.052417,0.311310,-0.070819,-0.134526,0.032163,0.055616,-0.082790,0.081471,-0.064003,-0.410991,-0.080844,0.675397,0.114477,-0.719257,-0.082949,0.054560,0.023401,-0.173218,-0.096693,0.360735
dns2tcp_tunnel_99911_doh8_2020-03-31t02_19_06.595866,0.000974,False,-0.082022,-0.561191,-0.015124,0.098348,-0.086091,0.161298,0.108122,-0.316044,-0.085506,0.188340,0.380668,0.061692,-0.076204,-0.423828,-0.116428,0.212395,-0.077205,0.057451,0.129768,0.232641,-0.100285,-0.648552,-0.198152,0.454405,-0.078990,0.217330,0.546019,0.229397,-0.072225,-0.439827,-0.052317,0.311410,-0.070919,-0.134426,0.032263,0.055516,-0.082890,0.081571,-0.063903,-0.411091,-0.080944,0.675496,0.114577,-0.719357,-0.083049,0.054460,0.023301,-0.173318,-0.096793,0.360835
dns2tcp_tunnel_99911_doh8_2020-03-31t02_41_45.639382,0.000973,False,-0.082122,-0.561291,-0.015024,0.098448,-0.086191,0.161398,0.108222,-0.316144,-0.085606,0.188240,0.380768,0.061792,-0.076304,-0.423728,-0.116328,0.212295,-0.077305,0.057351,0.129668,0.232541,-0.100385,-0.648652,-0.198052,0.454505,-0.079090,0.217230,0.546119,0.229497,-0.072325,-0.439927,-0.052217,0.311510,-0.071019,-0.134326,0.032363,0.055416,-0.082990,0.081671,-0.063803,-0.411191,-0.081044,0.675596,0.114677,-0.719456,-0.083149,0.054360,0.023201,-0.173418,-0.096893,0.360935
dns2tcp_tunnel_99911_doh8_2020-03-31t03_04_19.589257,0.000973,False,-0.082222,-0.561391,-0.014924,0.098548,-0.086291,0.161498,0.108322,-0.316244,-0.085706,0.188140,0.380868,0.061892,-0.076404,-0.423628,-0.116228,0.212195,-0.077405,0.057251,0.129568,0.232441,-0.100485,-0.648752,-0.197952,0.454605,-0.079190,0.217130,0.546219,0.229597,-0.072425,-0.440027,-0.052117,0.311610,-0.071119,-0.134226,0.032463,0.055316,-0.083090,0.081771,-0.063703,-0.411291,-0.081144,0.675696,0.114777,-0.719556,-0.083249,0.054260,0.023101,-0.173518,-0.096993,0.361035
dns2tcp_tunnel_99911_doh8_2020-03-31t03_26_54.056503,0.000972,False,-0.082322,-0.561491,-0.014824,0.098648,-0.086391,0.161598,0.108422,-0.316344,-0.085806,0.188040,0.380968,0.061992,-0.076504,-0.423528,-0.116128,0.212095,-0.077505,0.057151,0.129468,0.232341,-0.100585,-0.648852,-0.197852,0.454705,-0.079290,0.217030,0.546319,0.229697,-0.072525,-0.440127,-0.052017,0.311710,-0.071219,-0.134126,0.032563,0.055216,-0.083190,0.081871,-0.063603,-0.411391,-0.081244,0.675796,0.114877,-0.719656,-0.083349,0.054160,0.023001,-0.173618,-0.097093,0.361135
dns2tcp_tunnel_99911_doh8_2020-03-31t03_49_28.584063,0.000971,False,-0.082422,-0.561591,-0.014724,0.098748,-0.086491,0.161698,0.108522,-0.316444,-0.085906,0.187940,0.381068,0.062092,-0.076604,-0.423428,-0.116028,0.211995,-0.077605,0.057051,0.129368,0.232241,-0.100685,-0.648952,-0.197752,0.454805,-0.079390,0.216930,0.546419,0.229797,-0.072625,-0.440227,-0.051917,0.311810,-0.071319,-0.134026,0.032663,0.055116,-0.083290,0.081971,-0.063503,-0.411491,-0.081344,0.675896,0.114977,-0.719756,-0.083449,0.054060,0.022901,-0.173718,-0.097193,0.361235
dns2tcp_tunnel_99911_doh8_2020-03-31t04_12_01.651240,0.000971,False,-0.082522,-0.561691,-0.014624,0.098848,-0.086591,0.161798,0.108622,-0.316544,-0.086006,0.187840,0.381168,0.062192,-0.076704,-0.423328,-0.115928,0.211895,-0.077705,0.056951,0.129268,0.232141,-0.100785,-0.649052,-0.197652,0.454905,-0.079490,0.216830,0.546519,0.229897,-0.072725,-0.440327,-0.051817,0.311910,-0.071419,-0.133926,0.032763,0.055016,-0.083390,0.082071,-0.063403,-0.411591,-0.081444,0.675996,0.115077,-0.719856,-0.083549,0.053960,0.022801,-0.173818,-0.097293,0.361335
dns2tcp_tunnel_99911_doh8_2020-03-31t04_34_36.083477,0.000970,False,-0.082622,-0.561791,-0.014524,0.098948,-0.086691,0.161898,0.108722,-0.316644,-0.086106,0.187740,0.381268,0.062292,-0.076804,-0.423228,-0.115828,0.211795,-0.077805,0.056851,0.129168,0.232041,-0.100885,-0.649152,-0.197552,0.455005,-0.079590,0.216730,0.546619,0.229998,-0.072825,-0.440426,-0.051717,0.312010,-0.071519,-0.133826,0.032863,0.054916,-0.083490,0.082171,-0.063303,-0.411691,-0.081544,0.676096,0.115177,-0.719956,-0.083649,0.053860,0.022701,-0.173918,-0.097393,0.361435
dns2tcp_tunnel_99911_doh8_2020-03-31t04_57_13.425380,0.000969,False,-0.082722,-0.561891,-0.014424,0.099048,-0.086791,0.161998,0.108822,-0.316744,-0.086206,0.187640,0.381368,0.062392,-0.076904,-0.423128,-0.115728,0.211695,-0.077905,0.056751,0.129068,0.231941,-0.100985,-0.649252,-0.197452,0.455105,-0.079690,0.216630,0.546719,0.230098,-0.072925,-0.440526,-0.051617,0.312110,-0.071619,-0.133726,0.032963,0.054816,-0.083590,0.082271,-0.063203,-0.411791,-0.081644,0.676196,0.115277,-0.720056,-0.083749,0.053760,0.022601,-0.174018,-0.097493,0.361535
dns2tcp_tunnel_99911_doh8_2020-03-31t05_19_51.230217,0.000969,False,-0.082822,-0.561991,-0.014324,0.099148,-0.086891,0.162098,0.108922,-0.316844,-0.086306,0.187540,0.381468,0.062492,-0.077004,-0.423028,-0.115628,0.211595,-0.078005,0.056651,0.128968,0.231841,-0.101085,-0.649352,-0.197352,0.455205,-0.079790,0.216530,0.546819,0.230198,-0.073025,-0.440626,-0.051517,0.312210,-0.071719,-0.133626,0.033063,0.054716,-0.083690,0.082371,-0.063103,-0.411891,-0.081744,0.676296,0.115377,-0.720156,-0.083849,0.053660,0.022501,-0.174118,-0.097593,0.361635
dns2tcp_tunnel_99911_doh8_2020-03-31t05_42_29.262438,0.000968,False,-0.082922,-0.562091,-0.014224,0.099248,-0.086991,0.162198,0.109022,-0.316944,-0.086406,0.187440,0.381568,0.062592,-0.077104,-0.422928,-0.115528,0.211495,-0.078105,0.056551,0.128868,0.231741,-0.101185,-0.649452,-0.197252,0.455305,-0.079890,0.216430,0.546919,0.230298,-0.073125,-0.440726,-0.051417,0.312310,-0.071819,-0.133526,0.033163,0.054616,-0.083790,0.082471,-0.063003,-0.411991,-0.081844,0.676396,0.115477,-0.720256,-0.083949,0.053560,0.022401,-0.174218,-0.097693,0.361735
dns2tcp_tunnel_99911_doh8_2020-03-31t06_05_09.628915,0.000967,False,-0.083022,-0.562191,-0.014124,0.099348,-0.087091,0.162298,0.109122,-0.317044,-0.086506,0.187340,0.381668,0.062692,-0.077204,-0.422828,-0.115428,0.211395,-0.078205,0.056451,0.128768,0.231641,-0.101285,-0.649552,-0.197152,0.455405,-0.079990,0.216330,0.547019,0.230398,-0.073225,-0.440826,-0.051317,0.312409,-0.071919,-0.133426,0.033263,0.054516,-0.083890,0.082571,-0.062903,-0.412091,-0.081944,0.676496,0.115577,-0.720356,-0.084049,0.053460,0.022301,-0.174318,-0.097793,0.361835
dns2tcp_tunnel_99911_doh8_2020-03-31t06_27_51.806402,0.000966,False,-0.083122,-0.562291,-0.014024,0.099448,-0.087191,0.162398,0.109222,-0.317144,-0.086606,0.187240,0.381768,0.062792,-0.077304,-0.422728,-0.115328,0.211295,-0.078305,0.056351,0.128668,0.231541,-0.101385,-0.649652,-0.197052,0.455505,-0.080090,0.216230,0.547119,0.230498,-0.073325,-0.440926,-0.051217,0.312509,-0.072019,-0.133326,0.033363,0.054416,-0.083990,0.082671,-0.062803,-0.412191,-0.082044,0.676596,0.115677,-0.720456,-0.084149,0.053360,0.022201,-0.174418,-0.097893,0.361935
dns2tcp_tunnel_99911_doh8_2020-03-31t06_50_30.771926,0.000966,False,-0.083222,-0.562391,-0.013924,0.099548,-0.087291,0.162498,0.109322,-0.317244,-0.086706,0.187140,0.381868,0.062892,-0.077404,-0.422628,-0.115228,0.211195,-0.078405,0.056251,0.128568,0.231441,-0.101485,-0.649752,-0.196952,0.455605,-0.080190,0.216130,0.547219,0.230598,-0.073425,-0.441026,-0.051117,0.312609,-0.072119,-0.133226,0.033463,0.054316,-0.084090,0.082771,-0.062703,-0.412291,-0.082144,0.676696,0.115777,-0.720556,-0.084249,0.053260,0.022101,-0.174518,-0.097993,0.362035
dns2tcp_tunnel_99911_doh8_2020-03-31t07_13_10.572225,0.000965,False,-0.083322,-0.562491,-0.013824,0.099648,-0.087391,0.162598,0.109422,-0.317344,-0.086806,0.187040,0.381968,0.062992,-0.077504,-0.422528,-0.115128,0.211095,-0.078505,0.056151,0.128468,0.231341,-0.101585,-0.649852,-0.196852,0.455705,-0.080290,0.216030,0.547319,0.230698,-0.073525,-0.441126,-0.051017,0.312709,-0.072219,-0.133126,0.033563,0.054216,-0.084190,0.082871,-0.062603,-0.412391,-0.082244,0.676796,0.115877,-0.720656,-0.084349,0.053160,0.022001,-0.174618,-0.098093,0.362135
dns2tcp_tunnel_99911_doh8_2020-03-31t07_35_47.510815,0.000964,False,-0.083422,-0.562591,-0.013724,0.099748,-0.087491,0.162698,0.109522,-0.317444,-0.086906,0.186940,0.382068,0.063092,-0.077604,-0.422428,-0.115028,0.210995,-0.078605,0.056051,0.128368,0.231241,-0.101685,-0.649952,-0.196752,0.455805,-0.080390,0.215930,0.547419,0.230798,-0.073625,-0.441226,-0.050917,0.312809,-0.072319,-0.133026,0.033663,0.054116,-0.084290,0.082971,-0.062503,-0.412491,-0.082344,0.676896,0.115977,-0.720756,-0.084449,0.053060,0.021901,-0.174718,-0.098193,0.362235
dns2tcp_tunnel_99911_doh8_2020-03-31t07_58_19.750520,0.000964,False,-0.083522,-0.562691,-0.013624,0.099848,-0.087591,0.162798,0.109622,-0.317544,-0.087006,0.186840,0.382168,0.063192,-0.077704,-0.422328,-0.114928,0.210895,-0.078705,0.055951,0.128268,0.231141,-0.101785,-0.650052,-0.196652,0.455905,-0.080490,0.215830,0.547519,0.230898,-0.073725,-0.441326,-0.050817,0.312909,-0.072419,-0.132926,0.033762,0.054016,-0.084390,0.083071,-0.062403,-0.412591,-0.082444,0.676996,0.116077,-0.720856,-0.084549,0.052960,0.021801,-0.174818,-0.098293,0.362335
dns2tcp_tunnel_99911_doh8_2020-03-31t08_20_55.163890,0.000963,False,-0.083622,-0.562791,-0.013524,0.099948,-0.087691,0.162898,0.109722,-0.317644,-0.087106,0.186740,0.382268,0.063292,-0.077804,-0.422228,-0.114828,0.210795,-0.078805,0.055851,0.128168,0.231041,-0.101885,-0.650152,-0.196552,0.456005,-0.080590,0.215730,0.547619,0.230998,-0.073825,-0.441426,-0.050717,0.313009,-0.072519,-0.132826,0.033862,0.053916,-0.084490,0.083171,-0.062303,-0.412691,-0.082544,0.677096,0.116177,-0.720956,-0.084649,0.052860,0.021701,-0.174918,-0.098393,0.362435
dns2tcp_tunnel_99911_doh8_2020-03-31t08_43_34.038675,0.000962,False,-0.083722,-0.562891,-0.013424,0.100048,-0.087791,0.162998,0.109822,-0.317744,-0.087206,0.186640,0.382368,0.063392,-0.077904,-0.422128,-0.114728,0.210695,-0.078905,0.055751,0.128068,0.230941,-0.101985,-0.650252,-0.196452,0.456105,-0.080690,0.215630,0.547719,0.231098,-0.073925,-0.441526,-0.050617,0.313109,-0.072619,-0.132726,0.033962,0.053816,-0.084590,0.083271,-0.062203,-0.412791,-0.082644,0.677196,0.116277,-0.721056,-0.084749,0.052760,0.021601,-0.175018,-0.098493,0.362535
dns2tcp_tunnel_99911_doh8_2020-03-31t09_06_12.592040,0.000962,False,-0.083822,-0.562991,-0.013324,0.100148,-0.087891,0.163098,0.109922,-0.317844,-0.087306,0.186540,0.382468,0.063492,-0.078004,-0.422028,-0.114628,0.210595,-0.079005,0.055651,0.127968,0.230841,-0.102086,-0.650352,-0.196352,0.456205,-0.080790,0.215530,0.547819,0.231198,-0.074025,-0.441626,-0.050517,0.313209,-0.072719,-0.132626,0.034062,0.053716,-0.084690,0.083371,-0.062103,-0.412891,-0.082744,0.677296,0.116377,-0.721156,-0.084849,0.052660,0.021501,-0.175118,-0.098593,0.362635
dns2tcp_tunnel_99911_doh8_2020-03-31t09_28_52.613583,0.000961,False,-0.083922,-0.563091,-0.013224,0.100248,-0.087991,0.163198,0.110022,-0.317944,-0.087406,0.186440,0.382568,0.063592,-0.078104,-0.421928,-0.114528,0.210495,-0.079105,0.055551,0.127868,0.230741,-0.102186,-0.650452,-0.196252,0.456305,-0.080890,0.215430,0.547919,0.231298,-0.074125,-0.441726,-0.050417,0.313309,-0.072819,-0.132526,0.034162,0.053616,-0.084790,0.083471,-0.062003,-0.412991,-0.082844,0.677396,0.116477,-0.721256,-0.084949,0.052560,0.021401,-0.175218,-0.098693,0.362735
dns2tcp_tunnel_99911_doh8_2020-03-31t09_51_38.241947,0.000960,False,-0.084022,-0.563191,-0.013124,0.100348,-0.088091,0.163298,0.110122,-0.318044,-0.087506,0.186340,0.382668,0.063692,-0.078204,-0.421828,-0.114428,0.210395,-0.079205,0.055451,0.127768,0.230641,-0.102286,-0.650552,-0.196152,0.456405,-0.080990,0.215330,0.548019,0.231398,-0.074225,-0.441826,-0.050317,0.313409,-0.072919,-0.132426,0.034262,0.053516,-0.084890,0.083571,-0.061903,-0.413090,-0.082944,0.677496,0.116577,-0.721356,-0.085049,0.052460,0.021301,-0.175318,-0.098793,0.362835
dns2tcp_tunnel_99911_doh8_2020-03-31t10_14_23.310072,0.000960,False,-0.084122,-0.563291,-0.013024,0.100448,-0.088191,0.163398,0.110222,-0.318144,-0.087606,0.186240,0.382768,0.063792,-0.078304,-0.421728,-0.114328,0.210295,-0.079305,0.055351,0.127668,0.230541,-0.102386,-0.650652,-0.196052,0.456505,-0.081090,0.215230,0.548119,0.231498,-0.074325,-0.441926,-0.050217,0.313509,-0.073019,-0.132326,0.034362,0.053416,-0.084990,0.083671,-0.061803,-0.413190,-0.083044,0.677596,0.116677,-0.721456,-0.085149,0.052360,0.021201,-0.175418,-0.098893,0.362935
dns2tcp_tunnel_99911_doh8_2020-03-31t10_37_06.125652,0.000959,False,-0.084222,-0.563391,-0.012924,0.100548,-0.088291,0.163498,0.110322,-0.318244,-0.087706,0.186140,0.382868,0.063892,-0.078404,-0.421628,-0.114228,0.210195,-0.079405,0.055251,0.127568,0.230441,-0.102486,-0.650752,-0.195952,0.456605,-0.081190,0.215130,0.548219,0.231598,-0.074425,-0.442026,-0.050117,0.313609,-0.073119,-0.132226,0.034462,0.053316,-0.085090,0.083771,-0.061703,-0.413290,-0.083144,0.677695,0.116777,-0.721556,-0.085249,0.052260,0.021101,-0.175518,-0.098993,0.363035
dns2tcp_tunnel_99911_doh8_2020-03-31t10_59_51.615780,0.000958,False,-0.084322,-0.563491,-0.012824,0.100648,-0.088391,0.163598,0.110422,-0.318344,-0.087806,0.186040,0.382968,0.063992,-0.078504,-0.421528,-0.114128,0.210095,-0.079505,0.055151,0.127468,0.230341,-0.102586,-0.650853,-0.195852,0.456705,-0.081290,0.215030,0.548319,0.231698,-0.074525,-0.442126,-0.050017,0.313709,-0.073219,-0.132126,0.034562,0.053216,-0.085190,0.083871,-0.061603,-0.413390,-0.083244,0.677795,0.116877,-0.721656,-0.085349,0.052160,0.021001,-0.175618,-0.099093,0.363135
dns2tcp_tunnel_99911_doh8_2020-03-31t11_22_30.033636,0.000957,False,-0.084422,-0.563591,-0.012724,0.100748,-0.088491,0.163698,0.110522,-0.318444,-0.087906,0.185940,0.383068,0.064092,-0.078604,-0.421428,-0.114028,0.209995,-0.079605,0.055051,0.127368,0.230241,-0.102686,-0.650953,-0.195752,0.456805,-0.081390,0.214930,0.548419,0.231798,-0.074625,-0.442226,-0.049917,0.313809,-0.073319,-0.132026,0.034662,0.053116,-0.085290,0.083971,-0.061503,-0.413490,-0.083344,0.677895,0.116977,-0.721756,-0.085449,0.052060,0.020901,-0.175718,-0.099193,0.363235
dns2tcp_tunnel_99911_doh8_2020-03-31t11_45_11.186864,0.000957,False,-0.084522,-0.563691,-0.012624,0.100848,-0.088591,0.163798,0.110622,-0.318544,-0.088006,0.185840,0.383168,0.064192,-0.078704,-0.421328,-0.113928,0.209895,-0.079705,0.054951,0.127268,0.230141,-0.102786,-0.651053,-0.195652,0.456905,-0.081490,0.214830,0.548519,0.231898,-0.074725,-0.442326,-0.049817,0.313909,-0.073419,-0.131926,0.034762,0.053016,-0.085390,0.084071,-0.061403,-0.413590,-0.083444,0.677995,0.117077,-0.721855,-0.085549,0.051960,0.020801,-0.175818,-0.099293,0.363335
dns2tcp_tunnel_99911_doh8_2020-03-31t12_07_50.869515,0.000956,False,-0.084622,-0.563792,-0.012524,0.100948,-0.088691,0.163898,0.110722,-0.318644,-0.088106,0.185740,0.383268,0.064292,-0.078804,-0.421228,-0.113828,0.209795,-0.079805,0.054851,0.127168,0.230041,-0.102886,-0.651153,-0.195552,0.457005,-0.081590,0.214730,0.548619,0.231998,-0.074825,-0.442426,-0.049717,0.314009,-0.073519,-0.131826,0.034862,0.052916,-0.085490,0.084171,-0.061303,-0.413690,-0.083544,0.678095,0.117177,-0.721955,-0.085649,0.051860,0.020701,-0.175918,-0.099393,0.363435
dns2tcp_tunnel_99911_doh8_2020-03-31t12_30_32.703291,0.000955,False,-0.084722,-0.563892,-0.012424,0.101048,-0.088791,0.163998,0.110822,-0.318743,-0.088206,0.185640,0.383368,0.064392,-0.078904,-0.421128,-0.113728,0.209695,-0.079905,0.054751,0.127068,0.229941,-0.102986,-0.651253,-0.195452,0.457105,-0.081690,0.214630,0.548719,0.232098,-0.074925,-0.442526,-0.049617,0.314109,-0.073619,-0.131726,0.034962,0.052816,-0.085590,0.084271,-0.061203,-0.413790,-0.083644,0.678195,0.117277,-0.722055,-0.085749,0.051760,0.020601,-0.176018,-0.099493,0.363535
dns2tcp_tunnel_99911_doh8_2020-03-31t12_53_13.269707,0.000955,False,-0.084822,-0.563992,-0.012324,0.101148,-0.088891,0.164098,0.110922,-0.318843,-0.088306,0.185540,0.383468,0.064492,-0.079004,-0.421028,-0.113628,0.209595,-0.080005,0.054651,0.126968,0.229841,-0.103086,-0.651353,-0.195352,0.457205,-0.081790,0.214530,0.548819,0.232198,-0.075025,-0.442626,-0.049517,0.314209,-0.073719,-0.131626,0.035062,0.052716,-0.085690,0.084371,-0.061103,-0.413890,-0.083744,0.678295,0.117377,-0.722155,-0.085849,0.051660,0.020501,-0.176118,-0.099593,0.363635
dns2tcp_tunnel_99911_doh8_2020-03-31t13_15_53.269026,0.000954,False,-0.084922,-0.564092,-0.012224,0.101248,-0.088991,0.164198,0.111022,-0.318943,-0.088406,0.185440,0.383568,0.064592,-0.079104,-0.420928,-0.113528,0.209495,-0.080105,0.054551,0.126868,0.229741,-0.103186,-0.651453,-0.195252,0.457305,-0.081890,0.214430,0.548919,0.232298,-0.075125,-0.442726,-0.049417,0.314309,-0.073819,-0.131526,0.035162,0.052616,-0.085790,0.084471,-0.061003,-0.413990,-0.083844,0.678395,0.117477,-0.722255,-0.085949,0.051560,0.020401,-0.176218,-0.099693,0.363735
dns2tcp_tunnel_99911_doh8_2020-03-31t13_38_32.046407,0.000953,False,-0.085022,-0.564192,-0.012124,0.101348,-0.089091,0.164298,0.111122,-0.319043,-0.088506,0.185340,0.383668,0.064692,-0.079204,-0.420828,-0.113428,0.209395,-0.080205,0.054451,0.126768,0.229641,-0.103286,-0.651553,-0.195152,0.457405,-0.081990,0.214330,0.549019,0.232398,-0.075225,-0.442826,-0.049317,0.314409,-0.073919,-0.131426,0.035262,0.052516,-0.085890,0.084571,-0.060903,-0.414090,-0.083944,0.678495,0.117577,-0.722355,-0.086049,0.051460,0.020301,-0.176318,-0.099793,0.363835
dns2tcp_tunnel_99911_doh8_2020-03-31t14_01_10.712396,0.000952,False,-0.085122,-0.564292,-0.012024,0.101448,-0.089191,0.164398,0.111222,-0.319143,-0.088606,0.185240,0.383768,0.064792,-0.079304,-0.420728,-0.113328,0.209295,-0.080305,0.054351,0.126668,0.229541,-0.103386,-0.651653,-0.195052,0.457505,-0.082090,0.214230,0.549119,0.232498,-0.075325,-0.442926,-0.049217,0.314509,-0.074019,-0.131326,0.035362,0.052416,-0.085990,0.084671,-0.060803,-0.414190,-0.084044,0.678595,0.117677,-0.722455,-0.086149,0.051360,0.020201,-0.176418,-0.099893,0.363935
dns2tcp_tunnel_99911_doh8_2020-03-31t14_23_49.759990,0.000952,False,-0.085222,-0.564392,-0.011924,0.101548,-0.089291,0.164498,0.111322,-0.319243,-0.088706,0.185140,0.383868,0.064892,-0.079404,-0.420628,-0.113228,0.209195,-0.080405,0.054251,0.126568,0.229441,-0.103486,-0.651753,-0.194952,0.457605,-0.082190,0.214130,0.549219,0.232598,-0.075425,-0.443026,-0.049117,0.314609,-0.074119,-0.131226,0.035462,0.052316,-0.086090,0.084771,-0.060703,-0.414290,-0.084144,0.678694,0.117777,-0.722555,-0.086249,0.051260,0.020101,-0.176518,-0.099993,0.364035
dns2tcp_tunnel_99911_doh8_2020-03-31t14_46_26.222137,0.000951,False,-0.085322,-0.564492,-0.011824,0.101648,-0.089391,0.164598,0.111422,-0.319343,-0.088806,0.185040,0.383968,0.064992,-0.079504,-0.420528,-0.113128,0.209095,-0.080505,0.054151,0.126468,0.229341,-0.103586,-0.651853,-0.194852,0.457705,-0.082290,0.214030,0.549319,0.232698,-0.075525,-0.443126,-0.049017,0.314709,-0.074219,-0.131126,0.035562,0.052216,-0.086190,0.084871,-0.060603,-0.414390,-0.084244,0.678794,0.117877,-0.722655,-0.086349,0.051160,0.020001,-0.176618,-0.100093,0.364135
dns2tcp_tunnel_99911_doh8_2020-03-31t15_09_04.441514,0.000950,False,-0.085422,-0.564592,-0.011724,0.101748,-0.089491,0.164698,0.111522,-0.319443,-0.088906,0.184940,0.384068,0.065092,-0.079604,-0.420428,-0.113028,0.208995,-0.080605,0.054051,0.126368,0.229241,-0.103686,-0.651953,-0.194752,0.457805,-0.082390,0.213930,0.549419,0.232798,-0.075625,-0.443226,-0.048917,0.314809,-0.074319,-0.131026,0.035662,0.052116,-0.086290,0.084971,-0.060503,-0.414490,-0.084344,0.678894,0.117977,-0.722755,-0.086449,0.051060,0.019901,-0.176718,-0.100193,0.364235
dns2tcp_tunnel_99911_doh8_2020-03-31t15_31_42.999338,0.000950,False,-0.085522,-0.564692,-0.011624,0.101848,-0.089591,0.164798,0.111622,-0.319543,-0.089006,0.184840,0.384168,0.065192,-0.079704,-0.420328,-0.112928,0.208895,-0.080705,0.053951,0.126268,0.229141,-0.103786,-0.652053,-0.194652,0.457905,-0.082490,0.213830,0.549519,0.232898,-0.075725,-0.443326,-0.048817,0.314909,-0.074419,-0.130926,0.035762,0.052016,-0.086390,0.085071,-0.060403,-0.414590,-0.084444,0.678994,0.118077,-0.722855,-0.086549,0.050960,0.019801,-0.176818,-0.100293,0.364335
dns2tcp_tunnel_99911_doh8_2020-03-31t15_54_16.139731,0.000949,False,-0.085622,-0.564792,-0.011524,0.101948,-0.089691,0.164898,0.111722,-0.319643,-0.089106,0.184740,0.384268,0.065292,-0.079804,-0.420228,-0.112828,0.208795,-0.080805,0.053851,0.126168,0.229041,-0.103886,-0.652153,-0.194552,0.458005,-0.082590,0.213730,0.549619,0.232998,-0.075825,-0.443426,-0.048717,0.315009,-0.074519,-0.130826,0.035862,0.051916,-0.086490,0.085171,-0.060303,-0.414690,-0.084544,0.679094,0.118177,-0.722955,-0.086649,0.050860,0.019701,-0.176918,-0.100393,0.364435
dns2tcp_tunnel_99911_doh8_2020-03-31t16_16_50.343739,0.000948,False,-0.085722,-0.564892,-0.011424,0.102048,-0.089791,0.164998,0.111822,-0.319743,-0.089206,0.184640,0.384368,0.065392,-0.079904,-0.420128,-0.112728,0.208695,-0.080905,0.053751,0.126068,0.228941,-0.103986,-0.652253,-0.194452,0.458105,-0.082690,0.213630,0.549719,0.233098,-0.075925,-0.443526,-0.048617,0.315109,-0.074619,-0.130726,0.035962,0.051816,-0.086590,0.085271,-0.060203,-0.414790,-0.084644,0.679194,0.118277,-0.723055,-0.086749,0.050760,0.019601,-0.177018,-0.100493,0.364535
dns2tcp_tunnel_99911_doh8_2020-03-31t16_39_23.350801,0.000948,False,-0.085822,-0.564992,-0.011324,0.102148,-0.089891,0.165098,0.111922,-0.319843,-0.089306,0.184540,0.384468,0.065492,-0.080004,-0.420028,-0.112628,0.208595,-0.081005,0.053651,0.125968,0.228841,-0.104086,-0.652353,-0.194352,0.458205,-0.082790,0.213530,0.549819,0.233198,-0.076026,-0.443626,-0.048517,0.315209,-0.074719,-0.130626,0.036062,0.051716,-0.086690,0.085371,-0.060103,-0.414890,-0.084744,0.679294,0.118377,-0.723155,-0.086849,0.050660,0.019501,-0.177118,-0.100593,0.364635
dns2tcp_tunnel_99911_doh8_2020-03-31t17_01_56.292157,0.000947,False,-0.085922,-0.565092,-0.011224,0.102248,-0.089991,0.165198,0.112022,-0.319943,-0.089406,0.184440,0.384568,0.065592,-0.080104,-0.419928,-0.112528,0.208495,-0.081105,0.053551,0.125868,0.228741,-0.104186,-0.652453,-0.194252,0.458305,-0.082890,0.213430,0.549919,0.233298,-0.076126,-0.443726,-0.048417,0.315309,-0.074819,-0.130526,0.036162,0.051616,-0.086790,0.085471,-0.060003,-0.414990,-0.084844,0.679394,0.118477,-0.723255,-0.086949,0.050560,0.019401,-0.177218,-0.100693,0.364735
dns2tcp_tunnel_99911_doh8_2020-03-31t17_24_29.234105,0.000946,False,-0.086022,-0.565192,-0.011124,0.102348,-0.090091,0.165298,0.112122,-0.320043,-0.089506,0.184340,0.384668,0.065692,-0.080204,-0.419828,-0.112428,0.208395,-0.081205,0.053451,0.125768,0.228641,-0.104286,-0.652553,-0.194152,0.458405,-0.082990,0.213330,0.550019,0.233398,-0.076226,-0.443826,-0.048317,0.315409,-0.074919,-0.130426,0.036262,0.051516,-0.086890,0.085571,-0.059903,-0.415090,-0.084944,0.679494,0.118577,-0.723355,-0.087049,0.050460,0.019301,-0.177318,-0.100793,0.364835
dns2tcp_tunnel_99911_doh8_2020-03-31t17_47_01.964264,0.000946,False,-0.086122,-0.565292,-0.011024,0.102448,-0.090191,0.165398,0.112222,-0.320143,-0.089606,0.184240,0.384768,0.065792,-0.080304,-0.419728,-0.112328,0.208295,-0.081305,0.053351,0.125668,0.228541,-0.104386,-0.652653,-0.194052,0.458505,-0.083090,0.213230,0.550119,0.233498,-0.076326,-0.443926,-0.048217,0.315509,-0.075019,-0.130326,0.036362,0.051416,-0.086990,0.085671,-0.059803,-0.415190,-0.085044,0.679594,0.118677,-0.723455,-0.087149,0.050360,0.019201,-0.177418,-0.100893,0.364935
dns2tcp_tunnel_99911_doh8_2020-03-31t18_09_32.816870,0.000945,False,-0.086222,-0.565392,-0.010924,0.102548,-0.090291,0.165498,0.112322,-0.320243,-0.089706,0.184140,0.384868,0.065892,-0.080404,-0.419628,-0.112228,0.208195,-0.081405,0.053251,0.125568,0.228441,-0.104486,-0.652753,-0.193952,0.458605,-0.083190,0.213130,0.550219,0.233598,-0.076426,-0.444026,-0.048117,0.315609,-0.075119,-0.130226,0.036462,0.051316,-0.087090,0.085771,-0.059703,-0.415290,-0.085144,0.679693,0.118777,-0.723555,-0.087249,0.050260,0.019101,-0.177518,-0.100993,0.365035
dns2tcp_tunnel_99911_doh8_2020-03-31t18_32_04.737407,0.000944,False,-0.086322,-0.565492,-0.010824,0.102648,-0.090391,0.165598,0.112422,-0.320343,-0.089806,0.184040,0.384968,0.065992,-0.080504,-0.419528,-0.112128,0.208095,-0.081505,0.053151,0.125468,0.228341,-0.104586,-0.652853,-0.193852,0.458705,-0.083290,0.213030,0.550319,0.233698,-0.076526,-0.444126,-0.048017,0.315709,-0.075219,-0.130126,0.036562,0.051216,-0.087190,0.085871,-0.059603,-0.415390,-0.085244,0.679793,0.118877,-0.723655,-0.087349,0.050160,0.019001,-0.177618,-0.101093,0.365135
dns2tcp_tunnel_99911_doh8_2020-03-31t18_54_35.402265,0.000943,False,-0.086422,-0.565592,-0.010724,0.102748,-0.090491,0.165698,0.112522,-0.320443,-0.089906,0.183940,0.385068,0.066092,-0.080604,-0.419428,-0.112028,0.207995,-0.081605,0.053051,0.125368,0.228241,-0.104686,-0.652953,-0.193752,0.458804,-0.083390,0.212930,0.550419,0.233798,-0.076626,-0.444226,-0.047917,0.315809,-0.075319,-0.130026,0.036662,0.051116,-0.087290,0.085971,-0.059503,-0.415490,-0.085344,0.679893,0.118977,-0.723755,-0.087449,0.050060,0.018901,-0.177718,-0.101193,0.365235
dns2tcp_tunnel_99911_doh8_2020-03-31t19_17_04.309083,0.000943,False,-0.086522,-0.565692,-0.010624,0.102848,-0.090591,0.165798,0.112622,-0.320543,-0.090006,0.183840,0.385168,0.066192,-0.080704,-0.419328,-0.111928,0.207895,-0.081705,0.052951,0.125268,0.228141,-0.104786,-0.653053,-0.193652,0.458904,-0.083490,0.212830,0.550519,0.233898,-0.076726,-0.444326,-0.047817,0.315909,-0.075419,-0.129926,0.036762,0.051016,-0.087390,0.086071,-0.059403,-0.415590,-0.085444,0.679993,0.119077,-0.723855,-0.087549,0.049960,0.018801,-0.177818,-0.101293,0.365335
dns2tcp_tunnel_99911_doh8_2020-03-31t19_39_33.420257,0.000942,False,-0.086622,-0.565792,-0.010524,0.102948,-0.090691,0.165898,0.112722,-0.320643,-0.090106,0.183740,0.385268,0.066292,-0.080804,-0.419228,-0.111828,0.207795,-0.081805,0.052851,0.125168,0.228041,-0.104886,-0.653153,-0.193552,0.459004,-0.083590,0.212730,0.550619,0.233998,-0.076826,-0.444426,-0.047717,0.316009,-0.075519,-0.129826,0.036862,0.050916,-0.087490,0.086171,-0.059303,-0.415690,-0.085544,0.680093,0.119177,-0.723955,-0.087649,0.049860,0.018701,-0.177918,-0.101393,0.365435
dns2tcp_tunnel_99911_doh8_2020-03-31t20_02_02.137655,0.000941,False,-0.086722,-0.565892,-0.010424,0.103048,-0.090791,0.165998,0.112822,-0.320743,-0.090206,0.183640,0.385368,0.066392,-0.080904,-0.419128,-0.111728,0.207695,-0.081905,0.052751,0.125068,0.227941,-0.104986,-0.653253,-0.193452,0.459104,-0.083690,0.212630,0.550719,0.234098,-0.076926,-0.444526,-0.047617,0.316109,-0.075619,-0.129726,0.036962,0.050816,-0.087590,0.086271,-0.059203,-0.415790,-0.085644,0.680193,0.119277,-0.724055,-0.087749,0.049760,0.018601,-0.178018,-0.101493,0.365535
dns2tcp_tunnel_99911_doh8_2020-03-31t20_24_31.131069,0.000941,False,-0.086822,-0.565992,-0.010324,0.103148,-0.090891,0.166098,0.112922,-0.320843,-0.090306,0.183540,0.385468,0.066492,-0.081004,-0.419028,-0.111628,0.207595,-0.082005,0.052651,0.124968,0.227841,-0.105086,-0.653353,-0.193352,0.459204,-0.083790,0.212530,0.550820,0.234198,-0.077026,-0.444626,-0.047517,0.316209,-0.075719,-0.129626,0.037062,0.050716,-0.087690,0.086371,-0.059103,-0.415890,-0.085744,0.680293,0.119377,-0.724154,-0.087849,0.049660,0.018501,-0.178118,-0.101593,0.365635
dns2tcp_tunnel_99911_doh8_2020-03-31t20_46_59.777602,0.000940,False,-0.086922,-0.566092,-0.010224,0.103248,-0.090991,0.166198,0.113022,-0.320943,-0.090406,0.183440,0.385568,0.066592,-0.081104,-0.418928,-0.111528,0.207495,-0.082105,0.052551,0.124868,0.227741,-0.105186,-0.653453,-0.193252,0.459304,-0.083890,0.212430,0.550920,0.234298,-0.077126,-0.444726,-0.047417,0.316309,-0.075819,-0.129526,0.037162,0.050616,-0.087790,0.086471,-0.059003,-0.415990,-0.085844,0.680393,0.119477,-0.724254,-0.087949,0.049560,0.018401,-0.178218,-0.101693,0.365734
dns2tcp_tunnel_99911_doh8_2020-03-31t21_09_29.104274,0.000939,False,-0.087022,-0.566192,-0.010124,0.103348,-0.091091,0.166298,0.113122,-0.321043,-0.090506,0.183340,0.385668,0.066692,-0.081204,-0.418828,-0.111428,0.207395,-0.082205,0.052451,0.124768,0.227641,-0.105286,-0.653553,-0.193152,0.459404,-0.083990,0.212330,0.551020,0.234398,-0.077226,-0.444826,-0.047317,0.316409,-0.075919,-0.129426,0.037262,0.050516,-0.087890,0.086571,-0.058903,-0.416090,-0.085944,0.680493,0.119577,-0.724354,-0.088049,0.049460,0.018301,-0.178318,-0.101793,0.365834
dns2tcp_tunnel_99911_doh8_2020-03-31t21_31_57.734655,0.000938,False,-0.087122,-0.566292,-0.010024,0.103448,-0.091191,0.166398,0.113222,-0.321143,-0.090606,0.183240,0.385768,0.066792,-0.081304,-0.418728,-0.111328,0.207295,-0.082305,0.052351,0.124668,0.227541,-0.105386,-0.653653,-0.193052,0.459504,-0.084090,0.212230,0.551120,0.234498,-0.077326,-0.444926,-0.047217,0.316509,-0.076019,-0.129326,0.037362,0.050416,-0.087990,0.086671,-0.058803,-0.416190,-0.086044,0.680592,0.119677,-0.724454,-0.088149,0.049360,0.018201,-0.178418,-0.101893,0.365934
dns2tcp_tunnel_99911_doh9_2020-03-30t20_14_52.809596,0.000938,False,-0.087222,-0.566392,-0.009924,0.103548,-0.091291,0.166498,0.113322,-0.321243,-0.090706,0.183140,0.385868,0.066892,-0.081404,-0.418628,-0.111228,0.207195,-0.082405,0.052251,0.124568,0.227441,-0.105486,-0.653753,-0.192952,0.459604,-0.084190,0.212130,0.551220,0.234598,-0.077426,-0.445026,-0.047117,0.316609,-0.076119,-0.129226,0.037462,0.050316,-0.088090,0.086771,-0.058703,-0.416290,-0.086144,0.680692,0.119777,-0.724554,-0.088249,0.049260,0.018101,-0.178518,-0.101993,0.366034
dns2tcp_tunnel_99911_doh9_2020-03-30t21_02_02.760741,0.000937,False,-0.087322,-0.566492,-0.009824,0.103648,-0.091391,0.166598,0.113422,-0.321343,-0.090806,0.183040,0.385968,0.066992,-0.081504,-0.418528,-0.111128,0.207095,-0.082505,0.052151,0.124468,0.227341,-0.105586,-0.653853,-0.192852,0.459704,-0.084290,0.212030,0.551320,0.234698,-0.077526,-0.445126,-0.047017,0.316709,-0.076219,-0.129126,0.037562,0.050216,-0.088190,0.086871,-0.058603,-0.416390,-0.086244,0.680792,0.119877,-0.724654,-0.088349,0.049160,0.018001,-0.178618,-0.102093,0.366134
dns2tcp_tunnel_99911_doh9_2020-03-30t21_24_56.147351,0.000936,False,-0.087422,-0.566592,-0.009724,0.103748,-0.091491,0.166698,0.113522,-0.321443,-0.090906,0.182940,0.386068,0.067092,-0.081604,-0.418428,-0.111028,0.206995,-0.082605,0.052051,0.124368,0.227241,-0.105686,-0.653953,-0.192752,0.459804,-0.084390,0.211930,0.551420,0.234798,-0.077626,-0.445226,-0.046917,0.316809,-0.076319,-0.129026,0.037662,0.050116,-0.088290,0.086971,-0.058503,-0.416490,-0.086344,0.680892,0.119977,-0.724754,-0.088449,0.049060,0.017901,-0.178718,-0.102193,0.366234
dns2tcp_tunnel_99911_doh9_2020-03-30t21_47_43.620073,0.000936,False,-0.087522,-0.566692,-0.009624,0.103848,-0.091591,0.166798,0.113622,-0.321543,-0.091006,0.182840,0.386168,0.067192,-0.081704,-0.418328,-0.110928,0.206895,-0.082705,0.051951,0.124268,0.227141,-0.105786,-0.654053,-0.192652,0.459904,-0.084490,0.211830,0.551520,0.234898,-0.077726,-0.445326,-0.046817,0.316909,-0.076419,-0.128926,0.037762,0.050016,-0.088390,0.087071,-0.058403,-0.416590,-0.086444,0.680992,0.120077,-0.724854,-0.088549,0.048960,0.017801,-0.178818,-0.102293,0.366334
dns2tcp_tunnel_99911_doh9_2020-03-30t22_10_22.485082,0.000935,False,-0.087622,-0.566792,-0.009524,0.103948,-0.091691,0.166898,0.113722,-0.321643,-0.091106,0.182740,0.386268,0.067292,-0.081804,-0.418228,-0.110828,0.206795,-0.082805,0.051851,0.124168,0.227041,-0.105886,-0.654153,-0.192552,0.460004,-0.084590,0.211730,0.551620,0.234998,-0.077826,-0.445426,-0.046717,0.317009,-0.076519,-0.128826,0.037862,0.049916,-0.088490,0.087171,-0.058303,-0.416690,-0.086544,0.681092,0.120177,-0.724954,-0.088649,0.048860,0.017701,-0.178918,-0.102393,0.366434
dns2tcp_tunnel_99911_doh9_2020-03-30t22_32_58.926092,0.000934,False,-0.087722,-0.566892,-0.009424,0.104048,-0.091791,0.166998,0.113822,-0.321743,-0.091206,0.182640,0.386368,0.067392,-0.081904,-0.418128,-0.110728,0.206695,-0.082905,0.051751,0.124068,0.226941,-0.105986,-0.654253,-0.192452,0.460104,-0.084690,0.211630,0.551720,0.235098,-0.077926,-0.445526,-0.046617,0.317109,-0.076619,-0.128726,0.037962,0.049816,-0.088590,0.087271,-0.058203,-0.416790,-0.086644,0.681192,0.120277,-0.725054,-0.088749,0.048760,0.017601,-0.179018,-0.102493,0.366534
dns2tcp_tunnel_99911_doh9_2020-03-30t22_55_35.922582,0.000934,False,-0.087822,-0.566992,-0.009324,0.104148,-0.091891,0.167098,0.113922,-0.321843,-0.091306,0.182540,0.386468,0.067492,-0.082004,-0.418028,-0.110628,0.206595,-0.083005,0.051651,0.123968,0.226841,-0.106086,-0.654353,-0.192352,0.460204,-0.084790,0.211530,0.551820,0.235198,-0.078026,-0.445626,-0.046517,0.317209,-0.076719,-0.128626,0.038062,0.049716,-0.088690,0.087371,-0.058103,-0.416890,-0.086744,0.681292,0.120377,-0.725154,-0.088849,0.048660,0.017501,-0.179118,-0.102593,0.366634
dns2tcp_tunnel_99911_doh9_2020-03-30t23_18_08.456445,0.000933,False,-0.087922,-0.567092,-0.009224,0.104248,-0.091991,0.167198,0.114022,-0.321943,-0.091406,0.182440,0.386568,0.067592,-0.082104,-0.417928,-0.110528,0.206495,-0.083105,0.051551,0.123868,0.226741,-0.106186,-0.654453,-0.192252,0.460304,-0.084890,0.211430,0.551920,0.235298,-0.078126,-0.445726,-0.046417,0.317309,-0.076819,-0.128526,0.038162,0.049616,-0.088790,0.087471,-0.058003,-0.416990,-0.086844,0.681391,0.120477,-0.725254,-0.088949,0.048560,0.017401,-0.179218,-0.102693,0.366734
dns2tcp_tunnel_99911_doh9_2020-03-30t23_40_41.304006,0.000932,False,-0.088022,-0.567192,-0.009124,0.104348,-0.092091,0.167298,0.114122,-0.322043,-0.091506,0.182340,0.386668,0.067692,-0.082204,-0.417828,-0.110428,0.206395,-0.083205,0.051451,0.123768,0.226641,-0.106286,-0.654553,-0.192152,0.460404,-0.084990,0.211330,0.552020,0.235398,-0.078226,-0.445826,-0.046317,0.317409,-0.076919,-0.128426,0.038262,0.049516,-0.088890,0.087571,-0.057903,-0.417090,-0.086944,0.681491,0.120577,-0.725354,-0.089049,0.048460,0.017301,-0.179318,-0.102793,0.366834
dns2tcp_tunnel_99911_doh9_2020-03-31t00_03_18.385040,0.000931,False,-0.088122,-0.567292,-0.009024,0.104448,-0.092191,0.167398,0.114222,-0.322143,-0.091606,0.182240,0.386768,0.067792,-0.082304,-0.417728,-0.110328,0.206295,-0.083305,0.051351,0.123668,0.226541,-0.106386,-0.654653,-0.192052,0.460504,-0.085090,0.211230,0.552120,0.235498,-0.078326,-0.445926,-0.046217,0.317509,-0.077019,-0.128326,0.038362,0.049416,-0.088990,0.087671,-0.057803,-0.417190,-0.087044,0.681591,0.120677,-0.725454,-0.089149,0.048360,0.017201,-0.179418,-0.102893,0.366934
dns2tcp_tunnel_99911_doh9_2020-03-31t00_25_52.792677,0.000931,False,-0.088222,-0.567392,-0.008924,0.104548,-0.092291,0.167498,0.114322,-0.322243,-0.091706,0.182140,0.386868,0.067892,-0.082404,-0.417628,-0.110228,0.206195,-0.083405,0.051251,0.123568,0.226441,-0.106486,-0.654753,-0.191952,0.460604,-0.085190,0.211130,0.552220,0.235598,-0.078426,-0.446026,-0.046117,0.317609,-0.077119,-0.128226,0.038462,0.049316,-0.089090,0.087771,-0.057703,-0.417290,-0.087144,0.681691,0.120777,-0.725554,-0.089249,0.048260,0.017101,-0.179518,-0.102993,0.367034
dns2tcp_tunnel_99911_doh9_2020-03-31t00_48_31.394415,0.000930,False,-0.088322,-0.567492,-0.008824,0.104648,-0.092391,0.167598,0.114422,-0.322343,-0.091806,0.182040,0.386968,0.067992,-0.082504,-0.417528,-0.110128,0.206095,-0.083505,0.051151,0.123468,0.226341,-0.106586,-0.654853,-0.191852,0.460704,-0.085290,0.211030,0.552320,0.235698,-0.078526,-0.446126,-0.046017,0.317709,-0.077219,-0.128126,0.038562,0.049216,-0.089190,0.087871,-0.057603,-0.417390,-0.087244,0.681791,0.120877,-0.725654,-0.089349,0.048160,0.017001,-0.179618,-0.103093,0.367134
dns2tcp_tunnel_99911_doh9_2020-03-31t01_11_10.452750,0.000929,False,-0.088422,-0.567592,-0.008724,0.104748,-0.092491,0.167698,0.114522,-0.322443,-0.091906,0.181940,0.387068,0.068092,-0.082604,-0.417428,-0.110028,0.205995,-0.083605,0.051051,0.123368,0.226241,-0.106686,-0.654953,-0.191752,0.460804,-0.085390,0.210930,0.552420,0.235798,-0.078626,-0.446226,-0.045917,0.317809,-0.077319,-0.128026,0.038662,0.049116,-0.089290,0.087971,-0.057503,-0.417490,-0.087344,0.681891,0.120977,-0.725754,-0.089449,0.048060,0.016901,-0.179718,-0.103193,0.367234
dns2tcp_tunnel_99911_doh9_2020-03-31t01_33_49.435345,0.000928,False,-0.088522,-0.567692,-0.008624,0.104848,-0.092591,0.167798,0.114622,-0.322543,-0.092006,0.181840,0.387168,0.068192,-0.082704,-0.417328,-0.109928,0.205895,-0.083705,0.050951,0.123268,0.226141,-0.106786,-0.655053,-0.191652,0.460904,-0.085490,0.210830,0.552520,0.235898,-0.078726,-0.446326,-0.045817,0.317909,-0.077419,-0.127926,0.038762,0.049016,-0.089391,0.088071,-0.057403,-0.417590,-0.087444,0.681990,0.121077,-0.725854,-0.089549,0.047960,0.016801,-0.179818,-0.103293,0.367334
dns2tcp_tunnel_99911_doh9_2020-03-31t01_56_27.962607,0.000928,False,-0.088622,-0.567792,-0.008524,0.104948,-0.092691,0.167898,0.114722,-0.322643,-0.092106,0.181740,0.387268,0.068292,-0.082804,-0.417228,-0.109828,0.205794,-0.083805,0.050851,0.123168,0.226041,-0.106886,-0.655153,-0.191552,0.461004,-0.085590,0.210730,0.552620,0.235998,-0.078826,-0.446426,-0.045717,0.318009,-0.077519,-0.127826,0.038862,0.048916,-0.089491,0.088171,-0.057303,-0.417690,-0.087544,0.682090,0.121177,-0.725954,-0.089649,0.047860,0.016701,-0.179918,-0.103393,0.367434
dns2tcp_tunnel_99911_doh9_2020-03-31t02_19_07.781972,0.000927,False,-0.088722,-0.567892,-0.008424,0.105048,-0.092791,0.167998,0.114822,-0.322743,-0.092206,0.181640,0.387367,0.068392,-0.082904,-0.417128,-0.109728,0.205694,-0.083905,0.050751,0.123068,0.225941,-0.106986,-0.655253,-0.191452,0.461104,-0.085690,0.210630,0.552720,0.236098,-0.078926,-0.446526,-0.045617,0.318109,-0.077619,-0.127726,0.038962,0.048816,-0.089591,0.088271,-0.057203,-0.417790,-0.087644,0.682190,0.121277,-0.726054,-0.089749,0.047760,0.016601,-0.180018,-0.103493,0.367534
dns2tcp_tunnel_99911_doh9_2020-03-31t02_41_46.784537,0.000926,False,-0.088822,-0.567992,-0.008324,0.105148,-0.092891,0.168098,0.114922,-0.322843,-0.092306,0.181540,0.387467,0.068492,-0.083004,-0.417028,-0.109628,0.205594,-0.084005,0.050651,0.122968,0.225841,-0.107086,-0.655353,-0.191352,0.461204,-0.085790,0.210530,0.552820,0.236198,-0.079026,-0.446626,-0.045517,0.318209,-0.077719,-0.127626,0.039062,0.048716,-0.089691,0.088371,-0.057103,-0.417890,-0.087744,0.682290,0.121377,-0.726154,-0.089849,0.047660,0.016501,-0.180118,-0.103593,0.367634
dns2tcp_tunnel_99911_doh9_2020-03-31t03_04_20.279861,0.000926,False,-0.088922,-0.568092,-0.008224,0.105248,-0.092991,0.168198,0.115022,-0.322943,-0.092406,0.181440,0.387567,0.068592,-0.083104,-0.416928,-0.109528,0.205494,-0.084105,0.050551,0.122868,0.225741,-0.107186,-0.655453,-0.191252,0.461304,-0.085890,0.210430,0.552920,0.236298,-0.079126,-0.446726,-0.045417,0.318309,-0.077819,-0.127526,0.039162,0.048616,-0.089791,0.088471,-0.057003,-0.417990,-0.087844,0.682390,0.121477,-0.726254,-0.089949,0.047560,0.016401,-0.180218,-0.103693,0.367734
dns2tcp_tunnel_99911_doh9_2020-03-31t03_26_54.942364,0.000925,False,-0.089022,-0.568192,-0.008124,0.105348,-0.093091,0.168298,0.115122,-0.323043,-0.092506,0.181340,0.387667,0.068692,-0.083204,-0.416828,-0.109428,0.205394,-0.084205,0.050451,0.122768,0.225641,-0.107286,-0.655553,-0.191152,0.461404,-0.085990,0.210330,0.553020,0.236398,-0.079226,-0.446826,-0.045317,0.318409,-0.077919,-0.127426,0.039262,0.048516,-0.089891,0.088571,-0.056903,-0.418090,-0.087944,0.682490,0.121577,-0.726354,-0.090049,0.047460,0.016301,-0.180318,-0.103793,0.367834
dns2tcp_tunnel_99911_doh9_2020-03-31t03_49_29.389619,0.000924,False,-0.089122,-0.568292,-0.008024,0.105448,-0.093191,0.168398,0.115222,-0.323143,-0.092606,0.181240,0.387767,0.068792,-0.083304,-0.416728,-0.109328,0.205294,-0.084305,0.050351,0.122668,0.225541,-0.107386,-0.655653,-0.191052,0.461504,-0.086090,0.210230,0.553120,0.236498,-0.079326,-0.446926,-0.045217,0.318509,-0.078019,-0.127326,0.039362,0.048416,-0.089991,0.088671,-0.056803,-0.418190,-0.088044,0.682589,0.121677,-0.726453,-0.090149,0.047360,0.016201,-0.180418,-0.103893,0.367934
dns2tcp_tunnel_99911_doh9_2020-03-31t04_12_02.442157,0.000924,False,-0.089222,-0.568392,-0.007924,0.105548,-0.093291,0.168498,0.115322,-0.323243,-0.092706,0.181140,0.387867,0.068892,-0.083404,-0.416629,-0.109228,0.205194,-0.084405,0.050251,0.122568,0.225441,-0.107486,-0.655753,-0.190952,0.461604,-0.086190,0.210130,0.553220,0.236598,-0.079426,-0.447026,-0.045117,0.318609,-0.078119,-0.127226,0.039462,0.048316,-0.090091,0.088771,-0.056703,-0.418290,-0.088144,0.682689,0.121777,-0.726553,-0.090249,0.047260,0.016101,-0.180518,-0.103993,0.368034
dns2tcp_tunnel_99911_doh9_2020-03-31t04_34_36.641790,0.000923,False,-0.089322,-0.568492,-0.007824,0.105648,-0.093391,0.168598,0.115422,-0.323343,-0.092806,0.181040,0.387967,0.068992,-0.083504,-0.416529,-0.109128,0.205094,-0.084505,0.050151,0.122468,0.225341,-0.107586,-0.655853,-0.190852,0.461704,-0.086290,0.210030,0.553320,0.236698,-0.079526,-0.447126,-0.045017,0.318709,-0.078219,-0.127126,0.039562,0.048216,-0.090191,0.088871,-0.056603,-0.418390,-0.088244,0.682789,0.121877,-0.726653,-0.090349,0.047160,0.016001,-0.180618,-0.104093,0.368134
dns2tcp_tunnel_99911_doh9_2020-03-31t04_57_14.125469,0.000922,False,-0.089422,-0.568592,-0.007724,0.105748,-0.093491,0.168698,0.115522,-0.323443,-0.092906,0.180940,0.388067,0.069092,-0.083604,-0.416429,-0.109028,0.204994,-0.084605,0.050051,0.122368,0.225241,-0.107686,-0.655953,-0.190752,0.461804,-0.086390,0.209930,0.553420,0.236798,-0.079626,-0.447226,-0.044917,0.318809,-0.078319,-0.127026,0.039662,0.048116,-0.090291,0.088971,-0.056503,-0.418490,-0.088344,0.682889,0.121977,-0.726753,-0.090449,0.047060,0.015901,-0.180718,-0.104193,0.368234
dns2tcp_tunnel_99911_doh9_2020-03-31t05_19_51.935658,0.000921,False,-0.089522,-0.568692,-0.007624,0.105848,-0.093591,0.168798,0.115622,-0.323543,-0.093006,0.180840,0.388167,0.069192,-0.083704,-0.416329,-0.108928,0.204894,-0.084705,0.049951,0.122268,0.225141,-0.107786,-0.656053,-0.190652,0.461904,-0.086490,0.209830,0.553520,0.236898,-0.079726,-0.447326,-0.044817,0.318909,-0.078419,-0.126926,0.039762,0.048016,-0.090391,0.089071,-0.056403,-0.418590,-0.088444,0.682989,0.122077,-0.726853,-0.090549,0.046960,0.015801,-0.180818,-0.104293,0.368334
dns2tcp_tunnel_99911_doh9_2020-03-31t05_42_30.128274,0.000921,False,-0.089622,-0.568792,-0.007524,0.105948,-0.093691,0.168898,0.115722,-0.323643,-0.093106,0.180740,0.388267,0.069292,-0.083804,-0.416229,-0.108828,0.204794,-0.084805,0.049851,0.122168,0.225041,-0.107886,-0.656153,-0.190552,0.462004,-0.086590,0.209730,0.553620,0.236998,-0.079826,-0.447426,-0.044717,0.319009,-0.078519,-0.126826,0.039862,0.047916,-0.090491,0.089171,-0.056303,-0.418690,-0.088544,0.683089,0.122177,-0.726953,-0.090649,0.046860,0.015701,-0.180918,-0.104393,0.368434
dns2tcp_tunnel_99911_doh9_2020-03-31t06_05_10.352209,0.000920,False,-0.089722,-0.568892,-0.007424,0.106048,-0.093791,0.168998,0.115822,-0.323743,-0.093206,0.180640,0.388367,0.069392,-0.083904,-0.416129,-0.108728,0.204694,-0.084905,0.049751,0.122068,0.224941,-0.107986,-0.656253,-0.190452,0.462104,-0.086690,0.209630,0.553720,0.237098,-0.079926,-0.447526,-0.044617,0.319109,-0.078619,-0.126726,0.039962,0.047816,-0.090591,0.089271,-0.056203,-0.418790,-0.088644,0.683188,0.122277,-0.727053,-0.090749,0.046760,0.015601,-0.181018,-0.104493,0.368534
dns2tcp_tunnel_99911_doh9_2020-03-31t06_27_52.615728,0.000919,False,-0.089822,-0.568992,-0.007324,0.106148,-0.093891,0.169098,0.115922,-0.323843,-0.093306,0.180540,0.388467,0.069492,-0.084004,-0.416029,-0.108628,0.204594,-0.085005,0.049651,0.121968,0.224841,-0.108086,-0.656353,-0.190352,0.462204,-0.086790,0.209530,0.553820,0.237198,-0.080026,-0.447626,-0.044517,0.319209,-0.078719,-0.126626,0.040062,0.047716,-0.090691,0.089371,-0.056103,-0.418890,-0.088744,0.683288,0.122377,-0.727153,-0.090849,0.046660,0.015501,-0.181118,-0.104593,0.368634
dns2tcp_tunnel_99911_doh9_2020-03-31t06_50_31.656916,0.000919,False,-0.089922,-0.569092,-0.007224,0.106248,-0.093991,0.169198,0.116022,-0.323943,-0.093406,0.180440,0.388567,0.069592,-0.084104,-0.415929,-0.108528,0.204494,-0.085105,0.049551,0.121868,0.224741,-0.108186,-0.656453,-0.190252,0.462304,-0.086890,0.209430,0.553920,0.237298,-0.080126,-0.447726,-0.044417,0.319309,-0.078819,-0.126526,0.040162,0.047616,-0.090791,0.089471,-0.056003,-0.418990,-0.088844,0.683388,0.122477,-0.727253,-0.090949,0.046560,0.015401,-0.181218,-0.104693,0.368734
dns2tcp_tunnel_99911_doh9_2020-03-31t07_13_11.448882,0.000918,False,-0.090022,-0.569192,-0.007124,0.106348,-0.094091,0.169298,0.116122,-0.324043,-0.093506,0.180340,0.388667,0.069692,-0.084204,-0.415829,-0.108428,0.204394,-0.085205,0.049451,0.121768,0.224641,-0.108286,-0.656553,-0.190152,0.462404,-0.086990,0.209330,0.554020,0.237398,-0.080226,-0.447826,-0.044317,0.319409,-0.078919,-0.126426,0.040262,0.047516,-0.090891,0.089571,-0.055903,-0.419090,-0.088944,0.683488,0.122577,-0.727353,-0.091049,0.046460,0.015301,-0.181318,-0.104793,0.368834
dns2tcp_tunnel_99911_doh9_2020-03-31t07_35_48.097102,0.000917,False,-0.090122,-0.569292,-0.007024,0.106448,-0.094191,0.169398,0.116222,-0.324143,-0.093606,0.180240,0.388767,0.069792,-0.084304,-0.415729,-0.108328,0.204294,-0.085305,0.049351,0.121668,0.224541,-0.108386,-0.656653,-0.190052,0.462504,-0.087090,0.209230,0.554120,0.237498,-0.080326,-0.447926,-0.044217,0.319509,-0.079019,-0.126326,0.040362,0.047416,-0.090991,0.089671,-0.055803,-0.419190,-0.089044,0.683588,0.122677,-0.727453,-0.091149,0.046360,0.015201,-0.181418,-0.104893,0.368934
dns2tcp_tunnel_99911_doh9_2020-03-31t07_58_20.312248,0.000916,False,-0.090222,-0.569392,-0.006924,0.106548,-0.094291,0.169498,0.116322,-0.324243,-0.093706,0.180140,0.388867,0.069892,-0.084404,-0.415629,-0.108228,0.204194,-0.085405,0.049251,0.121568,0.224441,-0.108486,-0.656753,-0.189952,0.462604,-0.087190,0.209130,0.554220,0.237598,-0.080426,-0.448025,-0.044117,0.319609,-0.079119,-0.126226,0.040462,0.047316,-0.091091,0.089771,-0.055703,-0.419290,-0.089144,0.683687,0.122777,-0.727553,-0.091249,0.046260,0.015101,-0.181518,-0.104993,0.369034
dns2tcp_tunnel_99911_doh9_2020-03-31t08_20_55.877077,0.000916,False,-0.090322,-0.569492,-0.006824,0.106648,-0.094391,0.169598,0.116422,-0.324343,-0.093806,0.180040,0.388967,0.069992,-0.084504,-0.415529,-0.108128,0.204094,-0.085505,0.049151,0.121468,0.224341,-0.108586,-0.656853,-0.189852,0.462704,-0.087290,0.209030,0.554320,0.237698,-0.080526,-0.448125,-0.044017,0.319709,-0.079219,-0.126126,0.040562,0.047216,-0.091191,0.089871,-0.055603,-0.419390,-0.089244,0.683787,0.122877,-0.727653,-0.091349,0.046160,0.015001,-0.181618,-0.105093,0.369134
dns2tcp_tunnel_99911_doh9_2020-03-31t08_43_34.618382,0.000915,False,-0.090422,-0.569592,-0.006724,0.106748,-0.094491,0.169698,0.116522,-0.324443,-0.093906,0.179940,0.389067,0.070092,-0.084604,-0.415429,-0.108028,0.203994,-0.085605,0.049051,0.121368,0.224241,-0.108686,-0.656954,-0.189752,0.462804,-0.087390,0.208930,0.554420,0.237798,-0.080626,-0.448225,-0.043917,0.319809,-0.079319,-0.126026,0.040662,0.047116,-0.091291,0.089971,-0.055503,-0.419490,-0.089344,0.683887,0.122977,-0.727753,-0.091449,0.046060,0.014901,-0.181718,-0.105193,0.369234
dns2tcp_tunnel_99911_doh9_2020-03-31t09_06_13.377670,0.000914,False,-0.090522,-0.569692,-0.006624,0.106848,-0.094591,0.169798,0.116622,-0.324543,-0.094006,0.179840,0.389167,0.070192,-0.084704,-0.415329,-0.107928,0.203894,-0.085705,0.048951,0.121268,0.224141,-0.108786,-0.657054,-0.189652,0.462904,-0.087490,0.208830,0.554520,0.237898,-0.080726,-0.448325,-0.043817,0.319908,-0.079419,-0.125926,0.040762,0.047016,-0.091391,0.090071,-0.055403,-0.419590,-0.089444,0.683987,0.123077,-0.727853,-0.091549,0.045960,0.014801,-0.181818,-0.105293,0.369334
dns2tcp_tunnel_99911_doh9_2020-03-31t09_28_53.482953,0.000914,False,-0.090622,-0.569793,-0.006524,0.106948,-0.094691,0.169898,0.116722,-0.324643,-0.094106,0.179740,0.389267,0.070292,-0.084804,-0.415229,-0.107828,0.203794,-0.085805,0.048851,0.121168,0.224041,-0.108886,-0.657154,-0.189552,0.463004,-0.087590,0.208730,0.554620,0.237998,-0.080826,-0.448425,-0.043717,0.320008,-0.079519,-0.125826,0.040862,0.046916,-0.091491,0.090171,-0.055303,-0.419690,-0.089544,0.684086,0.123177,-0.727953,-0.091649,0.045860,0.014701,-0.181918,-0.105393,0.369434
dns2tcp_tunnel_99911_doh9_2020-03-31t09_51_39.000122,0.000913,False,-0.090722,-0.569893,-0.006424,0.107048,-0.094791,0.169998,0.116822,-0.324743,-0.094206,0.179640,0.389367,0.070392,-0.084904,-0.415129,-0.107728,0.203694,-0.085905,0.048751,0.121068,0.223941,-0.108986,-0.657254,-0.189452,0.463104,-0.087690,0.208630,0.554720,0.238098,-0.080926,-0.448525,-0.043617,0.320108,-0.079619,-0.125726,0.040962,0.046816,-0.091591,0.090271,-0.055203,-0.419790,-0.089644,0.684186,0.123277,-0.728053,-0.091749,0.045760,0.014601,-0.182018,-0.105493,0.369534
dns2tcp_tunnel_99911_doh9_2020-03-31t10_14_24.124126,0.000912,False,-0.090822,-0.569993,-0.006324,0.107148,-0.094891,0.170098,0.116922,-0.324843,-0.094306,0.179540,0.389467,0.070492,-0.085004,-0.415029,-0.107628,0.203594,-0.086005,0.048651,0.120968,0.223841,-0.109086,-0.657354,-0.189352,0.463204,-0.087790,0.208530,0.554820,0.238198,-0.081026,-0.448625,-0.043517,0.320208,-0.079719,-0.125626,0.041062,0.046716,-0.091691,0.090371,-0.055103,-0.419890,-0.089744,0.684286,0.123377,-0.728153,-0.091849,0.045660,0.014501,-0.182118,-0.105593,0.369634
dns2tcp_tunnel_99911_doh9_2020-03-31t10_37_07.029921,0.000911,False,-0.090922,-0.570093,-0.006224,0.107248,-0.094991,0.170198,0.117022,-0.324943,-0.094406,0.179440,0.389567,0.070592,-0.085104,-0.414929,-0.107528,0.203494,-0.086105,0.048551,0.120868,0.223741,-0.109186,-0.657454,-0.189252,0.463304,-0.087890,0.208430,0.554920,0.238298,-0.081126,-0.448725,-0.043417,0.320308,-0.079819,-0.125526,0.041162,0.046616,-0.091791,0.090471,-0.055003,-0.419990,-0.089844,0.684386,0.123477,-0.728252,-0.091949,0.045560,0.014401,-0.182218,-0.105693,0.369734
dns2tcp_tunnel_99911_doh9_2020-03-31t10_59_52.428711,0.000911,False,-0.091022,-0.570193,-0.006124,0.107348,-0.095091,0.170298,0.117122,-0.325043,-0.094506,0.179340,0.389667,0.070692,-0.085204,-0.414829,-0.107428,0.203394,-0.086205,0.048451,0.120768,0.223641,-0.109286,-0.657554,-0.189152,0.463404,-0.087990,0.208330,0.555020,0.238398,-0.081226,-0.448825,-0.043318,0.320408,-0.079919,-0.125426,0.041262,0.046516,-0.091891,0.090571,-0.054903,-0.420090,-0.089944,0.684486,0.123577,-0.728352,-0.092049,0.045460,0.014301,-0.182318,-0.105793,0.369834
dns2tcp_tunnel_99911_doh9_2020-03-31t11_22_30.628558,0.000910,False,-0.091122,-0.570293,-0.006024,0.107448,-0.095191,0.170398,0.117222,-0.325143,-0.094606,0.179240,0.389767,0.070792,-0.085304,-0.414729,-0.107328,0.203294,-0.086305,0.048351,0.120668,0.223541,-0.109386,-0.657654,-0.189052,0.463504,-0.088090,0.208230,0.555120,0.238498,-0.081326,-0.448925,-0.043218,0.320508,-0.080019,-0.125326,0.041362,0.046416,-0.091991,0.090671,-0.054803,-0.420190,-0.090044,0.684585,0.123677,-0.728452,-0.092149,0.045360,0.014201,-0.182418,-0.105893,0.369934
dns2tcp_tunnel_99911_doh9_2020-03-31t11_45_11.734458,0.000909,False,-0.091222,-0.570393,-0.005924,0.107548,-0.095291,0.170497,0.117322,-0.325243,-0.094706,0.179140,0.389867,0.070892,-0.085404,-0.414629,-0.107228,0.203194,-0.086405,0.048251,0.120568,0.223441,-0.109486,-0.657754,-0.188952,0.463604,-0.088190,0.208130,0.555220,0.238598,-0.081426,-0.449025,-0.043118,0.320608,-0.080119,-0.125226,0.041462,0.046316,-0.092091,0.090771,-0.054703,-0.420290,-0.090144,0.684685,0.123777,-0.728552,-0.092249,0.045260,0.014101,-0.182518,-0.105993,0.370034
dns2tcp_tunnel_99911_doh9_2020-03-31t12_07_51.901280,0.000909,False,-0.091322,-0.570493,-0.005824,0.107648,-0.095391,0.170597,0.117422,-0.325343,-0.094806,0.179040,0.389967,0.070992,-0.085504,-0.414529,-0.107128,0.203094,-0.086505,0.048151,0.120468,0.223341,-0.109586,-0.657854,-0.188852,0.463704,-0.088290,0.208030,0.555320,0.238698,-0.081526,-0.449125,-0.043018,0.320708,-0.080219,-0.125126,0.041562,0.046216,-0.092191,0.090871,-0.054603,-0.420390,-0.090244,0.684785,0.123877,-0.728652,-0.092349,0.045160,0.014001,-0.182618,-0.106093,0.370134
dns2tcp_tunnel_99911_doh9_2020-03-31t12_30_33.476647,0.000908,False,-0.091422,-0.570593,-0.005724,0.107748,-0.095491,0.170697,0.117522,-0.325443,-0.094906,0.178940,0.390067,0.071092,-0.085604,-0.414429,-0.107028,0.202994,-0.086605,0.048051,0.120368,0.223241,-0.109686,-0.657954,-0.188752,0.463804,-0.088390,0.207930,0.555420,0.238798,-0.081626,-0.449225,-0.042918,0.320808,-0.080319,-0.125026,0.041662,0.046116,-0.092291,0.090971,-0.054503,-0.420490,-0.090344,0.684885,0.123977,-0.728752,-0.092449,0.045060,0.013901,-0.182718,-0.106193,0.370234
dns2tcp_tunnel_99911_doh9_2020-03-31t12_53_14.017984,0.000907,False,-0.091522,-0.570693,-0.005624,0.107848,-0.095591,0.170797,0.117622,-0.325543,-0.095006,0.178840,0.390167,0.071192,-0.085704,-0.414329,-0.106928,0.202894,-0.086705,0.047951,0.120268,0.223141,-0.109786,-0.658054,-0.188652,0.463904,-0.088490,0.207830,0.555520,0.238898,-0.081726,-0.449325,-0.042818,0.320908,-0.080419,-0.124926,0.041762,0.046016,-0.092391,0.091071,-0.054403,-0.420590,-0.090444,0.684984,0.124077,-0.728852,-0.092549,0.044960,0.013801,-0.182818,-0.106293,0.370334
dns2tcp_tunnel_99911_doh9_2020-03-31t13_15_54.068348,0.000906,False,-0.091622,-0.570793,-0.005524,0.107948,-0.095691,0.170897,0.117722,-0.325643,-0.095106,0.178740,0.390267,0.071292,-0.085804,-0.414229,-0.106828,0.202794,-0.086805,0.047851,0.120168,0.223041,-0.109886,-0.658154,-0.188552,0.464004,-0.088590,0.207730,0.555620,0.238998,-0.081826,-0.449425,-0.042718,0.321008,-0.080519,-0.124826,0.041862,0.045916,-0.092491,0.091171,-0.054303,-0.420689,-0.090544,0.685084,0.124177,-0.728952,-0.092649,0.044860,0.013701,-0.182918,-0.106393,0.370434
dns2tcp_tunnel_99911_doh9_2020-03-31t13_38_33.085788,0.000906,False,-0.091722,-0.570893,-0.005424,0.108048,-0.095791,0.170997,0.117822,-0.325743,-0.095206,0.178640,0.390367,0.071392,-0.085904,-0.414129,-0.106728,0.202694,-0.086905,0.047751,0.120068,0.222941,-0.109986,-0.658254,-0.188452,0.464104,-0.088690,0.207630,0.555720,0.239098,-0.081926,-0.449525,-0.042618,0.321108,-0.080619,-0.124726,0.041962,0.045816,-0.092591,0.091271,-0.054203,-0.420789,-0.090644,0.685184,0.124277,-0.729052,-0.092749,0.044760,0.013601,-0.183018,-0.106493,0.370534
dns2tcp_tunnel_99911_doh9_2020-03-31t14_01_11.428570,0.000905,False,-0.091822,-0.570993,-0.005324,0.108148,-0.095891,0.171097,0.117922,-0.325843,-0.095306,0.178540,0.390467,0.071492,-0.086004,-0.414029,-0.106628,0.202594,-0.087005,0.047651,0.119968,0.222841,-0.110086,-0.658354,-0.188352,0.464204,-0.088790,0.207530,0.555820,0.239198,-0.082026,-0.449625,-0.042518,0.321208,-0.080719,-0.124626,0.042062,0.045716,-0.092691,0.091371,-0.054103,-0.420889,-0.090744,0.685283,0.124377,-0.729151,-0.092849,0.044660,0.013501,-0.183118,-0.106593,0.370634
dns2tcp_tunnel_99911_doh9_2020-03-31t14_23_50.434623,0.000904,False,-0.091922,-0.571093,-0.005224,0.108248,-0.095991,0.171197,0.118022,-0.325943,-0.095406,0.178440,0.390567,0.071592,-0.086104,-0.413929,-0.106528,0.202494,-0.087105,0.047551,0.119868,0.222741,-0.110186,-0.658454,-0.188252,0.464304,-0.088890,0.207430,0.555920,0.239298,-0.082126,-0.449725,-0.042418,0.321308,-0.080819,-0.124526,0.042162,0.045616,-0.092791,0.091471,-0.054003,-0.420989,-0.090844,0.685383,0.124477,-0.729251,-0.092949,0.044560,0.013401,-0.183218,-0.106693,0.370734
dns2tcp_tunnel_99911_doh9_2020-03-31t14_46_26.854622,0.000904,False,-0.092022,-0.571193,-0.005124,0.108348,-0.096091,0.171297,0.118122,-0.326043,-0.095506,0.178340,0.390667,0.071692,-0.086204,-0.413829,-0.106428,0.202394,-0.087205,0.047451,0.119768,0.222641,-0.110286,-0.658554,-0.188152,0.464404,-0.088990,0.207330,0.556020,0.239398,-0.082226,-0.449825,-0.042318,0.321408,-0.080919,-0.124426,0.042262,0.045516,-0.092891,0.091571,-0.053903,-0.421089,-0.090944,0.685483,0.124577,-0.729351,-0.093049,0.044460,0.013301,-0.183318,-0.106793,0.370834
dns2tcp_tunnel_99911_doh9_2020-03-31t15_09_05.277927,0.000903,False,-0.092122,-0.571293,-0.005024,0.108448,-0.096191,0.171397,0.118222,-0.326143,-0.095606,0.178240,0.390767,0.071792,-0.086304,-0.413729,-0.106328,0.202294,-0.087305,0.047351,0.119668,0.222541,-0.110386,-0.658654,-0.188052,0.464504,-0.089090,0.207230,0.556120,0.239498,-0.082326,-0.449925,-0.042218,0.321508,-0.081019,-0.124326,0.042362,0.045416,-0.092991,0.091671,-0.053803,-0.421189,-0.091044,0.685583,0.124677,-0.729451,-0.093149,0.044360,0.013201,-0.183418,-0.106893,0.370934
dns2tcp_tunnel_99911_doh9_2020-03-31t15_31_43.722635,0.000902,False,-0.092222,-0.571393,-0.004924,0.108548,-0.096291,0.171497,0.118322,-0.326243,-0.095706,0.178140,0.390867,0.071892,-0.086404,-0.413629,-0.106228,0.202194,-0.087405,0.047251,0.119568,0.222441,-0.110486,-0.658754,-0.187952,0.464604,-0.089190,0.207130,0.556220,0.239598,-0.082426,-0.450025,-0.042118,0.321608,-0.081119,-0.124226,0.042462,0.045316,-0.093091,0.091771,-0.053703,-0.421289,-0.091144,0.685682,0.124777,-0.729551,-0.093249,0.044260,0.013101,-0.183518,-0.106993,0.371034
dns2tcp_tunnel_99911_doh9_2020-03-31t15_54_16.900576,0.000901,False,-0.092322,-0.571493,-0.004824,0.108648,-0.096391,0.171597,0.118422,-0.326342,-0.095806,0.178040,0.390967,0.071992,-0.086504,-0.413529,-0.106128,0.202094,-0.087505,0.047151,0.119468,0.222341,-0.110586,-0.658854,-0.187852,0.464704,-0.089290,0.207030,0.556320,0.239698,-0.082526,-0.450125,-0.042018,0.321708,-0.081219,-0.124126,0.042562,0.045216,-0.093191,0.091871,-0.053603,-0.421389,-0.091244,0.685782,0.124877,-0.729651,-0.093349,0.044160,0.013001,-0.183618,-0.107093,0.371134
dns2tcp_tunnel_99911_doh9_2020-03-31t16_16_50.879366,0.000901,False,-0.092422,-0.571593,-0.004724,0.108748,-0.096491,0.171697,0.118522,-0.326442,-0.095906,0.177940,0.391067,0.072092,-0.086604,-0.413429,-0.106028,0.201994,-0.087605,0.047051,0.119368,0.222241,-0.110686,-0.658954,-0.187752,0.464804,-0.089390,0.206930,0.556420,0.239798,-0.082626,-0.450225,-0.041918,0.321808,-0.081319,-0.124026,0.042662,0.045116,-0.093291,0.091971,-0.053503,-0.421489,-0.091344,0.685882,0.124977,-0.729751,-0.093449,0.044060,0.012901,-0.183718,-0.107193,0.371234
dns2tcp_tunnel_99911_doh9_2020-03-31t16_39_23.873308,0.000900,False,-0.092522,-0.571693,-0.004624,0.108848,-0.096591,0.171797,0.118622,-0.326542,-0.096006,0.177840,0.391167,0.072192,-0.086704,-0.413329,-0.105928,0.201894,-0.087705,0.046951,0.119268,0.222141,-0.110786,-0.659054,-0.187652,0.464904,-0.089490,0.206830,0.556520,0.239898,-0.082726,-0.450325,-0.041818,0.321908,-0.081419,-0.123926,0.042762,0.045016,-0.093391,0.092071,-0.053403,-0.421589,-0.091444,0.685981,0.125077,-0.729851,-0.093549,0.043960,0.012801,-0.183818,-0.107293,0.371334
dns2tcp_tunnel_99911_doh9_2020-03-31t17_01_56.862907,0.000899,False,-0.092622,-0.571793,-0.004524,0.108948,-0.096691,0.171897,0.118722,-0.326642,-0.096106,0.177740,0.391267,0.072292,-0.086804,-0.413229,-0.105828,0.201794,-0.087805,0.046851,0.119168,0.222041,-0.110886,-0.659154,-0.187552,0.465004,-0.089590,0.206730,0.556620,0.239998,-0.082826,-0.450425,-0.041718,0.322008,-0.081519,-0.123826,0.042862,0.044916,-0.093491,0.092171,-0.053303,-0.421689,-0.091544,0.686081,0.125177,-0.729951,-0.093649,0.043860,0.012701,-0.183918,-0.107393,0.371433
dns2tcp_tunnel_99911_doh9_2020-03-31t17_24_29.830051,0.000898,False,-0.092722,-0.571893,-0.004424,0.109048,-0.096791,0.171997,0.118822,-0.326742,-0.096206,0.177640,0.391367,0.072392,-0.086904,-0.413129,-0.105728,0.201694,-0.087905,0.046751,0.119068,0.221941,-0.110986,-0.659254,-0.187452,0.465104,-0.089690,0.206630,0.556720,0.240098,-0.082926,-0.450525,-0.041618,0.322108,-0.081619,-0.123726,0.042962,0.044816,-0.093591,0.092271,-0.053203,-0.421789,-0.091644,0.686181,0.125277,-0.730051,-0.093749,0.043760,0.012601,-0.184018,-0.107493,0.371533
dns2tcp_tunnel_99911_doh9_2020-03-31t17_47_02.591551,0.000898,False,-0.092822,-0.571993,-0.004324,0.109148,-0.096891,0.172097,0.118922,-0.326842,-0.096306,0.177540,0.391467,0.072492,-0.087004,-0.413029,-0.105628,0.201594,-0.088005,0.046651,0.118968,0.221841,-0.111086,-0.659354,-0.187352,0.465204,-0.089790,0.206530,0.556821,0.240198,-0.083026,-0.450625,-0.041518,0.322208,-0.081719,-0.123626,0.043062,0.044716,-0.093691,0.092371,-0.053103,-0.421889,-0.091744,0.686280,0.125377,-0.730150,-0.093849,0.043660,0.012501,-0.184118,-0.107593,0.371633
dns2tcp_tunnel_99911_doh9_2020-03-31t18_09_33.365463,0.000897,False,-0.092922,-0.572093,-0.004224,0.109248,-0.096991,0.172197,0.119022,-0.326942,-0.096406,0.177440,0.391567,0.072592,-0.087104,-0.412929,-0.105528,0.201494,-0.088105,0.046551,0.118868,0.221741,-0.111186,-0.659454,-0.187252,0.465304,-0.089890,0.206430,0.556921,0.240298,-0.083126,-0.450725,-0.041418,0.322308,-0.081819,-0.123526,0.043162,0.044616,-0.093791,0.092470,-0.053003,-0.421989,-0.091844,0.686380,0.125477,-0.730250,-0.093949,0.043560,0.012401,-0.184218,-0.107693,0.371733
dns2tcp_tunnel_99911_doh9_2020-03-31t18_32_05.416372,0.000896,False,-0.093022,-0.572193,-0.004124,0.109348,-0.097091,0.172297,0.119122,-0.327042,-0.096506,0.177340,0.391667,0.072692,-0.087204,-0.412829,-0.105428,0.201394,-0.088205,0.046451,0.118768,0.221641,-0.111286,-0.659554,-0.187152,0.465404,-0.089990,0.206330,0.557021,0.240398,-0.083226,-0.450825,-0.041318,0.322408,-0.081919,-0.123426,0.043262,0.044516,-0.093891,0.092570,-0.052903,-0.422089,-0.091944,0.686480,0.125577,-0.730350,-0.094049,0.043460,0.012301,-0.184318,-0.107793,0.371833
dns2tcp_tunnel_99911_doh9_2020-03-31t18_54_35.932274,0.000896,False,-0.093122,-0.572293,-0.004024,0.109448,-0.097191,0.172397,0.119222,-0.327142,-0.096606,0.177240,0.391767,0.072792,-0.087304,-0.412729,-0.105328,0.201294,-0.088305,0.046351,0.118668,0.221541,-0.111386,-0.659654,-0.187052,0.465504,-0.090090,0.206230,0.557121,0.240498,-0.083326,-0.450925,-0.041218,0.322508,-0.082019,-0.123326,0.043362,0.044416,-0.093991,0.092670,-0.052803,-0.422189,-0.092044,0.686579,0.125677,-0.730450,-0.094149,0.043360,0.012201,-0.184418,-0.107893,0.371933
dns2tcp_tunnel_99911_doh9_2020-03-31t19_17_04.826488,0.000895,False,-0.093222,-0.572393,-0.003924,0.109548,-0.097291,0.172497,0.119322,-0.327242,-0.096706,0.177140,0.391867,0.072892,-0.087404,-0.412629,-0.105228,0.201194,-0.088405,0.046251,0.118568,0.221441,-0.111486,-0.659754,-0.186952,0.465604,-0.090190,0.206130,0.557221,0.240598,-0.083426,-0.451025,-0.041118,0.322608,-0.082119,-0.123226,0.043462,0.044316,-0.094091,0.092770,-0.052703,-0.422289,-0.092144,0.686679,0.125777,-0.730550,-0.094249,0.043260,0.012101,-0.184518,-0.107993,0.372033
dns2tcp_tunnel_99911_doh9_2020-03-31t19_39_33.959670,0.000894,False,-0.093322,-0.572493,-0.003824,0.109648,-0.097391,0.172597,0.119422,-0.327342,-0.096806,0.177040,0.391967,0.072992,-0.087504,-0.412529,-0.105128,0.201094,-0.088505,0.046151,0.118468,0.221341,-0.111586,-0.659854,-0.186852,0.465704,-0.090290,0.206030,0.557321,0.240698,-0.083526,-0.451125,-0.041018,0.322708,-0.082219,-0.123126,0.043562,0.044216,-0.094191,0.092870,-0.052603,-0.422389,-0.092244,0.686779,0.125877,-0.730650,-0.094349,0.043160,0.012001,-0.184618,-0.108093,0.372133
dns2tcp_tunnel_99911_doh9_2020-03-31t20_02_02.786537,0.000893,False,-0.093422,-0.572593,-0.003724,0.109748,-0.097491,0.172697,0.119522,-0.327442,-0.096906,0.176940,0.392067,0.073092,-0.087604,-0.412429,-0.105028,0.200994,-0.088605,0.046051,0.118368,0.221241,-0.111686,-0.659954,-0.186752,0.465804,-0.090390,0.205930,0.557421,0.240798,-0.083626,-0.451225,-0.040918,0.322808,-0.082319,-0.123026,0.043662,0.044116,-0.094291,0.092970,-0.052503,-0.422489,-0.092344,0.686878,0.125977,-0.730750,-0.094449,0.043060,0.011901,-0.184718,-0.108193,0.372233
dns2tcp_tunnel_99911_doh9_2020-03-31t20_24_31.666820,0.000893,False,-0.093522,-0.572693,-0.003624,0.109848,-0.097591,0.172797,0.119622,-0.327542,-0.097006,0.176840,0.392167,0.073192,-0.087704,-0.412329,-0.104928,0.200895,-0.088705,0.045951,0.118268,0.221141,-0.111786,-0.660054,-0.186652,0.465904,-0.090490,0.205830,0.557521,0.240898,-0.083726,-0.451325,-0.040818,0.322908,-0.082419,-0.122926,0.043762,0.044016,-0.094391,0.093070,-0.052403,-0.422589,-0.092444,0.686978,0.126077,-0.730850,-0.094549,0.042960,0.011801,-0.184818,-0.108293,0.372333
dns2tcp_tunnel_99911_doh9_2020-03-31t20_47_00.303308,0.000892,False,-0.093622,-0.572793,-0.003524,0.109948,-0.097691,0.172897,0.119722,-0.327642,-0.097106,0.176740,0.392267,0.073292,-0.087804,-0.412229,-0.104828,0.200795,-0.088805,0.045851,0.118168,0.221041,-0.111886,-0.660154,-0.186552,0.466004,-0.090590,0.205730,0.557621,0.240998,-0.083826,-0.451425,-0.040718,0.323008,-0.082519,-0.122826,0.043862,0.043916,-0.094491,0.093170,-0.052303,-0.422689,-0.092544,0.687078,0.126177,-0.730950,-0.094649,0.042860,0.011701,-0.184918,-0.108393,0.372433
dns2tcp_tunnel_99911_doh9_2020-03-31t21_09_29.630687,0.000891,False,-0.093722,-0.572893,-0.003424,0.110048,-0.097791,0.172997,0.119822,-0.327742,-0.097206,0.176640,0.392367,0.073392,-0.087904,-0.412129,-0.104728,0.200695,-0.088905,0.045751,0.118068,0.220941,-0.111986,-0.660254,-0.186452,0.466104,-0.090690,0.205630,0.557721,0.241098,-0.083926,-0.451525,-0.040618,0.323108,-0.082619,-0.122726,0.043962,0.043816,-0.094591,0.093270,-0.052203,-0.422789,-0.092644,0.687177,0.126277,-0.731050,-0.094749,0.042760,0.011601,-0.185018,-0.108493,0.372533
dns2tcp_tunnel_99911_doh9_2020-03-31t21_31_58.233935,0.000890,False,-0.093822,-0.572993,-0.003324,0.110148,-0.097891,0.173097,0.119922,-0.327842,-0.097306,0.176540,0.392467,0.073492,-0.088004,-0.412029,-0.104628,0.200595,-0.089005,0.045651,0.117968,0.220841,-0.112086,-0.660354,-0.186352,0.466204,-0.090790,0.205530,0.557821,0.241198,-0.084026,-0.451625,-0.040518,0.323208,-0.082719,-0.122626,0.044062,0.043716,-0.094691,0.093370,-0.052103,-0.422889,-0.092744,0.687277,0.126377,-0.731149,-0.094849,0.042660,0.011501,-0.185118,-0.108593,0.372633
dns2tcp_tunnel_dnsgoogle_doh1_2020-03-30t21_36_09.690883,0.000890,False,-0.093922,-0.573093,-0.003224,0.110248,-0.097991,0.173197,0.120022,-0.327942,-0.097406,0.176440,0.392567,0.073592,-0.088104,-0.411929,-0.104528,0.200495,-0.089105,0.045551,0.117868,0.220741,-0.112186,-0.660454,-0.186252,0.466303,-0.090890,0.205430,0.557921,0.241298,-0.084126,-0.451725,-0.040418,0.323308,-0.082819,-0.122526,0.044162,0.043616,-0.094791,0.093470,-0.052003,-0.422989,-0.092844,0.687376,0.126477,-0.731249,-0.094949,0.042560,0.011401,-0.185218,-0.108693,0.372733
dns2tcp_tunnel_dnsgoogle_doh1_2020-03-30t21_58_56.471447,0.000889,False,-0.094022,-0.573193,-0.003124,0.110348,-0.098091,0.173297,0.120122,-0.328042,-0.097506,0.176340,0.392667,0.073692,-0.088204,-0.411829,-0.104428,0.200395,-0.089205,0.045451,0.117768,0.220641,-0.112286,-0.660554,-0.186152,0.466403,-0.090990,0.205330,0.558021,0.241398,-0.084226,-0.451825,-0.040318,0.323408,-0.082919,-0.122426,0.044262,0.043516,-0.094891,0.093570,-0.051903,-0.423089,-0.092944,0.687476,0.126577,-0.731349,-0.095049,0.042460,0.011301,-0.185318,-0.108793,0.372833
dns2tcp_tunnel_dnsgoogle_doh1_2020-03-30t22_21_36.287132,0.000888,False,-0.094122,-0.573293,-0.003024,0.110448,-0.098191,0.173397,0.120222,-0.328142,-0.097606,0.176240,0.392767,0.073792,-0.088304,-0.411729,-0.104328,0.200295,-0.089305,0.045351,0.117668,0.220541,-0.112386,-0.660654,-0.186052,0.466503,-0.091090,0.205230,0.558121,0.241498,-0.084326,-0.451925,-0.040218,0.323508,-0.083019,-0.122326,0.044362,0.043416,-0.094991,0.093670,-0.051803,-0.423189,-0.093044,0.687576,0.126677,-0.731449,-0.095149,0.042360,0.011201,-0.185418,-0.108893,0.372933
dns2tcp_tunnel_dnsgoogle_doh1_2020-03-30t22_44_11.534265,0.000888,False,-0.094222,-0.573393,-0.002924,0.110548,-0.098291,0.173497,0.120322,-0.328242,-0.097706,0.176140,0.392867,0.073892,-0.088404,-0.411629,-0.104228,0.200195,-0.089405,0.045251,0.117568,0.220441,-0.112486,-0.660754,-0.185952,0.466603,-0.091190,0.205130,0.558221,0.241598,-0.084426,-0.452025,-0.040118,0.323608,-0.083119,-0.122226,0.044462,0.043316,-0.095091,0.093770,-0.051703,-0.423289,-0.093144,0.687675,0.126777,-0.731549,-0.095249,0.042260,0.011101,-0.185518,-0.108993,0.373033
dns2tcp_tunnel_dnsgoogle_doh1_2020-03-30t23_06_48.684617,0.000887,False,-0.094322,-0.573493,-0.002824,0.110648,-0.098391,0.173597,0.120422,-0.328342,-0.097806,0.176040,0.392967,0.073992,-0.088504,-0.411529,-0.104128,0.200095,-0.089505,0.045151,0.117468,0.220341,-0.112586,-0.660854,-0.185852,0.466703,-0.091290,0.205030,0.558321,0.241698,-0.084526,-0.452125,-0.040018,0.323708,-0.083219,-0.122126,0.044562,0.043216,-0.095191,0.093870,-0.051603,-0.423389,-0.093244,0.687775,0.126877,-0.731649,-0.095349,0.042160,0.011001,-0.185618,-0.109093,0.373133
dns2tcp_tunnel_dnsgoogle_doh1_2020-03-30t23_29_20.285021,0.000886,False,-0.094422,-0.573593,-0.002724,0.110748,-0.098491,0.173697,0.120522,-0.328442,-0.097906,0.175940,0.393067,0.074092,-0.088604,-0.411429,-0.104028,0.199995,-0.089605,0.045051,0.117368,0.220241,-0.112686,-0.660954,-0.185752,0.466803,-0.091390,0.204930,0.558421,0.241798,-0.084626,-0.452225,-0.039918,0.323808,-0.083319,-0.122026,0.044662,0.043116,-0.095291,0.093970,-0.051503,-0.423489,-0.093344,0.687874,0.126977,-0.731748,-0.095449,0.042060,0.010901,-0.185718,-0.109193,0.373233
dns2tcp_tunnel_dnsgoogle_doh1_2020-03-30t23_51_54.109441,0.000885,False,-0.094522,-0.573693,-0.002624,0.110848,-0.098591,0.173797,0.120622,-0.328542,-0.098006,0.175840,0.393167,0.074192,-0.088704,-0.411329,-0.103928,0.199895,-0.089705,0.044951,0.117268,0.220141,-0.112786,-0.661054,-0.185652,0.466903,-0.091490,0.204830,0.558521,0.241898,-0.084726,-0.452325,-0.039818,0.323908,-0.083419,-0.121926,0.044762,0.043016,-0.095391,0.094070,-0.051403,-0.423589,-0.093444,0.687974,0.127077,-0.731848,-0.095549,0.041960,0.010801,-0.185818,-0.109293,0.373333
dns2tcp_tunnel_dnsgoogle_doh1_2020-03-31t00_14_30.704252,0.000885,False,-0.094622,-0.573793,-0.002524,0.110948,-0.098691,0.173897,0.120722,-0.328642,-0.098106,0.175740,0.393267,0.074292,-0.088804,-0.411229,-0.103828,0.199795,-0.089805,0.044851,0.117168,0.220041,-0.112886,-0.661154,-0.185552,0.467003,-0.091590,0.204730,0.558621,0.241998,-0.084826,-0.452425,-0.039718,0.324008,-0.083519,-0.121826,0.044862,0.042916,-0.095491,0.094170,-0.051303,-0.423689,-0.093544,0.688073,0.127177,-0.731948,-0.095649,0.041860,0.010701,-0.185918,-0.109393,0.373433
dns2tcp_tunnel_dnsgoogle_doh1_2020-03-31t00_37_06.632933,0.000884,False,-0.094722,-0.573893,-0.002424,0.111048,-0.098791,0.173997,0.120822,-0.328742,-0.098206,0.175640,0.393367,0.074392,-0.088904,-0.411129,-0.103728,0.199695,-0.089905,0.044751,0.117068,0.219941,-0.112986,-0.661254,-0.185452,0.467103,-0.091690,0.204630,0.558721,0.242098,-0.084926,-0.452525,-0.039618,0.324108,-0.083619,-0.121726,0.044962,0.042816,-0.095591,0.094270,-0.051203,-0.423789,-0.093644,0.688173,0.127277,-0.732048,-0.095749,0.041760,0.010601,-0.186018,-0.109493,0.373533
dns2tcp_tunnel_dnsgoogle_doh1_2020-03-31t00_59_44.356060,0.000883,False,-0.094822,-0.573993,-0.002324,0.111148,-0.098891,0.174097,0.120922,-0.328842,-0.098306,0.175540,0.393467,0.074492,-0.089004,-0.411029,-0.103628,0.199595,-0.090005,0.044651,0.116967,0.219841,-0.113086,-0.661354,-0.185352,0.467203,-0.091790,0.204530,0.558821,0.242198,-0.085026,-0.452625,-0.039518,0.324208,-0.083719,-0.121626,0.045062,0.042716,-0.095691,0.094370,-0.051103,-0.423889,-0.093744,0.688272,0.127377,-0.732148,-0.095849,0.041660,0.010501,-0.186118,-0.109593,0.373633
dns2tcp_tunnel_dnsgoogle_doh1_2020-03-31t01_45_03.481825,0.000882,False,-0.094922,-0.574093,-0.002224,0.111248,-0.098991,0.174197,0.121022,-0.328942,-0.098406,0.175440,0.393567,0.074592,-0.089104,-0.410929,-0.103528,0.199495,-0.090105,0.044551,0.116867,0.219741,-0.113186,-0.661454,-0.185252,0.467303,-0.091890,0.204430,0.558921,0.242298,-0.085126,-0.452725,-0.039418,0.324308,-0.083819,-0.121526,0.045162,0.042616,-0.095791,0.094470,-0.051003,-0.423989,-0.093844,0.688372,0.127477,-0.732248,-0.095949,0.041560,0.010401,-0.186218,-0.109693,0.373733
dns2tcp_tunnel_dnsgoogle_doh1_2020-03-31t02_07_41.186710,0.000882,False,-0.095022,-0.574193,-0.002124,0.111348,-0.099091,0.174297,0.121122,-0.329042,-0.098506,0.175340,0.393667,0.074692,-0.089204,-0.410829,-0.103428,0.199395,-0.090205,0.044451,0.116767,0.219641,-0.113286,-0.661554,-0.185152,0.467403,-0.091990,0.204330,0.559021,0.242398,-0.085226,-0.452825,-0.039318,0.324408,-0.083919,-0.121426,0.045262,0.042516,-0.095891,0.094570,-0.050903,-0.424089,-0.093944,0.688471,0.127577,-0.732347,-0.096049,0.041460,0.010301,-0.186318,-0.109793,0.373832
dns2tcp_tunnel_dnsgoogle_doh1_2020-03-31t02_30_20.871673,0.000881,False,-0.095122,-0.574293,-0.002024,0.111448,-0.099191,0.174397,0.121222,-0.329142,-0.098606,0.175240,0.393767,0.074792,-0.089304,-0.410729,-0.103328,0.199295,-0.090305,0.044351,0.116667,0.219541,-0.113386,-0.661654,-0.185052,0.467503,-0.092090,0.204230,0.559121,0.242498,-0.085326,-0.452925,-0.039218,0.324508,-0.084019,-0.121326,0.045362,0.042416,-0.095991,0.094670,-0.050803,-0.424189,-0.094044,0.688571,0.127677,-0.732447,-0.096149,0.041360,0.010201,-0.186418,-0.109893,0.373932
dns2tcp_tunnel_dnsgoogle_doh1_2020-03-31t03_15_32.549029,0.000880,False,-0.095222,-0.574393,-0.001924,0.111548,-0.099291,0.174497,0.121322,-0.329242,-0.098706,0.175140,0.393867,0.074892,-0.089404,-0.410629,-0.103228,0.199195,-0.090405,0.044251,0.116567,0.219441,-0.113486,-0.661754,-0.184952,0.467603,-0.092190,0.204130,0.559221,0.242598,-0.085426,-0.453025,-0.039118,0.324608,-0.084119,-0.121226,0.045462,0.042316,-0.096091,0.094770,-0.050703,-0.424289,-0.094144,0.688670,0.127777,-0.732547,-0.096249,0.041260,0.010101,-0.186518,-0.109993,0.374032
dns2tcp_tunnel_dnsgoogle_doh1_2020-03-31t04_00_41.872403,0.000879,False,-0.095322,-0.574493,-0.001824,0.111648,-0.099391,0.174597,0.121422,-0.329342,-0.098806,0.175040,0.393967,0.074992,-0.089504,-0.410529,-0.103128,0.199095,-0.090505,0.044151,0.116467,0.219341,-0.113586,-0.661854,-0.184852,0.467703,-0.092290,0.204030,0.559321,0.242698,-0.085526,-0.453125,-0.039018,0.324708,-0.084219,-0.121126,0.045562,0.042216,-0.096191,0.094870,-0.050603,-0.424389,-0.094244,0.688770,0.127877,-0.732647,-0.096349,0.041160,0.010001,-0.186618,-0.110093,0.374132
dns2tcp_tunnel_dnsgoogle_doh1_2020-03-31t04_23_15.669898,0.000879,False,-0.095422,-0.574593,-0.001724,0.111748,-0.099491,0.174697,0.121522,-0.329442,-0.098906,0.174940,0.394067,0.075092,-0.089604,-0.410429,-0.103028,0.198995,-0.090605,0.044051,0.116367,0.219241,-0.113686,-0.661954,-0.184752,0.467803,-0.092390,0.203930,0.559421,0.242798,-0.085626,-0.453225,-0.038918,0.324808,-0.084319,-0.121026,0.045662,0.042116,-0.096291,0.094970,-0.050503,-0.424489,-0.094344,0.688869,0.127977,-0.732747,-0.096449,0.041060,0.009901,-0.186718,-0.110193,0.374232
dns2tcp_tunnel_dnsgoogle_doh1_2020-03-31t04_45_50.180619,0.000878,False,-0.095522,-0.574693,-0.001624,0.111848,-0.099591,0.174797,0.121622,-0.329542,-0.099006,0.174840,0.394167,0.075192,-0.089704,-0.410329,-0.102928,0.198895,-0.090705,0.043951,0.116268,0.219141,-0.113786,-0.662054,-0.184652,0.467903,-0.092490,0.203830,0.559521,0.242898,-0.085726,-0.453325,-0.038818,0.324908,-0.084419,-0.120926,0.045762,0.042016,-0.096391,0.095070,-0.050403,-0.424589,-0.094444,0.688969,0.128077,-0.732847,-0.096549,0.040960,0.009801,-0.186818,-0.110293,0.374332
dns2tcp_tunnel_dnsgoogle_doh1_2020-03-31t05_31_04.753509,0.000877,False,-0.095622,-0.574793,-0.001524,0.111948,-0.099691,0.174897,0.121722,-0.329642,-0.099106,0.174740,0.394267,0.075292,-0.089804,-0.410229,-0.102828,0.198795,-0.090805,0.043851,0.116168,0.219041,-0.113886,-0.662154,-0.184552,0.468003,-0.092590,0.203730,0.559621,0.242998,-0.085826,-0.453425,-0.038718,0.325008,-0.084519,-0.120826,0.045862,0.041916,-0.096491,0.095170,-0.050303,-0.424689,-0.094544,0.689068,0.128177,-0.732947,-0.096649,0.040860,0.009701,-0.186918,-0.110393,0.374432
dns2tcp_tunnel_dnsgoogle_doh1_2020-03-31t05_53_43.910604,0.000876,False,-0.095722,-0.574893,-0.001424,0.112048,-0.099791,0.174997,0.121822,-0.329742,-0.099206,0.174640,0.394367,0.075392,-0.089904,-0.410129,-0.102728,0.198695,-0.090905,0.043751,0.116068,0.218941,-0.113986,-0.662254,-0.184452,0.468103,-0.092690,0.203630,0.559721,0.243098,-0.085926,-0.453525,-0.038618,0.325108,-0.084619,-0.120726,0.045962,0.041816,-0.096591,0.095270,-0.050203,-0.424789,-0.094644,0.689168,0.128277,-0.733046,-0.096749,0.040760,0.009601,-0.187018,-0.110493,0.374532
dns2tcp_tunnel_dnsgoogle_doh1_2020-03-31t08_09_32.659893,0.000876,False,-0.095822,-0.574993,-0.001324,0.112148,-0.099891,0.175097,0.121922,-0.329842,-0.099306,0.174540,0.394467,0.075492,-0.090004,-0.410029,-0.102628,0.198595,-0.091005,0.043651,0.115968,0.218841,-0.114086,-0.662354,-0.184352,0.468203,-0.092790,0.203530,0.559821,0.243198,-0.086026,-0.453625,-0.038518,0.325208,-0.084719,-0.120626,0.046062,0.041716,-0.096691,0.095370,-0.050103,-0.424889,-0.094744,0.689267,0.128377,-0.733146,-0.096849,0.040660,0.009501,-0.187118,-0.110593,0.374632
dns2tcp_tunnel_dnsgoogle_doh1_2020-03-31t08_32_10.263570,0.000875,False,-0.095922,-0.575093,-0.001224,0.112248,-0.099991,0.175197,0.122022,-0.329942,-0.099406,0.174440,0.394567,0.075592,-0.090104,-0.409929,-0.102528,0.198495,-0.091105,0.043551,0.115868,0.218741,-0.114186,-0.662454,-0.184252,0.468303,-0.092890,0.203430,0.559921,0.243298,-0.086126,-0.453725,-0.038418,0.325308,-0.084819,-0.120526,0.046162,0.041616,-0.096791,0.095470,-0.050003,-0.424989,-0.094844,0.689367,0.128477,-0.733246,-0.096949,0.040560,0.009401,-0.187218,-0.110693,0.374732
dns2tcp_tunnel_dnsgoogle_doh1_2020-03-31t08_54_46.842786,0.000874,False,-0.096022,-0.575193,-0.001124,0.112348,-0.100091,0.175297,0.122122,-0.330042,-0.099506,0.174340,0.394667,0.075692,-0.090204,-0.409829,-0.102428,0.198395,-0.091205,0.043451,0.115768,0.218641,-0.114286,-0.662554,-0.184152,0.468403,-0.092990,0.203330,0.560021,0.243398,-0.086226,-0.453825,-0.038318,0.325408,-0.084919,-0.120426,0.046262,0.041516,-0.096891,0.095570,-0.049903,-0.425089,-0.094944,0.689466,0.128577,-0.733346,-0.097049,0.040460,0.009301,-0.187318,-0.110793,0.374832
dns2tcp_tunnel_dnsgoogle_doh1_2020-03-31t09_17_26.825207,0.000873,False,-0.096122,-0.575293,-0.001024,0.112448,-0.100191,0.175397,0.122222,-0.330142,-0.099606,0.174240,0.394767,0.075792,-0.090304,-0.409730,-0.102328,0.198295,-0.091305,0.043351,0.115668,0.218541,-0.114386,-0.662654,-0.184052,0.468503,-0.093090,0.203230,0.560121,0.243498,-0.086326,-0.453925,-0.038218,0.325508,-0.085019,-0.120326,0.046362,0.041416,-0.096991,0.095670,-0.049803,-0.425189,-0.095044,0.689565,0.128677,-0.733446,-0.097149,0.040360,0.009201,-0.187418,-0.110893,0.374932
dns2tcp_tunnel_dnsgoogle_doh1_2020-03-31t09_40_07.127341,0.000873,False,-0.096222,-0.575393,-0.000924,0.112548,-0.100291,0.175497,0.122322,-0.330242,-0.099706,0.174140,0.394866,0.075892,-0.090404,-0.409630,-0.102228,0.198195,-0.091405,0.043251,0.115568,0.218441,-0.114486,-0.662754,-0.183952,0.468603,-0.093190,0.203130,0.560221,0.243598,-0.086426,-0.454025,-0.038118,0.325608,-0.085119,-0.120226,0.046462,0.041316,-0.097091,0.095770,-0.049703,-0.425289,-0.095144,0.689665,0.128777,-0.733545,-0.097249,0.040260,0.009101,-0.187518,-0.110993,0.375032
dns2tcp_tunnel_dnsgoogle_doh1_2020-03-31t10_02_53.782582,0.000872,False,-0.096322,-0.575493,-0.000824,0.112648,-0.100391,0.175597,0.122422,-0.330342,-0.099806,0.174040,0.394966,0.075992,-0.090504,-0.409530,-0.102128,0.198095,-0.091505,0.043152,0.115468,0.218341,-0.114586,-0.662854,-0.183852,0.468703,-0.093290,0.203030,0.560321,0.243698,-0.086526,-0.454125,-0.038018,0.325708,-0.085219,-0.120126,0.046562,0.041216,-0.097191,0.095870,-0.049603,-0.425389,-0.095244,0.689764,0.128877,-0.733645,-0.097349,0.040160,0.009001,-0.187618,-0.111093,0.375132
dns2tcp_tunnel_dnsgoogle_doh1_2020-03-31t10_25_38.335574,0.000871,False,-0.096422,-0.575593,-0.000724,0.112748,-0.100491,0.175697,0.122522,-0.330442,-0.099906,0.173940,0.395066,0.076092,-0.090604,-0.409430,-0.102028,0.197995,-0.091605,0.043052,0.115368,0.218241,-0.114686,-0.662954,-0.183752,0.468803,-0.093390,0.202930,0.560421,0.243798,-0.086626,-0.454225,-0.037918,0.325808,-0.085319,-0.120026,0.046662,0.041116,-0.097291,0.095970,-0.049503,-0.425489,-0.095344,0.689864,0.128977,-0.733745,-0.097449,0.040060,0.008901,-0.187718,-0.111193,0.375232
dns2tcp_tunnel_dnsgoogle_doh1_2020-03-31t10_48_20.931152,0.000871,False,-0.096522,-0.575693,-0.000624,0.112848,-0.100591,0.175797,0.122622,-0.330542,-0.100006,0.173840,0.395166,0.076192,-0.090704,-0.409330,-0.101928,0.197895,-0.091705,0.042952,0.115268,0.218141,-0.114786,-0.663054,-0.183652,0.468903,-0.093490,0.202830,0.560521,0.243898,-0.086726,-0.454325,-0.037818,0.325908,-0.085419,-0.119926,0.046762,0.041016,-0.097391,0.096070,-0.049403,-0.425589,-0.095444,0.689963,0.129077,-0.733845,-0.097549,0.039960,0.008801,-0.187818,-0.111293,0.375332
dns2tcp_tunnel_dnsgoogle_doh1_2020-03-31t11_11_05.964976,0.000870,False,-0.096622,-0.575794,-0.000524,0.112948,-0.100691,0.175897,0.122722,-0.330642,-0.100106,0.173740,0.395266,0.076292,-0.090804,-0.409230,-0.101828,0.197795,-0.091805,0.042852,0.115168,0.218041,-0.114886,-0.663154,-0.183552,0.469003,-0.093590,0.202730,0.560621,0.243998,-0.086826,-0.454425,-0.037718,0.326008,-0.085519,-0.119826,0.046862,0.040916,-0.097491,0.096170,-0.049303,-0.425689,-0.095544,0.690062,0.129177,-0.733944,-0.097649,0.039860,0.008701,-0.187918,-0.111393,0.375432
dns2tcp_tunnel_dnsgoogle_doh1_2020-03-31t11_56_25.853278,0.000869,False,-0.096722,-0.575894,-0.000424,0.113048,-0.100791,0.175997,0.122822,-0.330742,-0.100206,0.173640,0.395366,0.076392,-0.090904,-0.409130,-0.101728,0.197695,-0.091905,0.042752,0.115068,0.217941,-0.114986,-0.663254,-0.183452,0.469103,-0.093690,0.202630,0.560721,0.244098,-0.086926,-0.454525,-0.037618,0.326108,-0.085619,-0.119726,0.046962,0.040816,-0.097591,0.096270,-0.049203,-0.425789,-0.095644,0.690162,0.129277,-0.734044,-0.097749,0.039760,0.008601,-0.188018,-0.111493,0.375532
dns2tcp_tunnel_dnsgoogle_doh1_2020-03-31t13_27_06.939265,0.000868,False,-0.096822,-0.575994,-0.000324,0.113148,-0.100891,0.176097,0.122922,-0.330842,-0.100306,0.173540,0.395466,0.076492,-0.091004,-0.409030,-0.101628,0.197595,-0.092005,0.042652,0.114968,0.217841,-0.115086,-0.663354,-0.183352,0.469203,-0.093790,0.202530,0.560821,0.244198,-0.087026,-0.454625,-0.037518,0.326208,-0.085719,-0.119626,0.047062,0.040716,-0.097691,0.096370,-0.049103,-0.425889,-0.095744,0.690261,0.129377,-0.734144,-0.097849,0.039660,0.008501,-0.188118,-0.111593,0.375632
dns2tcp_tunnel_dnsgoogle_doh1_2020-03-31t14_12_26.027109,0.000868,False,-0.096922,-0.576094,-0.000224,0.113248,-0.100991,0.176197,0.123022,-0.330942,-0.100406,0.173440,0.395566,0.076592,-0.091104,-0.408930,-0.101528,0.197495,-0.092105,0.042552,0.114868,0.217741,-0.115186,-0.663454,-0.183252,0.469303,-0.093890,0.202430,0.560921,0.244298,-0.087126,-0.454725,-0.037418,0.326308,-0.085819,-0.119526,0.047162,0.040616,-0.097791,0.096470,-0.049003,-0.425989,-0.095844,0.690360,0.129477,-0.734244,-0.097949,0.039560,0.008401,-0.188218,-0.111693,0.375731
dns2tcp_tunnel_dnsgoogle_doh1_2020-03-31t14_57_39.274643,0.000867,False,-0.097022,-0.576194,-0.000124,0.113348,-0.101091,0.176297,0.123122,-0.331042,-0.100506,0.173340,0.395666,0.076692,-0.091204,-0.408830,-0.101428,0.197395,-0.092205,0.042452,0.114768,0.217641,-0.115286,-0.663554,-0.183152,0.469403,-0.093990,0.202330,0.561021,0.244398,-0.087226,-0.454825,-0.037318,0.326408,-0.085919,-0.119426,0.047262,0.040516,-0.097891,0.096570,-0.048903,-0.426089,-0.095944,0.690460,0.129577,-0.734344,-0.098049,0.039460,0.008301,-0.188318,-0.111793,0.375831
dns2tcp_tunnel_dnsgoogle_doh1_2020-03-31t16_28_02.705170,0.000866,False,-0.097122,-0.576293,-0.000024,0.113448,-0.101191,0.176397,0.123222,-0.331142,-0.100606,0.173240,0.395766,0.076792,-0.091304,-0.408730,-0.101328,0.197295,-0.092305,0.042352,0.114668,0.217541,-0.115386,-0.663654,-0.183052,0.469503,-0.094090,0.202230,0.561121,0.244498,-0.087326,-0.454925,-0.037218,0.326508,-0.086019,-0.119326,0.047362,0.040416,-0.097991,0.096670,-0.048803,-0.426189,-0.096044,0.690559,0.129677,-0.734443,-0.098149,0.039360,0.008201,-0.188418,-0.111893,0.375931
dns2tcp_tunnel_dnsgoogle_doh1_2020-03-31t16_50_35.746837,0.000865,False,-0.097222,-0.576393,0.000076,0.113548,-0.101291,0.176496,0.123322,-0.331242,-0.100706,0.173140,0.395866,0.076892,-0.091404,-0.408630,-0.101228,0.197195,-0.092405,0.042252,0.114568,0.217441,-0.115486,-0.663754,-0.182952,0.469603,-0.094190,0.202130,0.561221,0.244598,-0.087426,-0.455025,-0.037118,0.326608,-0.086119,-0.119226,0.047462,0.040316,-0.098091,0.096770,-0.048703,-0.426289,-0.096144,0.690658,0.129777,-0.734543,-0.098249,0.039260,0.008101,-0.188518,-0.111993,0.376031
dns2tcp_tunnel_dnsgoogle_doh1_2020-03-31t18_43_17.851915,0.000865,False,-0.097322,-0.576493,0.000176,0.113648,-0.101391,0.176596,0.123422,-0.331342,-0.100806,0.173040,0.395966,0.076992,-0.091504,-0.408530,-0.101128,0.197095,-0.092505,0.042152,0.114468,0.217341,-0.115586,-0.663854,-0.182852,0.469703,-0.094290,0.202030,0.561321,0.244698,-0.087526,-0.455125,-0.037018,0.326708,-0.086219,-0.119126,0.047562,0.040216,-0.098191,0.096870,-0.048603,-0.426389,-0.096244,0.690757,0.129877,-0.734643,-0.098349,0.039160,0.008001,-0.188618,-0.112093,0.376131
dns2tcp_tunnel_dnsgoogle_doh1_2020-03-31t19_05_47.316030,0.000864,False,-0.097422,-0.576593,0.000276,0.113748,-0.101491,0.176696,0.123522,-0.331442,-0.100906,0.172940,0.396066,0.077092,-0.091604,-0.408430,-0.101028,0.196995,-0.092605,0.042052,0.114368,0.217241,-0.115686,-0.663954,-0.182752,0.469803,-0.094390,0.201930,0.561421,0.244798,-0.087626,-0.455225,-0.036918,0.326808,-0.086319,-0.119026,0.047662,0.040116,-0.098291,0.096970,-0.048503,-0.426489,-0.096344,0.690857,0.129977,-0.734743,-0.098449,0.039060,0.007901,-0.188718,-0.112193,0.376231
dns2tcp_tunnel_dnsgoogle_doh1_2020-03-31t19_28_16.646149,0.000863,False,-0.097522,-0.576693,0.000376,0.113848,-0.101591,0.176796,0.123622,-0.331542,-0.101006,0.172840,0.396166,0.077192,-0.091704,-0.408330,-0.100928,0.196895,-0.092705,0.041952,0.114268,0.217141,-0.115786,-0.664054,-0.182652,0.469903,-0.094490,0.201830,0.561521,0.244898,-0.087726,-0.455325,-0.036818,0.326908,-0.086419,-0.118926,0.047762,0.040016,-0.098391,0.097070,-0.048403,-0.426589,-0.096444,0.690956,0.130077,-0.734842,-0.098549,0.038960,0.007802,-0.188818,-0.112293,0.376331
dns2tcp_tunnel_dnsgoogle_doh2_2020-03-30t21_36_11.567490,0.000862,False,-0.097622,-0.576793,0.000476,0.113948,-0.101691,0.176896,0.123722,-0.331642,-0.101106,0.172740,0.396266,0.077292,-0.091804,-0.408230,-0.100828,0.196795,-0.092805,0.041852,0.114168,0.217041,-0.115886,-0.664154,-0.182552,0.470003,-0.094590,0.201730,0.561621,0.244998,-0.087826,-0.455425,-0.036718,0.327008,-0.086519,-0.118826,0.047862,0.039916,-0.098491,0.097170,-0.048303,-0.426689,-0.096544,0.691055,0.130177,-0.734942,-0.098649,0.038860,0.007702,-0.188918,-0.112393,0.376431
dns2tcp_tunnel_dnsgoogle_doh2_2020-03-30t22_21_37.778622,0.000862,False,-0.097722,-0.576893,0.000576,0.114048,-0.101791,0.176996,0.123822,-0.331742,-0.101206,0.172640,0.396366,0.077392,-0.091904,-0.408130,-0.100728,0.196695,-0.092905,0.041752,0.114068,0.216941,-0.115986,-0.664254,-0.182452,0.470103,-0.094690,0.201630,0.561721,0.245098,-0.087926,-0.455525,-0.036618,0.327108,-0.086619,-0.118726,0.047962,0.039816,-0.098591,0.097270,-0.048203,-0.426789,-0.096644,0.691154,0.130277,-0.735042,-0.098749,0.038760,0.007602,-0.189018,-0.112493,0.376531
dns2tcp_tunnel_dnsgoogle_doh2_2020-03-30t22_44_12.678225,0.000861,False,-0.097822,-0.576993,0.000676,0.114148,-0.101891,0.177096,0.123922,-0.331842,-0.101306,0.172540,0.396466,0.077492,-0.092004,-0.408030,-0.100628,0.196595,-0.093005,0.041652,0.113968,0.216841,-0.116086,-0.664354,-0.182352,0.470203,-0.094790,0.201530,0.561821,0.245198,-0.088026,-0.455624,-0.036518,0.327208,-0.086719,-0.118626,0.048062,0.039716,-0.098691,0.097370,-0.048103,-0.426889,-0.096744,0.691254,0.130377,-0.735142,-0.098849,0.038660,0.007502,-0.189118,-0.112593,0.376631
dns2tcp_tunnel_dnsgoogle_doh2_2020-03-30t23_06_49.893700,0.000860,False,-0.097922,-0.577093,0.000776,0.114248,-0.101991,0.177196,0.124022,-0.331942,-0.101406,0.172440,0.396566,0.077592,-0.092104,-0.407930,-0.100528,0.196495,-0.093105,0.041552,0.113868,0.216741,-0.116186,-0.664454,-0.182252,0.470303,-0.094890,0.201430,0.561921,0.245298,-0.088126,-0.455724,-0.036418,0.327308,-0.086819,-0.118526,0.048162,0.039616,-0.098791,0.097470,-0.048003,-0.426989,-0.096844,0.691353,0.130477,-0.735241,-0.098949,0.038560,0.007402,-0.189218,-0.112693,0.376731
dns2tcp_tunnel_dnsgoogle_doh2_2020-03-30t23_29_21.351185,0.000859,False,-0.098022,-0.577193,0.000876,0.114348,-0.102091,0.177296,0.124122,-0.332042,-0.101506,0.172340,0.396666,0.077692,-0.092204,-0.407830,-0.100428,0.196395,-0.093205,0.041452,0.113768,0.216641,-0.116286,-0.664554,-0.182152,0.470403,-0.094990,0.201330,0.562021,0.245398,-0.088226,-0.455824,-0.036318,0.327408,-0.086919,-0.118426,0.048262,0.039516,-0.098891,0.097570,-0.047903,-0.427089,-0.096944,0.691452,0.130577,-0.735341,-0.099049,0.038460,0.007302,-0.189318,-0.112793,0.376831
dns2tcp_tunnel_dnsgoogle_doh2_2020-03-30t23_51_55.063314,0.000859,False,-0.098122,-0.577293,0.000976,0.114448,-0.102191,0.177396,0.124222,-0.332142,-0.101606,0.172240,0.396766,0.077792,-0.092304,-0.407730,-0.100328,0.196295,-0.093305,0.041352,0.113668,0.216541,-0.116386,-0.664654,-0.182052,0.470503,-0.095090,0.201230,0.562121,0.245498,-0.088326,-0.455924,-0.036218,0.327507,-0.087019,-0.118326,0.048362,0.039416,-0.098991,0.097670,-0.047803,-0.427189,-0.097044,0.691551,0.130677,-0.735441,-0.099149,0.038360,0.007202,-0.189418,-0.112893,0.376931
dns2tcp_tunnel_dnsgoogle_doh2_2020-03-31t00_14_31.516711,0.000858,False,-0.098222,-0.577393,0.001076,0.114548,-0.102291,0.177496,0.124322,-0.332242,-0.101706,0.172140,0.396866,0.077892,-0.092404,-0.407630,-0.100228,0.196195,-0.093405,0.041252,0.113568,0.216441,-0.116486,-0.664754,-0.181952,0.470603,-0.095190,0.201130,0.562221,0.245598,-0.088426,-0.456024,-0.036118,0.327607,-0.087119,-0.118227,0.048462,0.039316,-0.099091,0.097770,-0.047703,-0.427289,-0.097144,0.691650,0.130777,-0.735540,-0.099249,0.038260,0.007102,-0.189518,-0.112993,0.377030
dns2tcp_tunnel_dnsgoogle_doh2_2020-03-31t00_37_07.573623,0.000857,False,-0.098322,-0.577493,0.001176,0.114648,-0.102391,0.177596,0.124422,-0.332342,-0.101806,0.172040,0.396966,0.077992,-0.092504,-0.407530,-0.100128,0.196095,-0.093505,0.041152,0.113468,0.216341,-0.116586,-0.664854,-0.181852,0.470703,-0.095290,0.201030,0.562321,0.245698,-0.088526,-0.456124,-0.036018,0.327707,-0.087219,-0.118127,0.048562,0.039216,-0.099191,0.097870,-0.047603,-0.427389,-0.097244,0.691749,0.130877,-0.735640,-0.099349,0.038160,0.007002,-0.189618,-0.113093,0.377130
dns2tcp_tunnel_dnsgoogle_doh2_2020-03-31t03_15_33.687397,0.000856,False,-0.098422,-0.577593,0.001276,0.114748,-0.102491,0.177696,0.124522,-0.332442,-0.101906,0.171940,0.397066,0.078092,-0.092604,-0.407431,-0.100028,0.195995,-0.093605,0.041052,0.113368,0.216241,-0.116686,-0.664954,-0.181752,0.470803,-0.095390,0.200930,0.562421,0.245798,-0.088626,-0.456224,-0.035918,0.327807,-0.087319,-0.118027,0.048662,0.039116,-0.099291,0.097970,-0.047503,-0.427489,-0.097344,0.691848,0.130977,-0.735740,-0.099449,0.038060,0.006902,-0.189718,-0.113193,0.377230
dns2tcp_tunnel_dnsgoogle_doh2_2020-03-31t05_53_44.753217,0.000856,False,-0.098522,-0.577693,0.001376,0.114848,-0.102591,0.177796,0.124622,-0.332542,-0.102006,0.171840,0.397166,0.078192,-0.092704,-0.407331,-0.099928,0.195895,-0.093705,0.040952,0.113268,0.216141,-0.116786,-0.665053,-0.181652,0.470903,-0.095490,0.200830,0.562521,0.245898,-0.088726,-0.456324,-0.035818,0.327907,-0.087419,-0.117927,0.048762,0.039016,-0.099391,0.098070,-0.047403,-0.427589,-0.097444,0.691948,0.131077,-0.735840,-0.099549,0.037960,0.006802,-0.189818,-0.113293,0.377330
dns2tcp_tunnel_dnsgoogle_doh2_2020-03-31t06_39_07.092262,0.000855,False,-0.098622,-0.577793,0.001476,0.114948,-0.102691,0.177896,0.124722,-0.332642,-0.102106,0.171740,0.397266,0.078292,-0.092804,-0.407231,-0.099828,0.195795,-0.093805,0.040852,0.113168,0.216041,-0.116886,-0.665153,-0.181552,0.471003,-0.095590,0.200730,0.562621,0.245998,-0.088826,-0.456424,-0.035718,0.328007,-0.087519,-0.117827,0.048862,0.038916,-0.099491,0.098170,-0.047303,-0.427689,-0.097544,0.692047,0.131177,-0.735939,-0.099649,0.037860,0.006702,-0.189918,-0.113393,0.377430
dns2tcp_tunnel_dnsgoogle_doh2_2020-03-31t07_47_01.217282,0.000854,False,-0.098722,-0.577893,0.001576,0.115048,-0.102791,0.177996,0.124822,-0.332742,-0.102206,0.171640,0.397366,0.078392,-0.092904,-0.407131,-0.099728,0.195695,-0.093905,0.040752,0.113068,0.215941,-0.116986,-0.665253,-0.181452,0.471103,-0.095690,0.200630,0.562721,0.246098,-0.088926,-0.456524,-0.035618,0.328107,-0.087619,-0.117727,0.048962,0.038816,-0.099591,0.098269,-0.047203,-0.427789,-0.097644,0.692146,0.131278,-0.736039,-0.099749,0.037760,0.006602,-0.190018,-0.113493,0.377530
dns2tcp_tunnel_dnsgoogle_doh2_2020-03-31t08_09_33.662101,0.000853,False,-0.098822,-0.577993,0.001676,0.115148,-0.102891,0.178096,0.124922,-0.332842,-0.102306,0.171540,0.397466,0.078492,-0.093004,-0.407031,-0.099628,0.195595,-0.094005,0.040652,0.112968,0.215841,-0.117086,-0.665353,-0.181352,0.471203,-0.095790,0.200530,0.562822,0.246198,-0.089026,-0.456624,-0.035518,0.328207,-0.087719,-0.117627,0.049062,0.038716,-0.099690,0.098369,-0.047103,-0.427889,-0.097744,0.692245,0.131378,-0.736139,-0.099849,0.037660,0.006502,-0.190118,-0.113593,0.377630
dns2tcp_tunnel_dnsgoogle_doh2_2020-03-31t10_25_39.920552,0.000852,False,-0.098922,-0.578093,0.001776,0.115248,-0.102991,0.178196,0.125022,-0.332942,-0.102406,0.171440,0.397566,0.078592,-0.093104,-0.406931,-0.099528,0.195495,-0.094105,0.040552,0.112868,0.215741,-0.117186,-0.665453,-0.181252,0.471303,-0.095890,0.200430,0.562922,0.246298,-0.089126,-0.456724,-0.035418,0.328307,-0.087819,-0.117527,0.049162,0.038616,-0.099790,0.098469,-0.047003,-0.427989,-0.097844,0.692344,0.131478,-0.736238,-0.099949,0.037560,0.006402,-0.190218,-0.113693,0.377730
dns2tcp_tunnel_dnsgoogle_doh2_2020-03-31t11_56_27.006518,0.000852,False,-0.099022,-0.578193,0.001876,0.115348,-0.103091,0.178296,0.125122,-0.333042,-0.102506,0.171340,0.397666,0.078692,-0.093204,-0.406831,-0.099428,0.195395,-0.094205,0.040452,0.112768,0.215641,-0.117286,-0.665553,-0.181152,0.471403,-0.095990,0.200330,0.563022,0.246398,-0.089226,-0.456824,-0.035318,0.328407,-0.087919,-0.117427,0.049262,0.038516,-0.099890,0.098569,-0.046903,-0.428089,-0.097944,0.692443,0.131578,-0.736338,-0.100049,0.037460,0.006302,-0.190318,-0.113793,0.377830
dns2tcp_tunnel_dnsgoogle_doh2_2020-03-31t12_19_06.749563,0.000851,False,-0.099122,-0.578293,0.001976,0.115448,-0.103191,0.178396,0.125222,-0.333142,-0.102606,0.171240,0.397766,0.078792,-0.093304,-0.406731,-0.099328,0.195295,-0.094305,0.040352,0.112668,0.215541,-0.117386,-0.665653,-0.181052,0.471503,-0.096090,0.200230,0.563122,0.246498,-0.089326,-0.456924,-0.035218,0.328507,-0.088019,-0.117327,0.049362,0.038416,-0.099990,0.098669,-0.046803,-0.428189,-0.098044,0.692542,0.131678,-0.736438,-0.100149,0.037360,0.006202,-0.190418,-0.113893,0.377930
dns2tcp_tunnel_dnsgoogle_doh2_2020-03-31t15_20_21.493950,0.000850,False,-0.099222,-0.578393,0.002076,0.115548,-0.103291,0.178496,0.125322,-0.333242,-0.102706,0.171140,0.397866,0.078892,-0.093404,-0.406631,-0.099228,0.195195,-0.094405,0.040252,0.112568,0.215441,-0.117486,-0.665753,-0.180952,0.471603,-0.096190,0.200130,0.563222,0.246598,-0.089426,-0.457024,-0.035118,0.328607,-0.088119,-0.117227,0.049462,0.038316,-0.100090,0.098769,-0.046703,-0.428288,-0.098144,0.692641,0.131778,-0.736537,-0.100249,0.037260,0.006102,-0.190518,-0.113993,0.378030
dns2tcp_tunnel_dnsgoogle_doh2_2020-03-31t16_28_04.338973,0.000849,False,-0.099322,-0.578493,0.002176,0.115648,-0.103391,0.178596,0.125422,-0.333342,-0.102806,0.171040,0.397966,0.078992,-0.093504,-0.406531,-0.099128,0.195095,-0.094505,0.040152,0.112468,0.215341,-0.117586,-0.665853,-0.180852,0.471703,-0.096290,0.200030,0.563322,0.246698,-0.089526,-0.457124,-0.035018,0.328707,-0.088219,-0.117127,0.049562,0.038216,-0.100190,0.098869,-0.046603,-0.428388,-0.098244,0.692740,0.131878,-0.736637,-0.100349,0.037160,0.006002,-0.190618,-0.114093,0.378130
dns2tcp_tunnel_dnsgoogle_doh2_2020-03-31t17_58_15.145156,0.000849,False,-0.099422,-0.578592,0.002276,0.115748,-0.103491,0.178696,0.125522,-0.333442,-0.102906,0.170940,0.398066,0.079092,-0.093604,-0.406431,-0.099028,0.194995,-0.094605,0.040052,0.112368,0.215241,-0.117686,-0.665953,-0.180752,0.471803,-0.096390,0.199930,0.563422,0.246798,-0.089626,-0.457224,-0.034918,0.328807,-0.088319,-0.117027,0.049662,0.038116,-0.100290,0.098969,-0.046503,-0.428488,-0.098344,0.692839,0.131978,-0.736737,-0.100449,0.037060,0.005902,-0.190718,-0.114193,0.378229
dns2tcp_tunnel_dnsgoogle_doh2_2020-03-31t18_20_46.141326,0.000848,False,-0.099522,-0.578692,0.002376,0.115848,-0.103591,0.178796,0.125622,-0.333542,-0.103006,0.170840,0.398166,0.079192,-0.093704,-0.406331,-0.098928,0.194895,-0.094705,0.039952,0.112268,0.215141,-0.117786,-0.666053,-0.180652,0.471903,-0.096490,0.199830,0.563522,0.246898,-0.089726,-0.457324,-0.034818,0.328907,-0.088419,-0.116927,0.049762,0.038016,-0.100390,0.099069,-0.046403,-0.428588,-0.098444,0.692938,0.132078,-0.736836,-0.100549,0.036960,0.005802,-0.190818,-0.114293,0.378329
dns2tcp_tunnel_dnsgoogle_doh2_2020-03-31t19_05_48.137201,0.000847,False,-0.099622,-0.578792,0.002476,0.115948,-0.103691,0.178896,0.125722,-0.333642,-0.103106,0.170740,0.398266,0.079292,-0.093804,-0.406231,-0.098828,0.194795,-0.094805,0.039852,0.112168,0.215041,-0.117886,-0.666153,-0.180552,0.472003,-0.096590,0.199730,0.563622,0.246998,-0.089825,-0.457424,-0.034718,0.329007,-0.088519,-0.116827,0.049862,0.037916,-0.100490,0.099169,-0.046303,-0.428688,-0.098544,0.693036,0.132178,-0.736936,-0.100649,0.036860,0.005702,-0.190918,-0.114393,0.378429
dns2tcp_tunnel_dnsgoogle_doh2_2020-03-31t19_50_46.247010,0.000846,False,-0.099722,-0.578892,0.002576,0.116048,-0.103791,0.178996,0.125822,-0.333742,-0.103206,0.170640,0.398366,0.079392,-0.093904,-0.406131,-0.098728,0.194695,-0.094905,0.039752,0.112068,0.214941,-0.117986,-0.666253,-0.180452,0.472103,-0.096690,0.199630,0.563722,0.247098,-0.089925,-0.457524,-0.034618,0.329107,-0.088619,-0.116727,0.049962,0.037816,-0.100590,0.099269,-0.046203,-0.428788,-0.098644,0.693135,0.132278,-0.737036,-0.100749,0.036760,0.005602,-0.191018,-0.114493,0.378529
dns2tcp_tunnel_dnsgoogle_doh2_2020-03-31t20_13_15.174349,0.000846,False,-0.099822,-0.578992,0.002676,0.116148,-0.103891,0.179096,0.125922,-0.333842,-0.103306,0.170540,0.398466,0.079492,-0.094004,-0.406031,-0.098628,0.194595,-0.095005,0.039652,0.111968,0.214841,-0.118086,-0.666353,-0.180352,0.472203,-0.096790,0.199530,0.563822,0.247198,-0.090025,-0.457624,-0.034518,0.329207,-0.088719,-0.116627,0.050062,0.037716,-0.100690,0.099369,-0.046103,-0.428888,-0.098744,0.693234,0.132378,-0.737135,-0.100849,0.036660,0.005502,-0.191118,-0.114593,0.378629
dump.003ce1,0.001140,False,-0.101589,-0.580760,0.004443,0.117916,-0.105658,0.180863,0.127689,-0.335609,-0.105073,0.168773,0.400233,0.081259,-0.095771,-0.404265,-0.096860,0.192828,-0.096772,0.037884,0.110201,0.213074,-0.119853,-0.668119,-0.178585,0.473969,-0.098557,0.197763,0.565589,0.248965,-0.091793,-0.459392,-0.032751,0.330975,-0.090486,-0.114860,0.051829,0.035949,-0.102458,0.101135,-0.044336,-0.430655,-0.100511,0.694979,0.134145,-0.738895,-0.102616,0.034893,0.003734,-0.192885,-0.116360,0.380396
dump.1da2a3,0.001311,False,-0.102583,-0.581754,0.005437,0.118910,-0.106652,0.181856,0.128683,-0.336603,-0.106067,0.167780,0.401227,0.082253,-0.096765,-0.403272,-0.095867,0.191835,-0.097766,0.036891,0.109207,0.212080,-0.120847,-0.669113,-0.177591,0.474963,-0.099551,0.196769,0.566583,0.249959,-0.092787,-0.460386,-0.031758,0.331969,-0.091480,-0.113866,0.052823,0.034955,-0.103451,0.102129,-0.043342,-0.431649,-0.101505,0.695957,0.135139,-0.739883,-0.103610,0.033899,0.002741,-0.193879,-0.117354,0.381388
dump.218564,0.001324,False,-0.102783,-0.581953,0.005637,0.119110,-0.106852,0.182056,0.128883,-0.336803,-0.106267,0.167580,0.401427,0.082453,-0.096965,-0.403072,-0.095667,0.191635,-0.097966,0.036691,0.109007,0.211880,-0.121047,-0.669312,-0.177391,0.475163,-0.099751,0.196569,0.566783,0.250159,-0.092986,-0.460586,-0.031558,0.332169,-0.091680,-0.113666,0.053023,0.034755,-0.103651,0.102328,-0.043142,-0.431849,-0.101705,0.696153,0.135339,-0.740082,-0.103810,0.033699,0.002541,-0.194079,-0.117554,0.381588
dump.22e976,0.001760,False,-0.104925,-0.584096,0.007779,0.121253,-0.108994,0.184197,0.131025,-0.338945,-0.108409,0.165438,0.403569,0.084595,-0.099107,-0.400931,-0.093524,0.189493,-0.100108,0.034548,0.106865,0.209738,-0.123189,-0.671453,-0.175249,0.477304,-0.101893,0.194427,0.568925,0.252301,-0.095129,-0.462729,-0.029417,0.334311,-0.093822,-0.111525,0.055165,0.032613,-0.105794,0.104469,-0.041000,-0.433990,-0.103847,0.698250,0.137481,-0.742208,-0.105952,0.031557,0.000398,-0.196221,-0.119696,0.383728
dump.6dbe55,0.002173,False,-0.106787,-0.585957,0.009641,0.123115,-0.110856,0.186058,0.132887,-0.340807,-0.110271,0.163577,0.405431,0.086457,-0.100969,-0.399072,-0.091663,0.187632,-0.101970,0.032687,0.105003,0.207876,-0.125050,-0.673313,-0.173387,0.479165,-0.103755,0.192565,0.570786,0.254163,-0.096990,-0.464591,-0.027556,0.336173,-0.095684,-0.109664,0.057027,0.030752,-0.107655,0.106328,-0.039138,-0.435851,-0.105709,0.700056,0.139342,-0.744051,-0.107814,0.029695,-0.001463,-0.198083,-0.121558,0.385586
dump.e022b7,0.002230,False,-0.107187,-0.586357,0.010040,0.123514,-0.111255,0.186457,0.133286,-0.341206,-0.110670,0.163177,0.405831,0.086856,-0.101369,-0.398673,-0.091263,0.187232,-0.102369,0.032287,0.104604,0.207477,-0.125450,-0.673712,-0.172988,0.479565,-0.104154,0.192166,0.571186,0.254562,-0.097390,-0.464991,-0.027156,0.336573,-0.096083,-0.109265,0.057427,0.030352,-0.108055,0.106728,-0.038738,-0.436250,-0.106108,0.700440,0.139742,-0.744445,-0.108213,0.029296,-0.001863,-0.198483,-0.121957,0.385985
dump_00001_20200111222621.25436d,0.002312,False,-0.107686,-0.586855,0.010539,0.124013,-0.111754,0.186955,0.133785,-0.341705,-0.111169,0.162678,0.406330,0.087355,-0.101868,-0.398175,-0.090764,0.186734,-0.102868,0.031788,0.104104,0.206978,-0.125949,-0.674211,-0.172488,0.480064,-0.104653,0.191667,0.571685,0.255062,-0.097889,-0.465490,-0.026657,0.337072,-0.096582,-0.108766,0.057926,0.029853,-0.108554,0.107226,-0.038239,-0.436749,-0.106607,0.700918,0.140241,-0.744937,-0.108712,0.028796,-0.002362,-0.198982,-0.122456,0.386482
dump_00001_20200113100617.0246b4,0.002394,False,-0.108185,-0.587354,0.011039,0.124512,-0.112253,0.187453,0.134284,-0.342204,-0.111668,0.162179,0.406829,0.087854,-0.102367,-0.397677,-0.090265,0.186235,-0.103367,0.031289,0.103605,0.206479,-0.126448,-0.674710,-0.171989,0.480563,-0.105153,0.191168,0.572184,0.255561,-0.098388,-0.465989,-0.026158,0.337571,-0.097081,-0.108267,0.058425,0.029354,-0.109053,0.107725,-0.037740,-0.437248,-0.107107,0.701394,0.140740,-0.745429,-0.109211,0.028297,-0.002861,-0.199481,-0.122956,0.386979
dump_00001_20200113152847.4df77c,0.002476,False,-0.108684,-0.587853,0.011538,0.125011,-0.112753,0.187952,0.134783,-0.342703,-0.112167,0.161680,0.407328,0.088353,-0.102866,-0.397179,-0.089766,0.185736,-0.103866,0.030790,0.103106,0.205980,-0.126947,-0.675208,-0.171490,0.481062,-0.105652,0.190669,0.572682,0.256060,-0.098887,-0.466488,-0.025659,0.338070,-0.097580,-0.107769,0.058924,0.028855,-0.109552,0.108223,-0.037241,-0.437747,-0.107606,0.701869,0.141239,-0.745919,-0.109711,0.027798,-0.003360,-0.199980,-0.123455,0.387476
dump_00001_20200114102945.0c2a9f,0.002559,False,-0.109183,-0.588351,0.012037,0.125510,-0.113252,0.188450,0.135283,-0.343202,-0.112667,0.161181,0.407827,0.088852,-0.103365,-0.396682,-0.089267,0.185237,-0.104365,0.030291,0.102607,0.205481,-0.127446,-0.675707,-0.170991,0.481561,-0.106151,0.190170,0.573181,0.256559,-0.099386,-0.466987,-0.025160,0.338569,-0.098079,-0.107270,0.059423,0.028356,-0.110051,0.108721,-0.036742,-0.438246,-0.108105,0.702341,0.141738,-0.746409,-0.110210,0.027299,-0.003859,-0.200479,-0.123954,0.387973
dump_00002_20200111232233.4dd21e,0.002695,False,-0.109881,-0.589049,0.012734,0.126208,-0.113949,0.189146,0.135980,-0.343899,-0.113364,0.160484,0.408525,0.089550,-0.104063,-0.395986,-0.088569,0.184540,-0.105063,0.029593,0.101910,0.204783,-0.128144,-0.676404,-0.170294,0.482258,-0.106848,0.189472,0.573879,0.257257,-0.100084,-0.467684,-0.024462,0.339267,-0.098777,-0.106573,0.060121,0.027659,-0.110749,0.109418,-0.036044,-0.438943,-0.108802,0.702998,0.142436,-0.747093,-0.110907,0.026601,-0.004557,-0.201177,-0.124651,0.388667
dump_00002_20200113111300.07d779,0.002777,False,-0.110380,-0.589547,0.013234,0.126707,-0.114448,0.189644,0.136479,-0.344398,-0.113863,0.159985,0.409024,0.090049,-0.104562,-0.395488,-0.088070,0.184042,-0.105562,0.029094,0.101411,0.204284,-0.128643,-0.676902,-0.169794,0.482757,-0.107348,0.188973,0.574377,0.257756,-0.100583,-0.468183,-0.023963,0.339766,-0.099276,-0.106075,0.060620,0.027160,-0.111248,0.109916,-0.035545,-0.439442,-0.109301,0.703465,0.142935,-0.747581,-0.111406,0.026102,-0.005056,-0.201676,-0.125150,0.389163
dump_00002_20200113162614.325f51,0.002887,False,-0.110978,-0.590145,0.013832,0.127305,-0.115047,0.190241,0.137078,-0.344996,-0.114462,0.159387,0.409622,0.090648,-0.105160,-0.394892,-0.087472,0.183444,-0.106161,0.028496,0.100812,0.203686,-0.129242,-0.677500,-0.169196,0.483355,-0.107946,0.188375,0.574976,0.258354,-0.101181,-0.468781,-0.023365,0.340365,-0.099875,-0.105477,0.061218,0.026562,-0.111846,0.110513,-0.034947,-0.440040,-0.109900,0.704021,0.143534,-0.748164,-0.112005,0.025504,-0.005654,-0.202274,-0.125749,0.389758
dump_00002_20200114114901.69adea,0.002968,False,-0.111477,-0.590643,0.014331,0.127804,-0.115546,0.190739,0.137577,-0.345495,-0.114961,0.158888,0.410121,0.091147,-0.105659,-0.394395,-0.086973,0.182945,-0.106660,0.027997,0.100313,0.203187,-0.129741,-0.677998,-0.168697,0.483854,-0.108445,0.187876,0.575474,0.258853,-0.101681,-0.469280,-0.022866,0.340864,-0.100374,-0.104979,0.061717,0.026063,-0.112346,0.111011,-0.034448,-0.440539,-0.110399,0.704481,0.144033,-0.748650,-0.112504,0.025005,-0.006153,-0.202773,-0.126248,0.390253
dump_00003_20200112004539.77b31c,0.003049,False,-0.111976,-0.591142,0.014830,0.128303,-0.116045,0.191236,0.138076,-0.345993,-0.115460,0.158389,0.410620,0.091646,-0.106158,-0.393898,-0.086474,0.182447,-0.107159,0.027498,0.099814,0.202688,-0.130240,-0.678496,-0.168198,0.484353,-0.108944,0.187377,0.575973,0.259352,-0.102180,-0.469779,-0.022367,0.341363,-0.100873,-0.104480,0.062216,0.025564,-0.112845,0.111509,-0.033949,-0.441038,-0.110898,0.704938,0.144532,-0.749134,-0.113003,0.024506,-0.006652,-0.203272,-0.126747,0.390749
dump_00003_20200113120939.b9054d,0.003159,False,-0.112575,-0.591739,0.015428,0.128901,-0.116643,0.191833,0.138674,-0.346591,-0.116058,0.157791,0.411218,0.092244,-0.106757,-0.393302,-0.085875,0.181849,-0.107757,0.026899,0.099216,0.202090,-0.130838,-0.679093,-0.167600,0.484951,-0.109542,0.186779,0.576571,0.259950,-0.102778,-0.470377,-0.021769,0.341961,-0.101471,-0.103883,0.062815,0.024966,-0.113443,0.112106,-0.033350,-0.441636,-0.111496,0.705481,0.145130,-0.749713,-0.113601,0.023907,-0.007251,-0.203871,-0.127345,0.391342
dump_00003_20200113182754.df1632,0.003268,False,-0.113173,-0.592337,0.016027,0.129499,-0.117242,0.192429,0.139273,-0.347189,-0.116657,0.157193,0.411817,0.092842,-0.107355,-0.392707,-0.085277,0.181252,-0.108356,0.026301,0.098617,0.201491,-0.131436,-0.679690,-0.167001,0.485549,-0.110141,0.186180,0.577169,0.260549,-0.103376,-0.470975,-0.021170,0.342559,-0.102070,-0.103285,0.063413,0.024367,-0.114041,0.112702,-0.032752,-0.442233,-0.112095,0.706019,0.145728,-0.750290,-0.114200,0.023309,-0.007849,-0.204469,-0.127944,0.391935
dump_00003_20200114130936.15d035,0.003318,False,-0.113573,-0.592735,0.016426,0.129898,-0.117641,0.192827,0.139672,-0.347588,-0.117056,0.156794,0.412216,0.093242,-0.107754,-0.392309,-0.084877,0.180853,-0.108755,0.025901,0.098218,0.201092,-0.131836,-0.680089,-0.166602,0.485949,-0.110540,0.185781,0.577568,0.260948,-0.103776,-0.471374,-0.020771,0.342959,-0.102469,-0.102887,0.063812,0.023968,-0.114441,0.113101,-0.032353,-0.442633,-0.112494,0.706374,0.146128,-0.750674,-0.114599,0.022910,-0.008249,-0.204868,-0.128343,0.392330
dump_00004_20200112015042.b7f055,0.003367,False,-0.113972,-0.593134,0.016826,0.130298,-0.118041,0.193225,0.140071,-0.347987,-0.117455,0.156395,0.412615,0.093641,-0.108154,-0.391912,-0.084478,0.180454,-0.109154,0.025502,0.097819,0.200693,-0.132235,-0.680487,-0.166202,0.486348,-0.110940,0.185382,0.577967,0.261348,-0.104175,-0.471774,-0.020372,0.343358,-0.102868,-0.102488,0.064212,0.023569,-0.114840,0.113499,-0.031953,-0.443032,-0.112894,0.706727,0.146527,-0.751056,-0.114999,0.022510,-0.008648,-0.205268,-0.128743,0.392725
dump_00004_20200113132407.77383d,0.003415,False,-0.114371,-0.593532,0.017225,0.130697,-0.118440,0.193622,0.140471,-0.348386,-0.117855,0.155996,0.413015,0.094040,-0.108553,-0.391516,-0.084079,0.180055,-0.109554,0.025103,0.097419,0.200293,-0.132635,-0.680886,-0.165803,0.486747,-0.111339,0.184982,0.578366,0.261747,-0.104575,-0.472173,-0.019972,0.343758,-0.103268,-0.102090,0.064611,0.023170,-0.115240,0.113897,-0.031554,-0.443431,-0.113293,0.707076,0.146927,-0.751437,-0.115398,0.022111,-0.009047,-0.205667,-0.129142,0.393120
dump_00004_20200113193921.586656,0.003523,False,-0.114970,-0.594129,0.017823,0.131295,-0.119038,0.194218,0.141069,-0.348983,-0.118453,0.155399,0.413613,0.094639,-0.109152,-0.390921,-0.083480,0.179458,-0.110152,0.024504,0.096821,0.199695,-0.133233,-0.681482,-0.165205,0.487345,-0.111937,0.184384,0.578963,0.262345,-0.105173,-0.472771,-0.019374,0.344356,-0.103866,-0.101493,0.065209,0.022572,-0.115838,0.114492,-0.030955,-0.444028,-0.113891,0.707595,0.147525,-0.752007,-0.115996,0.021513,-0.009646,-0.206266,-0.129740,0.393711
dump_00004_20200114141606.1045ab,0.003600,False,-0.115469,-0.594627,0.018322,0.131794,-0.119537,0.194714,0.141568,-0.349482,-0.118952,0.154900,0.414112,0.095138,-0.109650,-0.390426,-0.082981,0.178960,-0.110651,0.024005,0.096322,0.199197,-0.133732,-0.681980,-0.164706,0.487843,-0.112436,0.183886,0.579462,0.262844,-0.105672,-0.473269,-0.018876,0.344855,-0.104365,-0.100995,0.065708,0.022073,-0.116337,0.114989,-0.030457,-0.444527,-0.114390,0.708021,0.148024,-0.752479,-0.116495,0.021014,-0.010145,-0.206764,-0.130239,0.394203
dump_00005_20200112025337.89ee30,0.003676,False,-0.115967,-0.595124,0.018821,0.132292,-0.120036,0.195210,0.142067,-0.349980,-0.119451,0.154402,0.414611,0.095636,-0.110149,-0.389932,-0.082482,0.178463,-0.111150,0.023506,0.095823,0.198698,-0.134231,-0.682477,-0.164207,0.488342,-0.112935,0.183387,0.579960,0.263343,-0.106171,-0.473768,-0.018377,0.345354,-0.104864,-0.100498,0.066207,0.021575,-0.116836,0.115486,-0.029958,-0.445025,-0.114889,0.708442,0.148523,-0.752949,-0.116994,0.020515,-0.010644,-0.207263,-0.130738,0.394694
dump_00005_20200113142226.bed703,0.003720,False,-0.116367,-0.595523,0.019220,0.132691,-0.120435,0.195607,0.142466,-0.350378,-0.119850,0.154003,0.415010,0.096036,-0.110549,-0.389536,-0.082083,0.178065,-0.111549,0.023107,0.095424,0.198299,-0.134630,-0.682875,-0.163808,0.488741,-0.113335,0.182988,0.580359,0.263742,-0.106570,-0.474167,-0.017978,0.345753,-0.105263,-0.100100,0.066607,0.021175,-0.117235,0.115883,-0.029558,-0.445424,-0.115288,0.708774,0.148922,-0.753323,-0.117393,0.020115,-0.011043,-0.207663,-0.131137,0.395087
dump_00005_20200113205730.4a72d7,0.003825,False,-0.116965,-0.596119,0.019819,0.133289,-0.121034,0.196201,0.143064,-0.350975,-0.120448,0.153406,0.415608,0.096634,-0.111147,-0.388944,-0.081485,0.177468,-0.112147,0.022509,0.094826,0.197701,-0.135228,-0.683470,-0.163209,0.489338,-0.113933,0.182390,0.580956,0.264341,-0.107168,-0.474764,-0.017380,0.346351,-0.105861,-0.099504,0.067205,0.020578,-0.117833,0.116478,-0.028960,-0.446021,-0.115887,0.709265,0.149520,-0.753881,-0.117992,0.019517,-0.011641,-0.208261,-0.131736,0.395675
dump_00005_20200114153502.914300,0.003899,False,-0.117464,-0.596616,0.020317,0.133787,-0.121532,0.196696,0.143563,-0.351473,-0.120947,0.152908,0.416107,0.097133,-0.111646,-0.388450,-0.080986,0.176971,-0.112646,0.022010,0.094327,0.197202,-0.135727,-0.683967,-0.162711,0.489837,-0.114432,0.181891,0.581454,0.264839,-0.107667,-0.475262,-0.016881,0.346850,-0.106360,-0.099007,0.067703,0.020079,-0.118332,0.116973,-0.028461,-0.446519,-0.116385,0.709666,0.150019,-0.754343,-0.118490,0.019018,-0.012140,-0.208760,-0.132234,0.396164
dump_00006_20200112040340.8f88b6,0.003940,False,-0.117863,-0.597013,0.020717,0.134186,-0.121932,0.197092,0.143962,-0.351872,-0.121347,0.152509,0.416506,0.097532,-0.112045,-0.388056,-0.080587,0.176573,-0.113045,0.021611,0.093928,0.196803,-0.136126,-0.684364,-0.162311,0.490235,-0.114831,0.181492,0.581852,0.265239,-0.108066,-0.475661,-0.016482,0.347249,-0.106759,-0.098609,0.068103,0.019680,-0.118731,0.117370,-0.028062,-0.446917,-0.116785,0.709982,0.150418,-0.754710,-0.118890,0.018619,-0.012539,-0.209159,-0.132634,0.396554
dump_00007_20200112051950.b79397,0.003981,False,-0.118262,-0.597411,0.021116,0.134585,-0.122331,0.197487,0.144362,-0.352270,-0.121746,0.152111,0.416905,0.097931,-0.112444,-0.387661,-0.080188,0.176175,-0.113445,0.021212,0.093529,0.196404,-0.136525,-0.684761,-0.161912,0.490634,-0.115230,0.181093,0.582250,0.265638,-0.108466,-0.476060,-0.016083,0.347648,-0.107159,-0.098212,0.068502,0.019282,-0.119130,0.117766,-0.027663,-0.447316,-0.117184,0.710293,0.150818,-0.755075,-0.119289,0.018220,-0.012938,-0.209558,-0.133033,0.396945
dump_00008_20200112063544.ae26a3,0.004114,False,-0.118959,-0.598105,0.021813,0.135282,-0.123028,0.198178,0.145059,-0.352965,-0.122443,0.151415,0.417602,0.098628,-0.113141,-0.386974,-0.079491,0.175481,-0.114142,0.020515,0.092832,0.195707,-0.137223,-0.685454,-0.161215,0.491330,-0.115927,0.180396,0.582946,0.266335,-0.109163,-0.476756,-0.015386,0.348346,-0.107856,-0.097518,0.069199,0.018585,-0.119828,0.118458,-0.026966,-0.448012,-0.117881,0.710827,0.151515,-0.755708,-0.119986,0.017523,-0.013635,-0.210255,-0.133730,0.397625
dump_00009_20200113074803.23a7aa,0.004121,False,-0.119259,-0.598403,0.022112,0.135581,-0.123328,0.198474,0.145358,-0.353264,-0.122742,0.151116,0.417901,0.098927,-0.113441,-0.386679,-0.079191,0.175183,-0.114441,0.020215,0.092532,0.195408,-0.137522,-0.685752,-0.160915,0.491629,-0.116227,0.180097,0.583245,0.266634,-0.109462,-0.477055,-0.015087,0.348645,-0.108155,-0.097220,0.069499,0.018286,-0.120127,0.118754,-0.026666,-0.448310,-0.118181,0.711051,0.151814,-0.755977,-0.120286,0.017223,-0.013935,-0.210555,-0.134030,0.397916
l1-doh,0.005591,True,-0.123966,-0.603078,0.026819,0.140280,-0.128035,0.203119,0.150065,-0.357954,-0.127450,0.146423,0.422607,0.103633,-0.118148,-0.382062,-0.074484,0.170502,-0.119149,0.015508,0.087827,0.190706,-0.142229,-0.690423,-0.156209,0.496329,-0.120934,0.175394,0.587937,0.271341,-0.114169,-0.481756,-0.010385,0.353353,-0.112863,-0.092545,0.074205,0.013586,-0.124834,0.123407,-0.021959,-0.453002,-0.122888,0.714340,0.156521,-0.760095,-0.124993,0.012516,-0.018642,-0.215261,-0.138737,0.402464
l1-nondoh,0.009653,True,-0.134892,-0.613777,0.037745,0.151142,-0.138961,0.213625,0.160991,-0.368766,-0.138375,0.135593,0.433526,0.114545,-0.129074,-0.371734,-0.063558,0.159758,-0.130075,0.004585,0.076912,0.179812,-0.153155,-0.701106,-0.145286,0.507207,-0.131860,0.164499,0.598762,0.282265,-0.125095,-0.492636,0.000502,0.364284,-0.123789,-0.081838,0.085129,0.002708,-0.135760,0.133965,-0.011034,-0.463822,-0.133814,0.719211,0.167447,-0.767798,-0.135919,0.001591,-0.029567,-0.226184,-0.149663,0.412361
l2-benign,0.009441,True,-0.134492,-0.613377,0.037345,0.150742,-0.138561,0.213225,0.160591,-0.368366,-0.137975,0.135993,0.433126,0.114145,-0.128674,-0.372134,-0.063958,0.160158,-0.129675,0.004985,0.077312,0.180212,-0.152755,-0.700706,-0.145686,0.506807,-0.131460,0.164899,0.598362,0.281865,-0.124695,-0.492236,0.000102,0.363884,-0.123389,-0.082238,0.084729,0.003108,-0.135360,0.133565,-0.011434,-0.463422,-0.133414,0.718811,0.167047,-0.767398,-0.135519,0.001991,-0.029167,-0.225784,-0.149263,0.411961
l2-malicious,0.010891,True,-0.138833,-0.617355,0.041681,0.155000,-0.142902,0.216872,0.164930,-0.372494,-0.142317,0.131810,0.437445,0.118471,-0.133015,-0.368721,-0.059618,0.156134,-0.134016,0.000648,0.072989,0.175921,-0.157096,-0.704608,-0.141348,0.511038,-0.135801,0.160613,0.602513,0.286202,-0.129037,-0.496464,0.004401,0.368221,-0.127730,-0.078278,0.089065,-0.001144,-0.139701,0.137307,-0.007094,-0.467589,-0.137755,0.719431,0.171388,-0.768849,-0.139860,-0.002350,-0.033506,-0.230120,-0.153604,0.414872
02-14-2018,0.013301,True,-0.124870,-0.603414,0.055166,0.142681,-0.128938,0.202978,0.150972,-0.358580,-0.128353,0.145937,0.423547,0.107732,-0.119052,-0.355147,-0.073797,0.142395,-0.120052,0.014607,0.086926,0.189802,-0.143133,-0.690864,-0.155357,0.496737,-0.121837,0.173976,0.588701,0.296883,-0.115073,-0.482579,-0.009299,0.354918,-0.113766,-0.064960,0.074979,-0.014588,-0.125738,0.123143,-0.021055,-0.453424,-0.123791,0.705775,0.157431,-0.755022,-0.125896,0.011492,-0.047193,-0.243920,-0.139640,0.401083
02-15-2018,0.019383,True,-0.104798,-0.583305,0.066807,0.123030,-0.108866,0.182978,0.130907,-0.338561,-0.108281,0.167826,0.403880,0.085714,-0.098980,-0.335859,-0.094261,0.122987,-0.099980,0.034642,0.106872,0.209644,-0.123061,-0.671532,-0.176741,0.476568,-0.101765,0.194501,0.569160,0.277805,-0.095001,-0.462575,-0.028957,0.335554,-0.093694,-0.047923,0.054775,-0.030955,-0.105666,0.103239,-0.041137,-0.433512,-0.103719,0.686844,0.137375,-0.735613,-0.105824,0.031797,-0.064345,-0.263710,-0.119568,0.383224
02-16-2018,0.021931,True,-0.095140,-0.573642,0.076479,0.132717,-0.099208,0.173318,0.121250,-0.328901,-0.098623,0.158065,0.394213,0.095453,-0.089322,-0.326186,-0.084559,0.132691,-0.090322,0.044296,0.116498,0.199886,-0.113403,-0.661850,-0.167031,0.486250,-0.092107,0.184683,0.559477,0.287522,-0.085343,-0.452942,-0.038683,0.325868,-0.084036,-0.038244,0.045811,-0.040640,-0.096008,0.112918,-0.050791,-0.443192,-0.094061,0.677163,0.127719,-0.725932,-0.096166,0.041436,-0.074030,-0.273395,-0.109910,0.373621
02-20-2018,0.074385,True,-0.040000,-0.500592,0.132699,0.013572,-0.044069,0.059719,0.056046,-0.223520,-0.043484,0.192301,0.330024,0.058028,-0.034182,-0.245082,-0.132605,0.044177,-0.035183,0.102919,0.188522,0.288218,-0.058263,-0.595931,-0.204084,0.434152,-0.036968,0.215433,0.475461,0.232162,-0.030204,-0.367650,-0.065753,0.229155,-0.028897,0.011893,-0.008909,-0.079537,-0.040869,0.015505,-0.108694,-0.351601,-0.038922,0.615558,0.073155,-0.658037,-0.041027,0.086334,-0.166711,-0.354770,-0.054771,0.318772
02-21-2018,0.076498,True,-0.043944,-0.501526,0.151492,0.025113,-0.048012,0.063507,0.060000,-0.227311,-0.047427,0.167119,0.332591,0.082594,-0.038126,-0.239102,-0.110635,0.064287,-0.039127,0.096588,0.162449,0.270776,-0.062207,-0.589328,-0.183505,0.447375,-0.040912,0.189915,0.474071,0.256385,-0.034147,-0.375570,-0.070460,0.232105,-0.032841,0.021626,0.017128,-0.095236,-0.044812,0.028370,-0.104147,-0.364770,-0.042866,0.608333,0.077466,-0.650839,-0.044971,0.076808,-0.187408,-0.373749,-0.058714,0.329079
02-22-2018,0.085185,True,-0.031798,-0.489266,0.140710,0.013813,-0.035866,0.051976,0.047897,-0.215669,-0.035281,0.180312,0.321235,0.070074,-0.025980,-0.232573,-0.123339,0.067495,-0.026980,0.108683,0.174205,0.281278,-0.050061,-0.578576,-0.196582,0.434596,-0.028766,0.202364,0.462705,0.244909,-0.022001,-0.365118,-0.082084,0.226183,-0.020694,0.011331,0.005033,-0.084358,-0.032666,0.016452,-0.116291,-0.352841,-0.030719,0.601153,0.065310,-0.640331,-0.032824,0.089231,-0.178469,-0.361925,-0.046568,0.323978
02-23-2018,0.092941,True,-0.019566,-0.476748,0.130144,0.002139,-0.023634,0.040367,0.035701,-0.203887,-0.023049,0.192889,0.309856,0.058803,-0.013748,-0.224422,-0.134420,0.069869,-0.014748,0.120928,0.185822,0.289566,-0.037829,-0.567482,-0.208542,0.423415,-0.016534,0.214045,0.451346,0.235321,-0.009769,-0.353551,-0.091950,0.222654,-0.008462,0.003823,-0.007111,-0.075052,-0.020434,0.004234,-0.128515,-0.340613,-0.018488,0.592985,0.053139,-0.629795,-0.020592,0.100711,-0.171538,-0.351528,-0.034336,0.318229
02-28-2018,0.095052,True,-0.014140,-0.471278,0.120521,-0.003312,-0.018209,0.034968,0.030275,-0.198484,-0.017623,0.198709,0.304490,0.053054,-0.008322,-0.219418,-0.139753,0.064756,-0.009323,0.126343,0.191188,0.294825,-0.032403,-0.562229,-0.214063,0.418087,-0.011108,0.219420,0.446916,0.229834,-0.004343,-0.348110,-0.096273,0.217398,-0.003037,0.002474,-0.012488,-0.069711,-0.015008,-0.001139,-0.133942,-0.335242,-0.013062,0.591977,0.047716,-0.625826,-0.015167,0.106119,-0.166133,-0.341405,-0.028911,0.312866
03-01-2018,0.094840,True,-0.012465,-0.469561,0.115829,-0.005433,-0.016533,0.033330,0.028601,-0.196838,-0.015948,0.200227,0.302785,0.051549,-0.006647,-0.217646,-0.141118,0.063181,-0.007648,0.128010,0.192828,0.296438,-0.030728,-0.560510,-0.215678,0.416448,-0.009433,0.221034,0.444833,0.228087,-0.002668,-0.346429,-0.099050,0.216074,-0.001362,0.002987,-0.014097,-0.066986,-0.013333,-0.002836,-0.135614,-0.333540,-0.011387,0.593281,0.046061,-0.624249,-0.013492,0.107709,-0.164382,-0.334916,-0.027235,0.311179
03-02-2018,0.096920,True,-0.015274,-0.471482,0.103893,-0.001084,-0.019343,0.038172,0.031442,-0.201168,-0.018758,0.197941,0.306581,0.057157,-0.009456,-0.223851,-0.135044,0.075191,-0.010457,0.124879,0.187259,0.285337,-0.033537,-0.563364,-0.211582,0.418705,-0.012242,0.217099,0.448663,0.239542,-0.005478,-0.351627,-0.116970,0.224434,-0.004171,-0.004931,-0.010921,-0.053730,-0.016142,0.000527,-0.132826,-0.336801,-0.014196,0.606712,0.049055,-0.630509,-0.016301,0.104673,-0.179321,-0.340021,-0.030045,0.319221
evse-b-hpc-kernel-events-combined,0.094545,True,-0.015474,-0.471682,0.104093,-0.000884,-0.019543,0.038372,0.031642,-0.201368,-0.018958,0.197741,0.306781,0.057357,-0.009656,-0.223651,-0.134844,0.074991,-0.010657,0.124679,0.187059,0.285137,-0.033737,-0.563564,-0.211382,0.418905,-0.012442,0.216899,0.448863,0.239742,-0.005678,-0.351827,-0.116770,0.224634,-0.004371,-0.004731,-0.010721,-0.053930,-0.016342,0.000727,-0.132626,-0.337001,-0.014396,0.606912,0.049255,-0.630709,-0.016501,0.104473,-0.179521,-0.340221,-0.030245,0.319421
evse-b-powercombined,0.092062,True,-0.017279,-0.473485,0.105897,0.000919,-0.021347,0.040176,0.033447,-0.203172,-0.020762,0.195937,0.308586,0.059162,-0.011461,-0.221847,-0.133040,0.073187,-0.012461,0.122874,0.185254,0.283333,-0.035542,-0.565369,-0.209577,0.420710,-0.014247,0.215094,0.450668,0.241547,-0.007482,-0.353630,-0.114965,0.226439,-0.006175,-0.002926,-0.008917,-0.055735,-0.018147,0.002532,-0.130821,-0.338806,-0.016200,0.608717,0.051060,-0.632514,-0.018305,0.102669,-0.181326,-0.342026,-0.032049,0.321224
