2026-06-26 02:53:04,875 - [INFO] - 🔥🔥🔥🔥🔥🔥🔥🔥🔥🔥🔥🔥🔥🔥🔥🔥🔥🔥🔥🔥
2026-06-26 02:53:04,876 - [INFO] - 🔥 BẮT ĐẦU THỰC NGHIỆM CONTINUAL LEARNING - DRIFT DETECTION 🔥
2026-06-26 02:53:04,876 - [INFO] - 🔥🔥🔥🔥🔥🔥🔥🔥🔥🔥🔥🔥🔥🔥🔥🔥🔥🔥🔥🔥
2026-06-26 02:53:04,876 - [INFO] - ⚙️ Đang tải Global Scaler...
2026-06-26 02:53:04,876 - [INFO] - ✅ Scaler có 114 đặc trưng.
2026-06-26 02:53:04,876 - [INFO] - 🔍 Đang quét nhãn toàn cục qua Phase1, Phase2, Phase3...
2026-06-26 02:53:59,086 - [INFO] - 🎯 Phát hiện 9 nhãn: ['Benign', 'Botnet', 'Brute_Force', 'DDoS', 'DoS', 'Infiltration', 'Other_Attack', 'PortScan', 'Web_Attack']
2026-06-26 02:53:59,087 - [INFO] - Khởi tạo mô hình HierarchicalDriftTKAN...
2026-06-26 02:53:59,112 - [INFO] - 🧠 Đã khởi tạo mô hình HierarchicalDriftTKAN (Full Unfreeze).
2026-06-26 02:53:59,112 - [INFO] - 
============================================================
2026-06-26 02:53:59,112 - [INFO] - 🌟 PHASE 1: HUẤN LUYỆN KHỞI TẠO (Train trên Phase1_Train)
2026-06-26 02:53:59,113 - [INFO] - ============================================================
2026-06-26 02:53:59,114 - [INFO] - 📂 Tìm thấy 185 file parquet trong Phase1_Train.
2026-06-26 02:55:18,773 - [INFO] - ✅ Đã nạp Phase1: 5,757,348 mẫu (sau sampling 5%).
2026-06-26 02:55:47,934 - [INFO] - 
--- Phase1 Epoch 1/10 ---
2026-06-26 02:59:04,488 - [INFO] - 📊 Epoch 1: Train Loss=0.0000 | Val F1-macro=0.8197
2026-06-26 02:59:04,488 - [INFO] - 
              precision    recall  f1-score   support

      Benign     0.9944    0.9934    0.9939     12054
      Botnet     0.9999    0.9997    0.9998     17420
 Brute_Force     0.6813    0.9478    0.7927       115
        DDoS     0.8297    1.0000    0.9069    744587
         DoS     1.0000    0.0891    0.1637    167859
Infiltration     0.9844    0.9903    0.9874      4849
Other_Attack     1.0000    0.9987    0.9994    200863
    PortScan     0.9496    0.9875    0.9682      3530
  Web_Attack     0.4373    0.7979    0.5650       188

    accuracy                         0.8668   1151465
   macro avg     0.8752    0.8672    0.8197   1151465
weighted avg     0.8895    0.8668    0.8175   1151465

2026-06-26 02:59:04,489 - [INFO] - 
--- Phase1 Epoch 2/10 ---
2026-06-26 03:02:21,913 - [INFO] - 📊 Epoch 2: Train Loss=0.0000 | Val F1-macro=0.8176
2026-06-26 03:02:21,913 - [INFO] - 
              precision    recall  f1-score   support

      Benign     0.9967    0.9883    0.9925     12054
      Botnet     0.9999    0.9997    0.9998     17420
 Brute_Force     0.7086    0.9304    0.8045       115
        DDoS     0.8287    1.0000    0.9063    744587
         DoS     1.0000    0.0807    0.1493    167859
Infiltration     0.9847    0.9928    0.9887      4849
Other_Attack     1.0000    0.9989    0.9995    200863
    PortScan     0.8695    0.9946    0.9279      3530
  Web_Attack     0.4815    0.7606    0.5897       188

    accuracy                         0.8656   1151465
   macro avg     0.8744    0.8607    0.8176   1151465
weighted avg     0.8886    0.8656    0.8149   1151465

2026-06-26 03:02:21,914 - [INFO] - 
--- Phase1 Epoch 3/10 ---
2026-06-26 03:05:36,534 - [INFO] - 📊 Epoch 3: Train Loss=0.0000 | Val F1-macro=0.8115
2026-06-26 03:05:36,534 - [INFO] - 
              precision    recall  f1-score   support

      Benign     0.9967    0.9915    0.9941     12054
      Botnet     0.9999    0.9998    0.9999     17420
 Brute_Force     0.8060    0.9391    0.8675       115
        DDoS     0.8235    1.0000    0.9032    744587
         DoS     1.0000    0.0447    0.0855    167859
Infiltration     0.9762    0.9971    0.9865      4849
Other_Attack     1.0000    0.9990    0.9995    200863
    PortScan     0.8235    0.9890    0.8987      3530
  Web_Attack     0.4371    0.8138    0.5688       188

    accuracy                         0.8604   1151465
   macro avg     0.8737    0.8638    0.8115   1151465
weighted avg     0.8850    0.8604    0.8035   1151465

2026-06-26 03:05:36,534 - [INFO] - 
--- Phase1 Epoch 4/10 ---
2026-06-26 03:08:53,652 - [INFO] - 📊 Epoch 4: Train Loss=0.0000 | Val F1-macro=0.8002
2026-06-26 03:08:53,653 - [INFO] - 
              precision    recall  f1-score   support

      Benign     0.9966    0.9939    0.9953     12054
      Botnet     0.9999    0.9999    0.9999     17420
 Brute_Force     0.5625    0.9391    0.7036       115
        DDoS     0.8226    1.0000    0.9027    744587
         DoS     1.0000    0.0433    0.0829    167859
Infiltration     0.9961    0.9885    0.9922      4849
Other_Attack     1.0000    0.9989    0.9995    200863
    PortScan     0.9692    0.9909    0.9800      3530
  Web_Attack     0.4235    0.7660    0.5455       188

    accuracy                         0.8601   1151465
   macro avg     0.8634    0.8578    0.8002   1151465
weighted avg     0.8850    0.8601    0.8030   1151465

2026-06-26 03:08:53,653 - [INFO] - 
--- Phase1 Epoch 5/10 ---
2026-06-26 03:12:09,504 - [INFO] - 📊 Epoch 5: Train Loss=0.0000 | Val F1-macro=0.8314
2026-06-26 03:12:09,505 - [INFO] - 
              precision    recall  f1-score   support

      Benign     0.9956    0.9965    0.9961     12054
      Botnet     0.9999    0.9999    0.9999     17420
 Brute_Force     0.9224    0.9304    0.9264       115
        DDoS     0.8249    1.0000    0.9040    744587
         DoS     1.0000    0.0572    0.1082    167859
Infiltration     0.9924    0.9918    0.9921      4849
Other_Attack     1.0000    0.9991    0.9995    200863
    PortScan     0.9349    0.9924    0.9628      3530
  Web_Attack     0.4604    0.8351    0.5936       188

    accuracy                         0.8623   1151465
   macro avg     0.9034    0.8669    0.8314   1151465
weighted avg     0.8864    0.8623    0.8076   1151465

2026-06-26 03:12:09,505 - [INFO] - 
--- Phase1 Epoch 6/10 ---
2026-06-26 03:15:25,702 - [INFO] - 📊 Epoch 6: Train Loss=0.0000 | Val F1-macro=0.8144
2026-06-26 03:15:25,702 - [INFO] - 
              precision    recall  f1-score   support

      Benign     0.9950    0.9953    0.9951     12054
      Botnet     0.9999    0.9999    0.9999     17420
 Brute_Force     0.6962    0.9565    0.8059       115
        DDoS     0.8231    1.0000    0.9029    744587
         DoS     1.0000    0.0457    0.0874    167859
Infiltration     0.9881    0.9922    0.9901      4849
Other_Attack     1.0000    0.9991    0.9995    200863
    PortScan     0.9576    0.9912    0.9741      3530
  Web_Attack     0.4653    0.7500    0.5743       188

    accuracy                         0.8606   1151465
   macro avg     0.8806    0.8589    0.8144   1151465
weighted avg     0.8852    0.8606    0.8039   1151465

2026-06-26 03:15:25,702 - [INFO] - 
--- Phase1 Epoch 7/10 ---
2026-06-26 03:20:33,686 - [INFO] - 📊 Epoch 7: Train Loss=0.0000 | Val F1-macro=0.8308
2026-06-26 03:20:33,686 - [INFO] - 
              precision    recall  f1-score   support

      Benign     0.9981    0.9852    0.9916     12054
      Botnet     0.9999    0.9999    0.9999     17420
 Brute_Force     0.9060    0.9217    0.9138       115
        DDoS     0.8229    1.0000    0.9029    744587
         DoS     1.0000    0.0454    0.0869    167859
Infiltration     0.9590    0.9973    0.9778      4849
Other_Attack     1.0000    0.9990    0.9995    200863
    PortScan     0.9804    0.9909    0.9856      3530
  Web_Attack     0.4907    0.8404    0.6196       188

    accuracy                         0.8604   1151465
   macro avg     0.9063    0.8644    0.8308   1151465
weighted avg     0.8851    0.8604    0.8037   1151465

2026-06-26 03:20:33,686 - [INFO] - 
--- Phase1 Epoch 8/10 ---
2026-06-26 03:25:32,615 - [INFO] - 📊 Epoch 8: Train Loss=0.0000 | Val F1-macro=0.8380
2026-06-26 03:25:32,615 - [INFO] - 
              precision    recall  f1-score   support

      Benign     0.9937    0.9966    0.9952     12054
      Botnet     0.9999    0.9999    0.9999     17420
 Brute_Force     0.9298    0.9217    0.9258       115
        DDoS     0.8254    1.0000    0.9043    744587
         DoS     0.9998    0.0616    0.1161    167859
Infiltration     0.9921    0.9860    0.9890      4849
Other_Attack     1.0000    0.9990    0.9995    200863
    PortScan     0.9870    0.9901    0.9885      3530
  Web_Attack     0.4703    0.9255    0.6237       188

    accuracy                         0.8629   1151465
   macro avg     0.9109    0.8756    0.8380   1151465
weighted avg     0.8868    0.8629    0.8090   1151465

2026-06-26 03:25:32,615 - [INFO] - 
--- Phase1 Epoch 9/10 ---
2026-06-26 03:28:51,028 - [INFO] - 📊 Epoch 9: Train Loss=0.0000 | Val F1-macro=0.8298
2026-06-26 03:28:51,028 - [INFO] - 
              precision    recall  f1-score   support

      Benign     0.9954    0.9963    0.9958     12054
      Botnet     0.9999    0.9999    0.9999     17420
 Brute_Force     0.8359    0.9304    0.8807       115
        DDoS     0.8213    1.0000    0.9019    744587
         DoS     1.0000    0.0352    0.0680    167859
Infiltration     0.9893    0.9913    0.9903      4849
Other_Attack     1.0000    0.9990    0.9995    200863
    PortScan     0.9837    0.9926    0.9882      3530
  Web_Attack     0.5160    0.8564    0.6440       188

    accuracy                         0.8591   1151465
   macro avg     0.9046    0.8668    0.8298   1151465
weighted avg     0.8842    0.8591    0.8004   1151465

2026-06-26 03:28:51,028 - [INFO] - 
--- Phase1 Epoch 10/10 ---
2026-06-26 03:32:04,174 - [INFO] - 📊 Epoch 10: Train Loss=0.0000 | Val F1-macro=0.8175
2026-06-26 03:32:04,174 - [INFO] - 
              precision    recall  f1-score   support

      Benign     0.9950    0.9941    0.9946     12054
      Botnet     0.9999    0.9999    0.9999     17420
 Brute_Force     0.7754    0.9304    0.8458       115
        DDoS     0.8236    1.0000    0.9033    744587
         DoS     1.0000    0.0494    0.0942    167859
Infiltration     0.9903    0.9895    0.9899      4849
Other_Attack     1.0000    0.9990    0.9995    200863
    PortScan     0.9407    0.9926    0.9660      3530
  Web_Attack     0.4519    0.7500    0.5640       188

    accuracy                         0.8611   1151465
   macro avg     0.8863    0.8561    0.8175   1151465
weighted avg     0.8856    0.8611    0.8050   1151465

2026-06-26 03:32:04,177 - [INFO] - 💾 Đã lưu mô hình nền tảng Phase 1.
2026-06-26 03:32:18,371 - [INFO] - 🔍 Đang phân tích nhiễu phân phối Phase 1 để trích xuất ngưỡng (P99, P95)...
2026-06-26 03:32:33,609 - [INFO] - 🎯 Đã tự động kích hoạt ngưỡng: Rep P99=0.833860 | KAN P99=0.005000 | Entropy P95=0.1129
2026-06-26 03:34:35,066 - [INFO] - 📦 Replay Buffer đã nạp: 4457 mẫu.
2026-06-26 03:34:35,115 - [INFO] - 
============================================================
2026-06-26 03:34:35,115 - [INFO] - 🌊 BẮT ĐẦU LUỒNG: Phase2_DriftTest
2026-06-26 03:34:35,115 - [INFO] - ============================================================
2026-06-26 03:34:35,159 - [INFO] - 📂 Tìm thấy 13411 file parquet.
2026-06-26 03:34:35,159 - [INFO] - 
--- [Phase2_DriftTest] Chunk 1/13411: l1-doh-nondoh ---
2026-06-26 03:34:38,468 - [INFO] - 📊 [TEST] F1-macro trên l1-doh-nondoh: 0.0000 | Entropy: 0.5618
2026-06-26 03:34:38,469 - [INFO] - 
              precision    recall  f1-score   support

      Benign     0.0000    0.0000    0.0000       0.0
      Botnet     0.0000    0.0000    0.0000       0.0
 Brute_Force     0.0000    0.0000    0.0000       0.0
        DDoS     0.0000    0.0000    0.0000       0.0
         DoS     0.0000    0.0000    0.0000       0.0
Infiltration     0.0000    0.0000    0.0000       0.0
Other_Attack     0.0000    0.0000    0.0000   50946.0
    PortScan     0.0000    0.0000    0.0000       0.0
  Web_Attack     0.0000    0.0000    0.0000       0.0

   micro avg     0.0000    0.0000    0.0000   50946.0
   macro avg     0.0000    0.0000    0.0000   50946.0
weighted avg     0.0000    0.0000    0.0000   50946.0

2026-06-26 03:34:41,655 - [INFO] -       [Fine-tune] Epoch 1/1 - Loss: 0.0104
2026-06-26 03:34:43,596 - [INFO] - 📈 S_rep: 0.939723 (Ngưỡng: 0.833860) 
2026-06-26 03:34:43,597 - [INFO] - 📈 S_KAN: 0.000443 (Ngưỡng: 0.005000) 
2026-06-26 03:34:43,597 - [INFO] - 🎯 Kết luận: Type I: Feature Shift → 🔴 DRIFT DETECTED!
2026-06-26 03:34:43,597 - [WARNING] - ⚠️ CẢNH BÁO: POTENTIAL NOVEL ATTACK DETECTED! (Confidence Entropy vượt ngưỡng P95)
2026-06-26 03:34:43,598 - [INFO] - ⚡ Kích hoạt chế độ THÍCH NGHI SÂU (Mix Buffer)...
2026-06-26 03:34:43,683 - [INFO] -       [Fine-tune] Epoch 1/3 - Loss: 0.0128
2026-06-26 03:34:43,731 - [INFO] -       [Fine-tune] Epoch 2/3 - Loss: 0.0135
2026-06-26 03:34:43,779 - [INFO] -       [Fine-tune] Epoch 3/3 - Loss: 0.0121
2026-06-26 03:34:46,511 - [INFO] - 📊 [SAU FINE-TUNE] F1-macro: 0.0000 → 0.0000
2026-06-26 03:34:48,496 - [INFO] - 
--- [Phase2_DriftTest] Chunk 2/13411: l2-benigndoh-maliciousdoh ---
2026-06-26 03:34:50,718 - [INFO] - 📊 [TEST] F1-macro trên l2-benigndoh-maliciousdoh: 0.0000 | Entropy: 0.5945
2026-06-26 03:34:50,718 - [INFO] - 
              precision    recall  f1-score   support

      Benign     0.0000    0.0000    0.0000     947.0
      Botnet     0.0000    0.0000    0.0000       0.0
 Brute_Force     0.0000    0.0000    0.0000       0.0
        DDoS     0.0000    0.0000    0.0000       0.0
         DoS     0.0000    0.0000    0.0000       0.0
Infiltration     0.0000    0.0000    0.0000       0.0
Other_Attack     0.0000    0.0000    0.0000   12476.0
    PortScan     0.0000    0.0000    0.0000       0.0
  Web_Attack     0.0000    0.0000    0.0000       0.0

   micro avg     0.0000    0.0000    0.0000   13423.0
   macro avg     0.0000    0.0000    0.0000   13423.0
weighted avg     0.0000    0.0000    0.0000   13423.0

2026-06-26 03:34:52,939 - [INFO] -       [Fine-tune] Epoch 1/1 - Loss: 0.0103
2026-06-26 03:34:54,923 - [INFO] - 📈 S_rep: 0.940052 (Ngưỡng: 0.833860) 
2026-06-26 03:34:54,923 - [INFO] - 📈 S_KAN: 0.000991 (Ngưỡng: 0.005000) 
2026-06-26 03:34:54,923 - [INFO] - 🎯 Kết luận: Type I: Feature Shift → 🔴 DRIFT DETECTED!
2026-06-26 03:34:54,923 - [WARNING] - ⚠️ CẢNH BÁO: POTENTIAL NOVEL ATTACK DETECTED! (Confidence Entropy vượt ngưỡng P95)
2026-06-26 03:34:54,924 - [INFO] - ⚡ Kích hoạt chế độ THÍCH NGHI SÂU (Mix Buffer)...
2026-06-26 03:34:54,985 - [INFO] -       [Fine-tune] Epoch 1/3 - Loss: 0.0251
2026-06-26 03:34:55,034 - [INFO] -       [Fine-tune] Epoch 2/3 - Loss: 0.0238
2026-06-26 03:34:55,081 - [INFO] -       [Fine-tune] Epoch 3/3 - Loss: 0.0234
2026-06-26 03:34:57,463 - [INFO] - 📊 [SAU FINE-TUNE] F1-macro: 0.0000 → 0.0000
2026-06-26 03:34:59,310 - [INFO] - 
--- [Phase2_DriftTest] Chunk 3/13411: benign-monday-no-metadata ---
2026-06-26 03:35:01,895 - [INFO] - 📊 [TEST] F1-macro trên benign-monday-no-metadata: 0.1244 | Entropy: 0.2538
2026-06-26 03:35:01,895 - [INFO] - 
              precision    recall  f1-score   support

      Benign     1.0000    0.9901    0.9950     22932
      Botnet     0.0000    0.0000    0.0000         0
 Brute_Force     0.0000    0.0000    0.0000         0
        DDoS     0.0000    0.0000    0.0000         0
         DoS     0.0000    0.0000    0.0000         0
Infiltration     0.0000    0.0000    0.0000         0
Other_Attack     0.0000    0.0000    0.0000         0
    PortScan     0.0000    0.0000    0.0000         0
  Web_Attack     0.0000    0.0000    0.0000         0

   micro avg     0.9901    0.9901    0.9901     22932
   macro avg     0.1111    0.1100    0.1106     22932
weighted avg     1.0000    0.9901    0.9950     22932

2026-06-26 03:35:04,403 - [INFO] -       [Fine-tune] Epoch 1/1 - Loss: 0.0001
2026-06-26 03:35:06,261 - [INFO] - 📈 S_rep: 0.968473 (Ngưỡng: 0.833860) 
2026-06-26 03:35:06,261 - [INFO] - 📈 S_KAN: 0.001665 (Ngưỡng: 0.005000) 
2026-06-26 03:35:06,261 - [INFO] - 🎯 Kết luận: Type I: Feature Shift → 🔴 DRIFT DETECTED!
2026-06-26 03:35:06,261 - [WARNING] - ⚠️ CẢNH BÁO: POTENTIAL NOVEL ATTACK DETECTED! (Confidence Entropy vượt ngưỡng P95)
2026-06-26 03:35:06,262 - [INFO] - ⚡ Kích hoạt chế độ THÍCH NGHI SÂU (Mix Buffer)...
2026-06-26 03:35:06,323 - [INFO] -       [Fine-tune] Epoch 1/3 - Loss: 0.0072
2026-06-26 03:35:06,371 - [INFO] -       [Fine-tune] Epoch 2/3 - Loss: 0.0059
2026-06-26 03:35:06,415 - [INFO] -       [Fine-tune] Epoch 3/3 - Loss: 0.0056
2026-06-26 03:35:08,680 - [INFO] - 📊 [SAU FINE-TUNE] F1-macro: 0.1244 → 0.1422
2026-06-26 03:35:10,545 - [INFO] - 
--- [Phase2_DriftTest] Chunk 4/13411: botnet-friday-no-metadata ---
2026-06-26 03:35:12,813 - [INFO] - 📊 [TEST] F1-macro trên botnet-friday-no-metadata: 0.1752 | Entropy: 0.2125
2026-06-26 03:35:12,813 - [INFO] - 
              precision    recall  f1-score   support

      Benign     0.9990    0.9942    0.9966      8721
      Botnet     1.0000    0.0282    0.0548        71
 Brute_Force     0.0000    0.0000    0.0000         0
        DDoS     0.0000    0.0000    0.0000         0
         DoS     0.0000    0.0000    0.0000         0
Infiltration     0.0000    0.0000    0.0000         0
Other_Attack     0.0000    0.0000    0.0000         0
    PortScan     0.0000    0.0000    0.0000         0
  Web_Attack     0.0000    0.0000    0.0000         0

   micro avg     0.9864    0.9864    0.9864      8792
   macro avg     0.2221    0.1136    0.1168      8792
weighted avg     0.9990    0.9864    0.9889      8792

2026-06-26 03:35:14,913 - [INFO] -       [Fine-tune] Epoch 1/1 - Loss: 0.0002
2026-06-26 03:35:16,822 - [INFO] - 📈 S_rep: 0.950888 (Ngưỡng: 0.833860) 
2026-06-26 03:35:16,823 - [INFO] - 📈 S_KAN: 0.002315 (Ngưỡng: 0.005000) 
2026-06-26 03:35:16,823 - [INFO] - 🎯 Kết luận: Type I: Feature Shift → 🔴 DRIFT DETECTED!
2026-06-26 03:35:16,823 - [WARNING] - ⚠️ CẢNH BÁO: POTENTIAL NOVEL ATTACK DETECTED! (Confidence Entropy vượt ngưỡng P95)
2026-06-26 03:35:16,823 - [INFO] - ⚡ Kích hoạt chế độ THÍCH NGHI SÂU (Mix Buffer)...
2026-06-26 03:35:16,882 - [INFO] -       [Fine-tune] Epoch 1/3 - Loss: 0.0049
2026-06-26 03:35:16,930 - [INFO] -       [Fine-tune] Epoch 2/3 - Loss: 0.0051
2026-06-26 03:35:16,972 - [INFO] -       [Fine-tune] Epoch 3/3 - Loss: 0.0047
2026-06-26 03:35:19,028 - [INFO] - 📊 [SAU FINE-TUNE] F1-macro: 0.1752 → 0.1751
2026-06-26 03:35:20,887 - [INFO] - 
--- [Phase2_DriftTest] Chunk 5/13411: bruteforce-tuesday-no-metadata ---
2026-06-26 03:35:23,549 - [INFO] - 📊 [TEST] F1-macro trên bruteforce-tuesday-no-metadata: 0.1661 | Entropy: 0.2245
2026-06-26 03:35:23,550 - [INFO] - 
              precision    recall  f1-score   support

      Benign     0.9986    0.9946    0.9966     19019
      Botnet     0.0000    0.0000    0.0000         0
 Brute_Force     0.0000    0.0000    0.0000       457
        DDoS     0.0000    0.0000    0.0000         0
         DoS     0.0000    0.0000    0.0000         0
Infiltration     0.0000    0.0000    0.0000         0
Other_Attack     0.0000    0.0000    0.0000         0
    PortScan     0.0000    0.0000    0.0000         0
  Web_Attack     0.0000    0.0000    0.0000         0

   micro avg     0.9713    0.9713    0.9713     19476
   macro avg     0.1110    0.1105    0.1107     19476
weighted avg     0.9751    0.9713    0.9732     19476

2026-06-26 03:35:25,996 - [INFO] -       [Fine-tune] Epoch 1/1 - Loss: 0.0223
2026-06-26 03:35:28,058 - [INFO] - 📈 S_rep: 0.925624 (Ngưỡng: 0.833860) 
2026-06-26 03:35:28,058 - [INFO] - 📈 S_KAN: 0.003276 (Ngưỡng: 0.005000) 
2026-06-26 03:35:28,058 - [INFO] - 🎯 Kết luận: Type I: Feature Shift → 🔴 DRIFT DETECTED!
2026-06-26 03:35:28,058 - [WARNING] - ⚠️ CẢNH BÁO: POTENTIAL NOVEL ATTACK DETECTED! (Confidence Entropy vượt ngưỡng P95)
2026-06-26 03:35:28,058 - [INFO] - ⚡ Kích hoạt chế độ THÍCH NGHI SÂU (Mix Buffer)...
2026-06-26 03:35:28,111 - [INFO] -       [Fine-tune] Epoch 1/3 - Loss: 0.0043
2026-06-26 03:35:28,153 - [INFO] -       [Fine-tune] Epoch 2/3 - Loss: 0.0040
2026-06-26 03:35:28,195 - [INFO] -       [Fine-tune] Epoch 3/3 - Loss: 0.0041
2026-06-26 03:35:30,503 - [INFO] - 📊 [SAU FINE-TUNE] F1-macro: 0.1661 → 0.1661
2026-06-26 03:35:32,451 - [INFO] - 
--- [Phase2_DriftTest] Chunk 6/13411: ddos-friday-no-metadata ---
2026-06-26 03:35:34,792 - [INFO] - 📊 [TEST] F1-macro trên ddos-friday-no-metadata: 0.0929 | Entropy: 1.0000
2026-06-26 03:35:34,792 - [INFO] - 
              precision    recall  f1-score   support

      Benign     0.6262    0.9783    0.7636      4653
      Botnet     0.0000    0.0000    0.0000         0
 Brute_Force     0.0000    0.0000    0.0000         0
        DDoS     0.9877    0.0375    0.0723      6400
         DoS     0.0000    0.0000    0.0000         0
Infiltration     0.0000    0.0000    0.0000         0
Other_Attack     0.0000    0.0000    0.0000         0
    PortScan     0.0000    0.0000    0.0000         0
  Web_Attack     0.0000    0.0000    0.0000         0

    accuracy                         0.4335     11053
   macro avg     0.1793    0.1129    0.0929     11053
weighted avg     0.8355    0.4335    0.3633     11053

2026-06-26 03:35:37,004 - [INFO] -       [Fine-tune] Epoch 1/1 - Loss: 0.0010
2026-06-26 03:35:39,186 - [INFO] - 📈 S_rep: 0.893477 (Ngưỡng: 0.833860) 
2026-06-26 03:35:39,187 - [INFO] - 📈 S_KAN: 0.004244 (Ngưỡng: 0.005000) 
2026-06-26 03:35:39,187 - [INFO] - 🎯 Kết luận: Type I: Feature Shift → 🔴 DRIFT DETECTED!
2026-06-26 03:35:39,187 - [WARNING] - ⚠️ CẢNH BÁO: POTENTIAL NOVEL ATTACK DETECTED! (Confidence Entropy vượt ngưỡng P95)
2026-06-26 03:35:39,187 - [INFO] - ⚡ Kích hoạt chế độ THÍCH NGHI SÂU (Mix Buffer)...
2026-06-26 03:35:39,254 - [INFO] -       [Fine-tune] Epoch 1/3 - Loss: 0.0054
2026-06-26 03:35:39,309 - [INFO] -       [Fine-tune] Epoch 2/3 - Loss: 0.0057
2026-06-26 03:35:39,362 - [INFO] -       [Fine-tune] Epoch 3/3 - Loss: 0.0059
2026-06-26 03:35:41,476 - [INFO] - 📊 [SAU FINE-TUNE] F1-macro: 0.0929 → 0.0921
2026-06-26 03:35:43,392 - [INFO] - 
--- [Phase2_DriftTest] Chunk 7/13411: dos-wednesday-no-metadata ---
2026-06-26 03:35:46,374 - [INFO] - 📊 [TEST] F1-macro trên dos-wednesday-no-metadata: 0.1347 | Entropy: 0.4351
2026-06-26 03:35:46,374 - [INFO] - 
              precision    recall  f1-score   support

      Benign     0.7343    0.9947    0.8449     19552
      Botnet     0.0000    0.0000    0.0000         0
 Brute_Force     0.0000    0.0000    0.0000         0
        DDoS     0.0000    0.0000    0.0000         0
         DoS     0.9824    0.0517    0.0983      9687
Infiltration     0.0000    0.0000    0.0000         0
Other_Attack     0.0000    0.0000    0.0000         1
    PortScan     0.0000    0.0000    0.0000         0
  Web_Attack     0.0000    0.0000    0.0000         0

   micro avg     0.6823    0.6823    0.6823     29240
   macro avg     0.1907    0.1163    0.1048     29240
weighted avg     0.8164    0.6823    0.5975     29240

2026-06-26 03:35:49,171 - [INFO] -       [Fine-tune] Epoch 1/1 - Loss: 0.0020
2026-06-26 03:35:51,249 - [INFO] - 📈 S_rep: 0.886289 (Ngưỡng: 0.833860) 
2026-06-26 03:35:51,249 - [INFO] - 📈 S_KAN: 0.005898 (Ngưỡng: 0.005000) 
2026-06-26 03:35:51,249 - [INFO] - 🎯 Kết luận: Type III: Severe Concept Drift → 🔴 DRIFT DETECTED!
2026-06-26 03:35:51,250 - [WARNING] - ⚠️ CẢNH BÁO: POTENTIAL NOVEL ATTACK DETECTED! (Confidence Entropy vượt ngưỡng P95)
2026-06-26 03:35:51,250 - [INFO] - ⚡ Kích hoạt chế độ THÍCH NGHI SÂU (Mix Buffer)...
2026-06-26 03:35:51,310 - [INFO] -       [Fine-tune] Epoch 1/3 - Loss: 0.0063
2026-06-26 03:35:51,353 - [INFO] -       [Fine-tune] Epoch 2/3 - Loss: 0.0052
2026-06-26 03:35:51,395 - [INFO] -       [Fine-tune] Epoch 3/3 - Loss: 0.0057
2026-06-26 03:35:53,896 - [INFO] - 📊 [SAU FINE-TUNE] F1-macro: 0.1347 → 0.1348
2026-06-26 03:35:55,941 - [INFO] - 
--- [Phase2_DriftTest] Chunk 8/13411: infiltration-thursday-no-metadata ---
2026-06-26 03:35:58,263 - [INFO] - 📊 [TEST] F1-macro trên infiltration-thursday-no-metadata: 0.1996 | Entropy: 0.2100
2026-06-26 03:35:58,263 - [INFO] - 
              precision    recall  f1-score   support

      Benign     0.9999    0.9963    0.9981     10370
      Botnet     0.0000    0.0000    0.0000         0
 Brute_Force     0.0000    0.0000    0.0000         0
        DDoS     0.0000    0.0000    0.0000         0
         DoS     0.0000    0.0000    0.0000         0
Infiltration     0.0000    0.0000    0.0000         1
Other_Attack     0.0000    0.0000    0.0000         0
    PortScan     0.0000    0.0000    0.0000         0
  Web_Attack     0.0000    0.0000    0.0000         0

   micro avg     0.9962    0.9962    0.9962     10371
   macro avg     0.1111    0.1107    0.1109     10371
weighted avg     0.9998    0.9962    0.9980     10371

2026-06-26 03:36:00,387 - [INFO] -       [Fine-tune] Epoch 1/1 - Loss: 0.0001
2026-06-26 03:36:02,207 - [INFO] - 📈 S_rep: 0.864943 (Ngưỡng: 0.833860) 
2026-06-26 03:36:02,208 - [INFO] - 📈 S_KAN: 0.007266 (Ngưỡng: 0.005000) 
2026-06-26 03:36:02,208 - [INFO] - 🎯 Kết luận: Type III: Severe Concept Drift → 🔴 DRIFT DETECTED!
2026-06-26 03:36:02,208 - [WARNING] - ⚠️ CẢNH BÁO: POTENTIAL NOVEL ATTACK DETECTED! (Confidence Entropy vượt ngưỡng P95)
2026-06-26 03:36:02,208 - [INFO] - ⚡ Kích hoạt chế độ THÍCH NGHI SÂU (Mix Buffer)...
2026-06-26 03:36:02,276 - [INFO] -       [Fine-tune] Epoch 1/3 - Loss: 0.0044
2026-06-26 03:36:02,324 - [INFO] -       [Fine-tune] Epoch 2/3 - Loss: 0.0045
2026-06-26 03:36:02,372 - [INFO] -       [Fine-tune] Epoch 3/3 - Loss: 0.0043
2026-06-26 03:36:04,450 - [INFO] - 📊 [SAU FINE-TUNE] F1-macro: 0.1996 → 0.1996
2026-06-26 03:36:06,287 - [INFO] - 
--- [Phase2_DriftTest] Chunk 9/13411: portscan-friday-no-metadata ---
2026-06-26 03:36:08,382 - [INFO] - 📊 [TEST] F1-macro trên portscan-friday-no-metadata: 0.1661 | Entropy: 0.2193
2026-06-26 03:36:08,382 - [INFO] - 
              precision    recall  f1-score   support

      Benign     0.9968    0.9966    0.9967      5869
      Botnet     0.0000    0.0000    0.0000         0
 Brute_Force     0.0000    0.0000    0.0000         0
        DDoS     0.0000    0.0000    0.0000         0
         DoS     0.0000    0.0000    0.0000         0
Infiltration     0.0000    0.0000    0.0000         0
Other_Attack     0.0000    0.0000    0.0000         0
    PortScan     0.0000    0.0000    0.0000        97
  Web_Attack     0.0000    0.0000    0.0000         0

   micro avg     0.9804    0.9804    0.9804      5966
   macro avg     0.1108    0.1107    0.1107      5966
weighted avg     0.9806    0.9804    0.9805      5966

2026-06-26 03:36:10,440 - [INFO] -       [Fine-tune] Epoch 1/1 - Loss: 0.0011
2026-06-26 03:36:12,288 - [INFO] - 📈 S_rep: 0.842708 (Ngưỡng: 0.833860) 
2026-06-26 03:36:12,289 - [INFO] - 📈 S_KAN: 0.008406 (Ngưỡng: 0.005000) 
2026-06-26 03:36:12,289 - [INFO] - 🎯 Kết luận: Type III: Severe Concept Drift → 🔴 DRIFT DETECTED!
2026-06-26 03:36:12,289 - [WARNING] - ⚠️ CẢNH BÁO: POTENTIAL NOVEL ATTACK DETECTED! (Confidence Entropy vượt ngưỡng P95)
2026-06-26 03:36:12,289 - [INFO] - ⚡ Kích hoạt chế độ THÍCH NGHI SÂU (Mix Buffer)...
2026-06-26 03:36:12,348 - [INFO] -       [Fine-tune] Epoch 1/3 - Loss: 0.0041
2026-06-26 03:36:12,396 - [INFO] -       [Fine-tune] Epoch 2/3 - Loss: 0.0041
2026-06-26 03:36:12,442 - [INFO] -       [Fine-tune] Epoch 3/3 - Loss: 0.0042
2026-06-26 03:36:14,474 - [INFO] - 📊 [SAU FINE-TUNE] F1-macro: 0.1661 → 0.1661
2026-06-26 03:36:16,362 - [INFO] - 
--- [Phase2_DriftTest] Chunk 10/13411: webattacks-thursday-no-metadata ---
2026-06-26 03:36:18,580 - [INFO] - 📊 [TEST] F1-macro trên webattacks-thursday-no-metadata: 0.1995 | Entropy: 0.2491
2026-06-26 03:36:18,580 - [INFO] - 
              precision    recall  f1-score   support

      Benign     0.9993    0.9958    0.9976      7674
      Botnet     0.0000    0.0000    0.0000         0
 Brute_Force     0.0000    0.0000    0.0000         0
        DDoS     0.0000    0.0000    0.0000         0
         DoS     0.0000    0.0000    0.0000         0
Infiltration     0.0000    0.0000    0.0000         0
Other_Attack     0.0000    0.0000    0.0000         0
    PortScan     0.0000    0.0000    0.0000         0
  Web_Attack     0.0000    0.0000    0.0000       107

   micro avg     0.9821    0.9821    0.9821      7781
   macro avg     0.1110    0.1106    0.1108      7781
weighted avg     0.9856    0.9821    0.9839      7781

2026-06-26 03:36:20,707 - [INFO] -       [Fine-tune] Epoch 1/1 - Loss: 0.0032
2026-06-26 03:36:22,533 - [INFO] - 📈 S_rep: 0.817605 (Ngưỡng: 0.833860) 
2026-06-26 03:36:22,533 - [INFO] - 📈 S_KAN: 0.010091 (Ngưỡng: 0.005000) 
2026-06-26 03:36:22,533 - [INFO] - 🎯 Kết luận: Type II: Decision Shift → 🔴 DRIFT DETECTED!
2026-06-26 03:36:22,533 - [WARNING] - ⚠️ CẢNH BÁO: POTENTIAL NOVEL ATTACK DETECTED! (Confidence Entropy vượt ngưỡng P95)
2026-06-26 03:36:22,533 - [INFO] - ⚡ Kích hoạt chế độ THÍCH NGHI SÂU (Mix Buffer)...
2026-06-26 03:36:22,587 - [INFO] -       [Fine-tune] Epoch 1/3 - Loss: 0.0039
2026-06-26 03:36:22,630 - [INFO] -       [Fine-tune] Epoch 2/3 - Loss: 0.0044
2026-06-26 03:36:22,671 - [INFO] -       [Fine-tune] Epoch 3/3 - Loss: 0.0042
2026-06-26 03:36:24,719 - [INFO] - 📊 [SAU FINE-TUNE] F1-macro: 0.1995 → 0.1995
2026-06-26 03:36:26,603 - [INFO] - 
--- [Phase2_DriftTest] Chunk 11/13411: all ---
2026-06-26 03:36:28,563 - [INFO] - 📊 [TEST] F1-macro trên all: 0.0000 | Entropy: 0.8022
2026-06-26 03:36:28,564 - [INFO] - 
              precision    recall  f1-score   support

      Benign     0.0000    0.0000    0.0000       0.0
      Botnet     0.0000    0.0000    0.0000       0.0
 Brute_Force     0.0000    0.0000    0.0000       0.0
        DDoS     0.0000    0.0000    0.0000       0.0
         DoS     0.0000    0.0000    0.0000       0.0
Infiltration     0.0000    0.0000    0.0000       0.0
Other_Attack     0.0000    0.0000    0.0000    2320.0
    PortScan     0.0000    0.0000    0.0000       0.0
  Web_Attack     0.0000    0.0000    0.0000       0.0

   micro avg     0.0000    0.0000    0.0000    2320.0
   macro avg     0.0000    0.0000    0.0000    2320.0
weighted avg     0.0000    0.0000    0.0000    2320.0

2026-06-26 03:36:30,576 - [INFO] -       [Fine-tune] Epoch 1/1 - Loss: 0.0071
2026-06-26 03:36:32,409 - [INFO] - 📈 S_rep: 0.938324 (Ngưỡng: 0.833860) 
2026-06-26 03:36:32,409 - [INFO] - 📈 S_KAN: 0.011468 (Ngưỡng: 0.005000) 
2026-06-26 03:36:32,409 - [INFO] - 🎯 Kết luận: Type III: Severe Concept Drift → 🔴 DRIFT DETECTED!
2026-06-26 03:36:32,409 - [WARNING] - ⚠️ CẢNH BÁO: POTENTIAL NOVEL ATTACK DETECTED! (Confidence Entropy vượt ngưỡng P95)
2026-06-26 03:36:32,409 - [INFO] - ⚡ Kích hoạt chế độ THÍCH NGHI SÂU (Mix Buffer)...
2026-06-26 03:36:32,473 - [INFO] -       [Fine-tune] Epoch 1/3 - Loss: 0.0095
2026-06-26 03:36:32,520 - [INFO] -       [Fine-tune] Epoch 2/3 - Loss: 0.0090
2026-06-26 03:36:32,567 - [INFO] -       [Fine-tune] Epoch 3/3 - Loss: 0.0088
2026-06-26 03:36:34,493 - [INFO] - 📊 [SAU FINE-TUNE] F1-macro: 0.0000 → 0.0000
2026-06-26 03:36:36,328 - [INFO] - 
--- [Phase2_DriftTest] Chunk 12/13411: dns2tcp_tunnel_1111_doh10_2020-03-31t21_54_36.738995 ---
2026-06-26 03:36:36,339 - [WARNING] - ⚠️ Chunk dns2tcp_tunnel_1111_doh10_2020-03-31t21_54_36.738995 quá nhỏ (1 dòng). Bỏ qua.
2026-06-26 03:36:36,339 - [INFO] - 
--- [Phase2_DriftTest] Chunk 13/13411: dns2tcp_tunnel_1111_doh10_2020-03-31t22_17_08.754589 ---
2026-06-26 03:36:36,346 - [WARNING] - ⚠️ Chunk dns2tcp_tunnel_1111_doh10_2020-03-31t22_17_08.754589 quá nhỏ (1 dòng). Bỏ qua.
2026-06-26 03:36:36,346 - [INFO] - 
--- [Phase2_DriftTest] Chunk 14/13411: dns2tcp_tunnel_1111_doh10_2020-03-31t22_39_43.625468 ---
2026-06-26 03:36:36,352 - [WARNING] - ⚠️ Chunk dns2tcp_tunnel_1111_doh10_2020-03-31t22_39_43.625468 quá nhỏ (1 dòng). Bỏ qua.
2026-06-26 03:36:36,353 - [INFO] - 
--- [Phase2_DriftTest] Chunk 15/13411: dns2tcp_tunnel_1111_doh10_2020-03-31t23_02_17.192006 ---
2026-06-26 03:36:36,359 - [WARNING] - ⚠️ Chunk dns2tcp_tunnel_1111_doh10_2020-03-31t23_02_17.192006 quá nhỏ (1 dòng). Bỏ qua.
2026-06-26 03:36:36,359 - [INFO] - 
--- [Phase2_DriftTest] Chunk 16/13411: dns2tcp_tunnel_1111_doh10_2020-03-31t23_24_52.238463 ---
2026-06-26 03:36:36,367 - [WARNING] - ⚠️ Chunk dns2tcp_tunnel_1111_doh10_2020-03-31t23_24_52.238463 quá nhỏ (1 dòng). Bỏ qua.
2026-06-26 03:36:36,367 - [INFO] - 
--- [Phase2_DriftTest] Chunk 17/13411: dns2tcp_tunnel_1111_doh10_2020-03-31t23_47_26.811275 ---
2026-06-26 03:36:36,375 - [WARNING] - ⚠️ Chunk dns2tcp_tunnel_1111_doh10_2020-03-31t23_47_26.811275 quá nhỏ (1 dòng). Bỏ qua.
2026-06-26 03:36:36,375 - [INFO] - 
--- [Phase2_DriftTest] Chunk 18/13411: dns2tcp_tunnel_1111_doh10_2020-04-01t00_10_00.970423 ---
2026-06-26 03:36:36,383 - [WARNING] - ⚠️ Chunk dns2tcp_tunnel_1111_doh10_2020-04-01t00_10_00.970423 quá nhỏ (1 dòng). Bỏ qua.
2026-06-26 03:36:36,383 - [INFO] - 
--- [Phase2_DriftTest] Chunk 19/13411: dns2tcp_tunnel_1111_doh10_2020-04-01t00_32_36.674495 ---
2026-06-26 03:36:36,390 - [WARNING] - ⚠️ Chunk dns2tcp_tunnel_1111_doh10_2020-04-01t00_32_36.674495 quá nhỏ (1 dòng). Bỏ qua.
2026-06-26 03:36:36,390 - [INFO] - 
--- [Phase2_DriftTest] Chunk 20/13411: dns2tcp_tunnel_1111_doh10_2020-04-01t00_55_11.699980 ---
2026-06-26 03:36:36,397 - [WARNING] - ⚠️ Chunk dns2tcp_tunnel_1111_doh10_2020-04-01t00_55_11.699980 quá nhỏ (1 dòng). Bỏ qua.
2026-06-26 03:36:36,398 - [INFO] - 
--- [Phase2_DriftTest] Chunk 21/13411: dns2tcp_tunnel_1111_doh10_2020-04-01t01_17_46.638816 ---
2026-06-26 03:36:36,405 - [WARNING] - ⚠️ Chunk dns2tcp_tunnel_1111_doh10_2020-04-01t01_17_46.638816 quá nhỏ (1 dòng). Bỏ qua.
2026-06-26 03:36:36,405 - [INFO] - 
--- [Phase2_DriftTest] Chunk 22/13411: dns2tcp_tunnel_1111_doh10_2020-04-01t01_40_21.362335 ---
2026-06-26 03:36:36,412 - [WARNING] - ⚠️ Chunk dns2tcp_tunnel_1111_doh10_2020-04-01t01_40_21.362335 quá nhỏ (1 dòng). Bỏ qua.
2026-06-26 03:36:36,412 - [INFO] - 
--- [Phase2_DriftTest] Chunk 23/13411: dns2tcp_tunnel_1111_doh10_2020-04-01t02_02_56.003468 ---
2026-06-26 03:36:36,420 - [WARNING] - ⚠️ Chunk dns2tcp_tunnel_1111_doh10_2020-04-01t02_02_56.003468 quá nhỏ (1 dòng). Bỏ qua.
2026-06-26 03:36:36,420 - [INFO] - 
--- [Phase2_DriftTest] Chunk 24/13411: dns2tcp_tunnel_1111_doh10_2020-04-01t02_25_31.697457 ---
2026-06-26 03:36:36,426 - [WARNING] - ⚠️ Chunk dns2tcp_tunnel_1111_doh10_2020-04-01t02_25_31.697457 quá nhỏ (1 dòng). Bỏ qua.
2026-06-26 03:36:36,426 - [INFO] - 
--- [Phase2_DriftTest] Chunk 25/13411: dns2tcp_tunnel_1111_doh10_2020-04-01t02_48_06.149514 ---
2026-06-26 03:36:36,433 - [WARNING] - ⚠️ Chunk dns2tcp_tunnel_1111_doh10_2020-04-01t02_48_06.149514 quá nhỏ (1 dòng). Bỏ qua.
2026-06-26 03:36:36,433 - [INFO] - 
--- [Phase2_DriftTest] Chunk 26/13411: dns2tcp_tunnel_1111_doh10_2020-04-01t03_10_40.301155 ---
2026-06-26 03:36:36,442 - [WARNING] - ⚠️ Chunk dns2tcp_tunnel_1111_doh10_2020-04-01t03_10_40.301155 quá nhỏ (1 dòng). Bỏ qua.
2026-06-26 03:36:36,442 - [INFO] - 
--- [Phase2_DriftTest] Chunk 27/13411: dns2tcp_tunnel_1111_doh10_2020-04-01t03_33_15.133643 ---
2026-06-26 03:36:36,450 - [WARNING] - ⚠️ Chunk dns2tcp_tunnel_1111_doh10_2020-04-01t03_33_15.133643 quá nhỏ (1 dòng). Bỏ qua.
2026-06-26 03:36:36,450 - [INFO] - 
--- [Phase2_DriftTest] Chunk 28/13411: dns2tcp_tunnel_1111_doh10_2020-04-01t03_55_46.118963 ---
2026-06-26 03:36:36,457 - [WARNING] - ⚠️ Chunk dns2tcp_tunnel_1111_doh10_2020-04-01t03_55_46.118963 quá nhỏ (1 dòng). Bỏ qua.
2026-06-26 03:36:36,457 - [INFO] - 
--- [Phase2_DriftTest] Chunk 29/13411: dns2tcp_tunnel_1111_doh10_2020-04-01t04_18_20.038577 ---
2026-06-26 03:36:36,464 - [WARNING] - ⚠️ Chunk dns2tcp_tunnel_1111_doh10_2020-04-01t04_18_20.038577 quá nhỏ (1 dòng). Bỏ qua.
2026-06-26 03:36:36,464 - [INFO] - 
--- [Phase2_DriftTest] Chunk 30/13411: dns2tcp_tunnel_1111_doh10_2020-04-01t04_40_56.054615 ---
2026-06-26 03:36:36,471 - [WARNING] - ⚠️ Chunk dns2tcp_tunnel_1111_doh10_2020-04-01t04_40_56.054615 quá nhỏ (1 dòng). Bỏ qua.
2026-06-26 03:36:36,471 - [INFO] - 
--- [Phase2_DriftTest] Chunk 31/13411: dns2tcp_tunnel_1111_doh10_2020-04-01t05_03_28.464811 ---
2026-06-26 03:36:36,478 - [WARNING] - ⚠️ Chunk dns2tcp_tunnel_1111_doh10_2020-04-01t05_03_28.464811 quá nhỏ (1 dòng). Bỏ qua.
2026-06-26 03:36:36,478 - [INFO] - 
--- [Phase2_DriftTest] Chunk 32/13411: dns2tcp_tunnel_1111_doh10_2020-04-01t05_26_00.263347 ---
2026-06-26 03:36:36,485 - [WARNING] - ⚠️ Chunk dns2tcp_tunnel_1111_doh10_2020-04-01t05_26_00.263347 quá nhỏ (1 dòng). Bỏ qua.
2026-06-26 03:36:36,485 - [INFO] - 
--- [Phase2_DriftTest] Chunk 33/13411: dns2tcp_tunnel_1111_doh10_2020-04-01t05_48_46.582383 ---
2026-06-26 03:36:36,491 - [WARNING] - ⚠️ Chunk dns2tcp_tunnel_1111_doh10_2020-04-01t05_48_46.582383 quá nhỏ (1 dòng). Bỏ qua.
2026-06-26 03:36:36,492 - [INFO] - 
--- [Phase2_DriftTest] Chunk 34/13411: dns2tcp_tunnel_1111_doh10_2020-04-01t06_11_25.641802 ---
2026-06-26 03:36:36,500 - [WARNING] - ⚠️ Chunk dns2tcp_tunnel_1111_doh10_2020-04-01t06_11_25.641802 quá nhỏ (1 dòng). Bỏ qua.
2026-06-26 03:36:36,500 - [INFO] - 
--- [Phase2_DriftTest] Chunk 35/13411: dns2tcp_tunnel_1111_doh10_2020-04-01t06_34_03.364994 ---
2026-06-26 03:36:36,507 - [WARNING] - ⚠️ Chunk dns2tcp_tunnel_1111_doh10_2020-04-01t06_34_03.364994 quá nhỏ (1 dòng). Bỏ qua.
2026-06-26 03:36:36,507 - [INFO] - 
--- [Phase2_DriftTest] Chunk 36/13411: dns2tcp_tunnel_1111_doh10_2020-04-01t06_56_39.137529 ---
2026-06-26 03:36:36,514 - [WARNING] - ⚠️ Chunk dns2tcp_tunnel_1111_doh10_2020-04-01t06_56_39.137529 quá nhỏ (1 dòng). Bỏ qua.
2026-06-26 03:36:36,514 - [INFO] - 
--- [Phase2_DriftTest] Chunk 37/13411: dns2tcp_tunnel_1111_doh10_2020-04-01t07_19_14.840126 ---
2026-06-26 03:36:36,522 - [WARNING] - ⚠️ Chunk dns2tcp_tunnel_1111_doh10_2020-04-01t07_19_14.840126 quá nhỏ (1 dòng). Bỏ qua.
2026-06-26 03:36:36,522 - [INFO] - 
--- [Phase2_DriftTest] Chunk 38/13411: dns2tcp_tunnel_1111_doh10_2020-04-01t07_41_47.996422 ---
2026-06-26 03:36:36,530 - [WARNING] - ⚠️ Chunk dns2tcp_tunnel_1111_doh10_2020-04-01t07_41_47.996422 quá nhỏ (1 dòng). Bỏ qua.
2026-06-26 03:36:36,530 - [INFO] - 
--- [Phase2_DriftTest] Chunk 39/13411: dns2tcp_tunnel_1111_doh10_2020-04-01t08_04_21.921566 ---
2026-06-26 03:36:36,537 - [WARNING] - ⚠️ Chunk dns2tcp_tunnel_1111_doh10_2020-04-01t08_04_21.921566 quá nhỏ (1 dòng). Bỏ qua.
2026-06-26 03:36:36,537 - [INFO] - 
--- [Phase2_DriftTest] Chunk 40/13411: dns2tcp_tunnel_1111_doh10_2020-04-01t08_26_52.710159 ---
2026-06-26 03:36:36,545 - [WARNING] - ⚠️ Chunk dns2tcp_tunnel_1111_doh10_2020-04-01t08_26_52.710159 quá nhỏ (1 dòng). Bỏ qua.
2026-06-26 03:36:36,545 - [INFO] - 
--- [Phase2_DriftTest] Chunk 41/13411: dns2tcp_tunnel_1111_doh10_2020-04-01t08_49_25.256094 ---
2026-06-26 03:36:36,551 - [WARNING] - ⚠️ Chunk dns2tcp_tunnel_1111_doh10_2020-04-01t08_49_25.256094 quá nhỏ (1 dòng). Bỏ qua.
2026-06-26 03:36:36,552 - [INFO] - 
--- [Phase2_DriftTest] Chunk 42/13411: dns2tcp_tunnel_1111_doh10_2020-04-01t09_11_58.917068 ---
2026-06-26 03:36:36,558 - [WARNING] - ⚠️ Chunk dns2tcp_tunnel_1111_doh10_2020-04-01t09_11_58.917068 quá nhỏ (1 dòng). Bỏ qua.
2026-06-26 03:36:36,558 - [INFO] - 
--- [Phase2_DriftTest] Chunk 43/13411: dns2tcp_tunnel_1111_doh10_2020-04-01t09_34_33.021139 ---
2026-06-26 03:36:36,566 - [WARNING] - ⚠️ Chunk dns2tcp_tunnel_1111_doh10_2020-04-01t09_34_33.021139 quá nhỏ (1 dòng). Bỏ qua.
2026-06-26 03:36:36,566 - [INFO] - 
--- [Phase2_DriftTest] Chunk 44/13411: dns2tcp_tunnel_1111_doh10_2020-04-01t09_57_05.297657 ---
2026-06-26 03:36:36,574 - [WARNING] - ⚠️ Chunk dns2tcp_tunnel_1111_doh10_2020-04-01t09_57_05.297657 quá nhỏ (1 dòng). Bỏ qua.
2026-06-26 03:36:36,574 - [INFO] - 
--- [Phase2_DriftTest] Chunk 45/13411: dns2tcp_tunnel_1111_doh10_2020-04-01t10_19_40.753302 ---
2026-06-26 03:36:36,581 - [WARNING] - ⚠️ Chunk dns2tcp_tunnel_1111_doh10_2020-04-01t10_19_40.753302 quá nhỏ (1 dòng). Bỏ qua.
2026-06-26 03:36:36,581 - [INFO] - 
--- [Phase2_DriftTest] Chunk 46/13411: dns2tcp_tunnel_1111_doh10_2020-04-01t10_42_13.229355 ---
2026-06-26 03:36:36,590 - [WARNING] - ⚠️ Chunk dns2tcp_tunnel_1111_doh10_2020-04-01t10_42_13.229355 quá nhỏ (1 dòng). Bỏ qua.
2026-06-26 03:36:36,590 - [INFO] - 
--- [Phase2_DriftTest] Chunk 47/13411: dns2tcp_tunnel_1111_doh10_2020-04-01t11_04_43.132093 ---
2026-06-26 03:36:36,596 - [WARNING] - ⚠️ Chunk dns2tcp_tunnel_1111_doh10_2020-04-01t11_04_43.132093 quá nhỏ (1 dòng). Bỏ qua.
2026-06-26 03:36:36,597 - [INFO] - 
--- [Phase2_DriftTest] Chunk 48/13411: dns2tcp_tunnel_1111_doh10_2020-04-01t11_27_11.841086 ---
2026-06-26 03:36:36,604 - [WARNING] - ⚠️ Chunk dns2tcp_tunnel_1111_doh10_2020-04-01t11_27_11.841086 quá nhỏ (1 dòng). Bỏ qua.
2026-06-26 03:36:36,604 - [INFO] - 
--- [Phase2_DriftTest] Chunk 49/13411: dns2tcp_tunnel_1111_doh10_2020-04-01t11_49_40.393338 ---
2026-06-26 03:36:36,611 - [WARNING] - ⚠️ Chunk dns2tcp_tunnel_1111_doh10_2020-04-01t11_49_40.393338 quá nhỏ (1 dòng). Bỏ qua.
2026-06-26 03:36:36,611 - [INFO] - 
--- [Phase2_DriftTest] Chunk 50/13411: dns2tcp_tunnel_1111_doh10_2020-04-01t12_12_08.383993 ---
2026-06-26 03:36:36,618 - [WARNING] - ⚠️ Chunk dns2tcp_tunnel_1111_doh10_2020-04-01t12_12_08.383993 quá nhỏ (1 dòng). Bỏ qua.
2026-06-26 03:36:36,618 - [INFO] - 
--- [Phase2_DriftTest] Chunk 51/13411: dns2tcp_tunnel_1111_doh10_2020-04-01t12_34_36.492801 ---
2026-06-26 03:36:36,625 - [WARNING] - ⚠️ Chunk dns2tcp_tunnel_1111_doh10_2020-04-01t12_34_36.492801 quá nhỏ (1 dòng). Bỏ qua.
2026-06-26 03:36:36,625 - [INFO] - 
--- [Phase2_DriftTest] Chunk 52/13411: dns2tcp_tunnel_1111_doh10_2020-04-01t12_57_05.795165 ---
2026-06-26 03:36:36,632 - [WARNING] - ⚠️ Chunk dns2tcp_tunnel_1111_doh10_2020-04-01t12_57_05.795165 quá nhỏ (1 dòng). Bỏ qua.
2026-06-26 03:36:36,632 - [INFO] - 
--- [Phase2_DriftTest] Chunk 53/13411: dns2tcp_tunnel_1111_doh10_2020-04-01t13_19_34.691723 ---
2026-06-26 03:36:36,639 - [WARNING] - ⚠️ Chunk dns2tcp_tunnel_1111_doh10_2020-04-01t13_19_34.691723 quá nhỏ (1 dòng). Bỏ qua.
2026-06-26 03:36:36,639 - [INFO] - 
--- [Phase2_DriftTest] Chunk 54/13411: dns2tcp_tunnel_1111_doh10_2020-04-01t13_42_07.794225 ---
2026-06-26 03:36:36,646 - [WARNING] - ⚠️ Chunk dns2tcp_tunnel_1111_doh10_2020-04-01t13_42_07.794225 quá nhỏ (1 dòng). Bỏ qua.
2026-06-26 03:36:36,646 - [INFO] - 
--- [Phase2_DriftTest] Chunk 55/13411: dns2tcp_tunnel_1111_doh10_2020-04-01t14_04_42.305563 ---
2026-06-26 03:36:36,653 - [WARNING] - ⚠️ Chunk dns2tcp_tunnel_1111_doh10_2020-04-01t14_04_42.305563 quá nhỏ (1 dòng). Bỏ qua.
2026-06-26 03:36:36,653 - [INFO] - 
--- [Phase2_DriftTest] Chunk 56/13411: dns2tcp_tunnel_1111_doh10_2020-04-01t14_27_15.019148 ---
2026-06-26 03:36:36,660 - [WARNING] - ⚠️ Chunk dns2tcp_tunnel_1111_doh10_2020-04-01t14_27_15.019148 quá nhỏ (1 dòng). Bỏ qua.
2026-06-26 03:36:36,660 - [INFO] - 
--- [Phase2_DriftTest] Chunk 57/13411: dns2tcp_tunnel_1111_doh10_2020-04-01t14_49_49.471413 ---
2026-06-26 03:36:36,667 - [WARNING] - ⚠️ Chunk dns2tcp_tunnel_1111_doh10_2020-04-01t14_49_49.471413 quá nhỏ (1 dòng). Bỏ qua.
2026-06-26 03:36:36,667 - [INFO] - 
--- [Phase2_DriftTest] Chunk 58/13411: dns2tcp_tunnel_1111_doh10_2020-04-01t15_12_23.190427 ---
2026-06-26 03:36:36,674 - [WARNING] - ⚠️ Chunk dns2tcp_tunnel_1111_doh10_2020-04-01t15_12_23.190427 quá nhỏ (1 dòng). Bỏ qua.
2026-06-26 03:36:36,674 - [INFO] - 
--- [Phase2_DriftTest] Chunk 59/13411: dns2tcp_tunnel_1111_doh10_2020-04-01t15_34_54.372919 ---
2026-06-26 03:36:36,681 - [WARNING] - ⚠️ Chunk dns2tcp_tunnel_1111_doh10_2020-04-01t15_34_54.372919 quá nhỏ (1 dòng). Bỏ qua.
2026-06-26 03:36:36,681 - [INFO] - 
--- [Phase2_DriftTest] Chunk 60/13411: dns2tcp_tunnel_1111_doh10_2020-04-01t15_57_25.774466 ---
2026-06-26 03:36:36,687 - [WARNING] - ⚠️ Chunk dns2tcp_tunnel_1111_doh10_2020-04-01t15_57_25.774466 quá nhỏ (1 dòng). Bỏ qua.
2026-06-26 03:36:36,688 - [INFO] - 
--- [Phase2_DriftTest] Chunk 61/13411: dns2tcp_tunnel_1111_doh10_2020-04-01t16_19_54.113971 ---
2026-06-26 03:36:36,694 - [WARNING] - ⚠️ Chunk dns2tcp_tunnel_1111_doh10_2020-04-01t16_19_54.113971 quá nhỏ (1 dòng). Bỏ qua.
2026-06-26 03:36:36,695 - [INFO] - 
--- [Phase2_DriftTest] Chunk 62/13411: dns2tcp_tunnel_1111_doh10_2020-04-01t16_42_23.577449 ---
2026-06-26 03:36:36,701 - [WARNING] - ⚠️ Chunk dns2tcp_tunnel_1111_doh10_2020-04-01t16_42_23.577449 quá nhỏ (1 dòng). Bỏ qua.
2026-06-26 03:36:36,702 - [INFO] - 
--- [Phase2_DriftTest] Chunk 63/13411: dns2tcp_tunnel_1111_doh10_2020-04-01t17_04_53.927036 ---
2026-06-26 03:36:36,709 - [WARNING] - ⚠️ Chunk dns2tcp_tunnel_1111_doh10_2020-04-01t17_04_53.927036 quá nhỏ (1 dòng). Bỏ qua.
2026-06-26 03:36:36,709 - [INFO] - 
--- [Phase2_DriftTest] Chunk 64/13411: dns2tcp_tunnel_1111_doh10_2020-04-01t17_27_23.120551 ---
2026-06-26 03:36:36,715 - [WARNING] - ⚠️ Chunk dns2tcp_tunnel_1111_doh10_2020-04-01t17_27_23.120551 quá nhỏ (1 dòng). Bỏ qua.
2026-06-26 03:36:36,716 - [INFO] - 
--- [Phase2_DriftTest] Chunk 65/13411: dns2tcp_tunnel_1111_doh10_2020-04-01t17_49_59.854536 ---
2026-06-26 03:36:36,723 - [WARNING] - ⚠️ Chunk dns2tcp_tunnel_1111_doh10_2020-04-01t17_49_59.854536 quá nhỏ (1 dòng). Bỏ qua.
2026-06-26 03:36:36,723 - [INFO] - 
--- [Phase2_DriftTest] Chunk 66/13411: dns2tcp_tunnel_1111_doh10_2020-04-01t18_12_36.610288 ---
2026-06-26 03:36:36,730 - [WARNING] - ⚠️ Chunk dns2tcp_tunnel_1111_doh10_2020-04-01t18_12_36.610288 quá nhỏ (1 dòng). Bỏ qua.
2026-06-26 03:36:36,730 - [INFO] - 
--- [Phase2_DriftTest] Chunk 67/13411: dns2tcp_tunnel_1111_doh10_2020-04-01t18_35_14.648817 ---
2026-06-26 03:36:36,737 - [WARNING] - ⚠️ Chunk dns2tcp_tunnel_1111_doh10_2020-04-01t18_35_14.648817 quá nhỏ (1 dòng). Bỏ qua.
2026-06-26 03:36:36,737 - [INFO] - 
--- [Phase2_DriftTest] Chunk 68/13411: dns2tcp_tunnel_1111_doh10_2020-04-01t18_57_50.688402 ---
2026-06-26 03:36:36,744 - [WARNING] - ⚠️ Chunk dns2tcp_tunnel_1111_doh10_2020-04-01t18_57_50.688402 quá nhỏ (1 dòng). Bỏ qua.
2026-06-26 03:36:36,744 - [INFO] - 
--- [Phase2_DriftTest] Chunk 69/13411: dns2tcp_tunnel_1111_doh10_2020-04-01t19_20_22.191551 ---
2026-06-26 03:36:36,751 - [WARNING] - ⚠️ Chunk dns2tcp_tunnel_1111_doh10_2020-04-01t19_20_22.191551 quá nhỏ (1 dòng). Bỏ qua.
2026-06-26 03:36:36,751 - [INFO] - 
--- [Phase2_DriftTest] Chunk 70/13411: dns2tcp_tunnel_1111_doh10_2020-04-01t19_42_58.078315 ---
2026-06-26 03:36:36,758 - [WARNING] - ⚠️ Chunk dns2tcp_tunnel_1111_doh10_2020-04-01t19_42_58.078315 quá nhỏ (1 dòng). Bỏ qua.
2026-06-26 03:36:36,759 - [INFO] - 
--- [Phase2_DriftTest] Chunk 71/13411: dns2tcp_tunnel_1111_doh10_2020-04-01t20_05_28.463244 ---
2026-06-26 03:36:36,765 - [WARNING] - ⚠️ Chunk dns2tcp_tunnel_1111_doh10_2020-04-01t20_05_28.463244 quá nhỏ (1 dòng). Bỏ qua.
2026-06-26 03:36:36,765 - [INFO] - 
--- [Phase2_DriftTest] Chunk 72/13411: dns2tcp_tunnel_1111_doh10_2020-04-01t20_27_57.916829 ---
2026-06-26 03:36:36,772 - [WARNING] - ⚠️ Chunk dns2tcp_tunnel_1111_doh10_2020-04-01t20_27_57.916829 quá nhỏ (1 dòng). Bỏ qua.
2026-06-26 03:36:36,772 - [INFO] - 
--- [Phase2_DriftTest] Chunk 73/13411: dns2tcp_tunnel_1111_doh10_2020-04-01t20_50_26.787424 ---
2026-06-26 03:36:36,779 - [WARNING] - ⚠️ Chunk dns2tcp_tunnel_1111_doh10_2020-04-01t20_50_26.787424 quá nhỏ (1 dòng). Bỏ qua.
2026-06-26 03:36:36,779 - [INFO] - 
--- [Phase2_DriftTest] Chunk 74/13411: dns2tcp_tunnel_1111_doh10_2020-04-01t21_12_56.493554 ---
2026-06-26 03:36:36,787 - [WARNING] - ⚠️ Chunk dns2tcp_tunnel_1111_doh10_2020-04-01t21_12_56.493554 quá nhỏ (1 dòng). Bỏ qua.
2026-06-26 03:36:36,787 - [INFO] - 
--- [Phase2_DriftTest] Chunk 75/13411: dns2tcp_tunnel_1111_doh10_2020-04-01t21_35_26.479774 ---
2026-06-26 03:36:36,794 - [WARNING] - ⚠️ Chunk dns2tcp_tunnel_1111_doh10_2020-04-01t21_35_26.479774 quá nhỏ (1 dòng). Bỏ qua.
2026-06-26 03:36:36,794 - [INFO] - 
--- [Phase2_DriftTest] Chunk 76/13411: dns2tcp_tunnel_1111_doh10_2020-04-01t21_58_00.826358 ---
2026-06-26 03:36:36,800 - [WARNING] - ⚠️ Chunk dns2tcp_tunnel_1111_doh10_2020-04-01t21_58_00.826358 quá nhỏ (1 dòng). Bỏ qua.
2026-06-26 03:36:36,800 - [INFO] - 
--- [Phase2_DriftTest] Chunk 77/13411: dns2tcp_tunnel_1111_doh10_2020-04-01t22_20_34.144847 ---
2026-06-26 03:36:36,807 - [WARNING] - ⚠️ Chunk dns2tcp_tunnel_1111_doh10_2020-04-01t22_20_34.144847 quá nhỏ (1 dòng). Bỏ qua.
2026-06-26 03:36:36,807 - [INFO] - 
--- [Phase2_DriftTest] Chunk 78/13411: dns2tcp_tunnel_1111_doh10_2020-04-01t22_43_06.797661 ---
2026-06-26 03:36:36,815 - [WARNING] - ⚠️ Chunk dns2tcp_tunnel_1111_doh10_2020-04-01t22_43_06.797661 quá nhỏ (1 dòng). Bỏ qua.
2026-06-26 03:36:36,815 - [INFO] - 
--- [Phase2_DriftTest] Chunk 79/13411: dns2tcp_tunnel_1111_doh10_2020-04-01t23_05_39.985384 ---
2026-06-26 03:36:36,822 - [WARNING] - ⚠️ Chunk dns2tcp_tunnel_1111_doh10_2020-04-01t23_05_39.985384 quá nhỏ (1 dòng). Bỏ qua.
2026-06-26 03:36:36,822 - [INFO] - 
--- [Phase2_DriftTest] Chunk 80/13411: dns2tcp_tunnel_1111_doh10_2020-04-01t23_28_12.931943 ---
2026-06-26 03:36:36,829 - [WARNING] - ⚠️ Chunk dns2tcp_tunnel_1111_doh10_2020-04-01t23_28_12.931943 quá nhỏ (1 dòng). Bỏ qua.
2026-06-26 03:36:36,829 - [INFO] - 
--- [Phase2_DriftTest] Chunk 81/13411: dns2tcp_tunnel_1111_doh10_2020-04-01t23_50_45.254811 ---
2026-06-26 03:36:36,836 - [WARNING] - ⚠️ Chunk dns2tcp_tunnel_1111_doh10_2020-04-01t23_50_45.254811 quá nhỏ (1 dòng). Bỏ qua.
2026-06-26 03:36:36,836 - [INFO] - 
--- [Phase2_DriftTest] Chunk 82/13411: dns2tcp_tunnel_1111_doh1_2020-03-31t21_54_32.055088 ---
2026-06-26 03:36:36,843 - [WARNING] - ⚠️ Chunk dns2tcp_tunnel_1111_doh1_2020-03-31t21_54_32.055088 quá nhỏ (1 dòng). Bỏ qua.
2026-06-26 03:36:36,843 - [INFO] - 
--- [Phase2_DriftTest] Chunk 83/13411: dns2tcp_tunnel_1111_doh1_2020-03-31t22_17_01.945354 ---
2026-06-26 03:36:36,850 - [WARNING] - ⚠️ Chunk dns2tcp_tunnel_1111_doh1_2020-03-31t22_17_01.945354 quá nhỏ (1 dòng). Bỏ qua.
2026-06-26 03:36:36,850 - [INFO] - 
--- [Phase2_DriftTest] Chunk 84/13411: dns2tcp_tunnel_1111_doh1_2020-03-31t22_39_36.692557 ---
2026-06-26 03:36:36,858 - [WARNING] - ⚠️ Chunk dns2tcp_tunnel_1111_doh1_2020-03-31t22_39_36.692557 quá nhỏ (1 dòng). Bỏ qua.
2026-06-26 03:36:36,858 - [INFO] - 
--- [Phase2_DriftTest] Chunk 85/13411: dns2tcp_tunnel_1111_doh1_2020-03-31t23_02_10.047332 ---
2026-06-26 03:36:36,865 - [WARNING] - ⚠️ Chunk dns2tcp_tunnel_1111_doh1_2020-03-31t23_02_10.047332 quá nhỏ (1 dòng). Bỏ qua.
2026-06-26 03:36:36,865 - [INFO] - 
--- [Phase2_DriftTest] Chunk 86/13411: dns2tcp_tunnel_1111_doh1_2020-03-31t23_24_44.954609 ---
2026-06-26 03:36:36,872 - [WARNING] - ⚠️ Chunk dns2tcp_tunnel_1111_doh1_2020-03-31t23_24_44.954609 quá nhỏ (1 dòng). Bỏ qua.
2026-06-26 03:36:36,872 - [INFO] - 
--- [Phase2_DriftTest] Chunk 87/13411: dns2tcp_tunnel_1111_doh1_2020-03-31t23_47_19.763976 ---
2026-06-26 03:36:36,880 - [WARNING] - ⚠️ Chunk dns2tcp_tunnel_1111_doh1_2020-03-31t23_47_19.763976 quá nhỏ (1 dòng). Bỏ qua.
2026-06-26 03:36:36,880 - [INFO] - 
--- [Phase2_DriftTest] Chunk 88/13411: dns2tcp_tunnel_1111_doh1_2020-04-01t00_09_53.408220 ---
2026-06-26 03:36:36,887 - [WARNING] - ⚠️ Chunk dns2tcp_tunnel_1111_doh1_2020-04-01t00_09_53.408220 quá nhỏ (1 dòng). Bỏ qua.
2026-06-26 03:36:36,887 - [INFO] - 
--- [Phase2_DriftTest] Chunk 89/13411: dns2tcp_tunnel_1111_doh1_2020-04-01t00_32_29.495085 ---
2026-06-26 03:36:36,894 - [WARNING] - ⚠️ Chunk dns2tcp_tunnel_1111_doh1_2020-04-01t00_32_29.495085 quá nhỏ (1 dòng). Bỏ qua.
2026-06-26 03:36:36,894 - [INFO] - 
--- [Phase2_DriftTest] Chunk 90/13411: dns2tcp_tunnel_1111_doh1_2020-04-01t00_55_04.151613 ---
2026-06-26 03:36:36,902 - [WARNING] - ⚠️ Chunk dns2tcp_tunnel_1111_doh1_2020-04-01t00_55_04.151613 quá nhỏ (1 dòng). Bỏ qua.
2026-06-26 03:36:36,902 - [INFO] - 
--- [Phase2_DriftTest] Chunk 91/13411: dns2tcp_tunnel_1111_doh1_2020-04-01t01_17_40.206838 ---
2026-06-26 03:36:36,908 - [WARNING] - ⚠️ Chunk dns2tcp_tunnel_1111_doh1_2020-04-01t01_17_40.206838 quá nhỏ (1 dòng). Bỏ qua.
2026-06-26 03:36:36,909 - [INFO] - 
--- [Phase2_DriftTest] Chunk 92/13411: dns2tcp_tunnel_1111_doh1_2020-04-01t01_40_14.065018 ---
2026-06-26 03:36:36,918 - [WARNING] - ⚠️ Chunk dns2tcp_tunnel_1111_doh1_2020-04-01t01_40_14.065018 quá nhỏ (1 dòng). Bỏ qua.
2026-06-26 03:36:36,918 - [INFO] - 
--- [Phase2_DriftTest] Chunk 93/13411: dns2tcp_tunnel_1111_doh1_2020-04-01t02_02_47.956265 ---
2026-06-26 03:36:36,926 - [WARNING] - ⚠️ Chunk dns2tcp_tunnel_1111_doh1_2020-04-01t02_02_47.956265 quá nhỏ (1 dòng). Bỏ qua.
2026-06-26 03:36:36,926 - [INFO] - 
--- [Phase2_DriftTest] Chunk 94/13411: dns2tcp_tunnel_1111_doh1_2020-04-01t02_25_24.798286 ---
2026-06-26 03:36:36,933 - [WARNING] - ⚠️ Chunk dns2tcp_tunnel_1111_doh1_2020-04-01t02_25_24.798286 quá nhỏ (1 dòng). Bỏ qua.
2026-06-26 03:36:36,933 - [INFO] - 
--- [Phase2_DriftTest] Chunk 95/13411: dns2tcp_tunnel_1111_doh1_2020-04-01t02_47_58.710096 ---
2026-06-26 03:36:36,940 - [WARNING] - ⚠️ Chunk dns2tcp_tunnel_1111_doh1_2020-04-01t02_47_58.710096 quá nhỏ (1 dòng). Bỏ qua.
2026-06-26 03:36:36,940 - [INFO] - 
--- [Phase2_DriftTest] Chunk 96/13411: dns2tcp_tunnel_1111_doh1_2020-04-01t03_10_33.202252 ---
2026-06-26 03:36:36,946 - [WARNING] - ⚠️ Chunk dns2tcp_tunnel_1111_doh1_2020-04-01t03_10_33.202252 quá nhỏ (1 dòng). Bỏ qua.
2026-06-26 03:36:36,946 - [INFO] - 
--- [Phase2_DriftTest] Chunk 97/13411: dns2tcp_tunnel_1111_doh1_2020-04-01t03_33_08.103655 ---
2026-06-26 03:36:36,953 - [WARNING] - ⚠️ Chunk dns2tcp_tunnel_1111_doh1_2020-04-01t03_33_08.103655 quá nhỏ (1 dòng). Bỏ qua.
2026-06-26 03:36:36,953 - [INFO] - 
--- [Phase2_DriftTest] Chunk 98/13411: dns2tcp_tunnel_1111_doh1_2020-04-01t03_55_39.724885 ---
2026-06-26 03:36:36,961 - [WARNING] - ⚠️ Chunk dns2tcp_tunnel_1111_doh1_2020-04-01t03_55_39.724885 quá nhỏ (1 dòng). Bỏ qua.
2026-06-26 03:36:36,961 - [INFO] - 
--- [Phase2_DriftTest] Chunk 99/13411: dns2tcp_tunnel_1111_doh1_2020-04-01t04_18_12.482533 ---
2026-06-26 03:36:36,968 - [WARNING] - ⚠️ Chunk dns2tcp_tunnel_1111_doh1_2020-04-01t04_18_12.482533 quá nhỏ (1 dòng). Bỏ qua.
2026-06-26 03:36:36,968 - [INFO] - 
--- [Phase2_DriftTest] Chunk 100/13411: dns2tcp_tunnel_1111_doh1_2020-04-01t04_40_49.010770 ---
2026-06-26 03:36:36,975 - [WARNING] - ⚠️ Chunk dns2tcp_tunnel_1111_doh1_2020-04-01t04_40_49.010770 quá nhỏ (1 dòng). Bỏ qua.
2026-06-26 03:36:36,976 - [INFO] - 
--- [Phase2_DriftTest] Chunk 101/13411: dns2tcp_tunnel_1111_doh1_2020-04-01t05_03_21.761629 ---
2026-06-26 03:36:36,983 - [WARNING] - ⚠️ Chunk dns2tcp_tunnel_1111_doh1_2020-04-01t05_03_21.761629 quá nhỏ (1 dòng). Bỏ qua.
2026-06-26 03:36:36,983 - [INFO] - 
--- [Phase2_DriftTest] Chunk 102/13411: dns2tcp_tunnel_1111_doh1_2020-04-01t05_25_53.467017 ---
2026-06-26 03:36:36,990 - [WARNING] - ⚠️ Chunk dns2tcp_tunnel_1111_doh1_2020-04-01t05_25_53.467017 quá nhỏ (1 dòng). Bỏ qua.
2026-06-26 03:36:36,990 - [INFO] - 
--- [Phase2_DriftTest] Chunk 103/13411: dns2tcp_tunnel_1111_doh1_2020-04-01t05_48_38.244449 ---
2026-06-26 03:36:36,997 - [WARNING] - ⚠️ Chunk dns2tcp_tunnel_1111_doh1_2020-04-01t05_48_38.244449 quá nhỏ (1 dòng). Bỏ qua.
2026-06-26 03:36:36,997 - [INFO] - 
--- [Phase2_DriftTest] Chunk 104/13411: dns2tcp_tunnel_1111_doh1_2020-04-01t06_11_15.990332 ---
2026-06-26 03:36:37,004 - [WARNING] - ⚠️ Chunk dns2tcp_tunnel_1111_doh1_2020-04-01t06_11_15.990332 quá nhỏ (1 dòng). Bỏ qua.
2026-06-26 03:36:37,004 - [INFO] - 
--- [Phase2_DriftTest] Chunk 105/13411: dns2tcp_tunnel_1111_doh1_2020-04-01t06_33_56.336956 ---
2026-06-26 03:36:37,011 - [WARNING] - ⚠️ Chunk dns2tcp_tunnel_1111_doh1_2020-04-01t06_33_56.336956 quá nhỏ (1 dòng). Bỏ qua.
2026-06-26 03:36:37,011 - [INFO] - 
--- [Phase2_DriftTest] Chunk 106/13411: dns2tcp_tunnel_1111_doh1_2020-04-01t06_56_31.617524 ---
2026-06-26 03:36:37,019 - [WARNING] - ⚠️ Chunk dns2tcp_tunnel_1111_doh1_2020-04-01t06_56_31.617524 quá nhỏ (1 dòng). Bỏ qua.
2026-06-26 03:36:37,019 - [INFO] - 
--- [Phase2_DriftTest] Chunk 107/13411: dns2tcp_tunnel_1111_doh1_2020-04-01t07_19_07.868934 ---
2026-06-26 03:36:37,026 - [WARNING] - ⚠️ Chunk dns2tcp_tunnel_1111_doh1_2020-04-01t07_19_07.868934 quá nhỏ (1 dòng). Bỏ qua.
2026-06-26 03:36:37,026 - [INFO] - 
--- [Phase2_DriftTest] Chunk 108/13411: dns2tcp_tunnel_1111_doh1_2020-04-01t07_41_41.278370 ---
2026-06-26 03:36:37,033 - [WARNING] - ⚠️ Chunk dns2tcp_tunnel_1111_doh1_2020-04-01t07_41_41.278370 quá nhỏ (1 dòng). Bỏ qua.
2026-06-26 03:36:37,034 - [INFO] - 
--- [Phase2_DriftTest] Chunk 109/13411: dns2tcp_tunnel_1111_doh1_2020-04-01t08_04_14.873923 ---
2026-06-26 03:36:37,041 - [WARNING] - ⚠️ Chunk dns2tcp_tunnel_1111_doh1_2020-04-01t08_04_14.873923 quá nhỏ (1 dòng). Bỏ qua.
2026-06-26 03:36:37,041 - [INFO] - 
--- [Phase2_DriftTest] Chunk 110/13411: dns2tcp_tunnel_1111_doh1_2020-04-01t08_26_45.749857 ---
2026-06-26 03:36:37,049 - [WARNING] - ⚠️ Chunk dns2tcp_tunnel_1111_doh1_2020-04-01t08_26_45.749857 quá nhỏ (1 dòng). Bỏ qua.
2026-06-26 03:36:37,049 - [INFO] - 
--- [Phase2_DriftTest] Chunk 111/13411: dns2tcp_tunnel_1111_doh1_2020-04-01t08_49_17.365831 ---
2026-06-26 03:36:37,056 - [WARNING] - ⚠️ Chunk dns2tcp_tunnel_1111_doh1_2020-04-01t08_49_17.365831 quá nhỏ (1 dòng). Bỏ qua.
2026-06-26 03:36:37,056 - [INFO] - 
--- [Phase2_DriftTest] Chunk 112/13411: dns2tcp_tunnel_1111_doh1_2020-04-01t09_11_52.495569 ---
2026-06-26 03:36:37,063 - [WARNING] - ⚠️ Chunk dns2tcp_tunnel_1111_doh1_2020-04-01t09_11_52.495569 quá nhỏ (1 dòng). Bỏ qua.
2026-06-26 03:36:37,063 - [INFO] - 
--- [Phase2_DriftTest] Chunk 113/13411: dns2tcp_tunnel_1111_doh1_2020-04-01t09_34_26.421373 ---
2026-06-26 03:36:37,070 - [WARNING] - ⚠️ Chunk dns2tcp_tunnel_1111_doh1_2020-04-01t09_34_26.421373 quá nhỏ (1 dòng). Bỏ qua.
2026-06-26 03:36:37,070 - [INFO] - 
--- [Phase2_DriftTest] Chunk 114/13411: dns2tcp_tunnel_1111_doh1_2020-04-01t09_56_58.571437 ---
2026-06-26 03:36:37,077 - [WARNING] - ⚠️ Chunk dns2tcp_tunnel_1111_doh1_2020-04-01t09_56_58.571437 quá nhỏ (1 dòng). Bỏ qua.
2026-06-26 03:36:37,077 - [INFO] - 
--- [Phase2_DriftTest] Chunk 115/13411: dns2tcp_tunnel_1111_doh1_2020-04-01t10_19_33.319964 ---
2026-06-26 03:36:37,084 - [WARNING] - ⚠️ Chunk dns2tcp_tunnel_1111_doh1_2020-04-01t10_19_33.319964 quá nhỏ (1 dòng). Bỏ qua.
2026-06-26 03:36:37,084 - [INFO] - 
--- [Phase2_DriftTest] Chunk 116/13411: dns2tcp_tunnel_1111_doh1_2020-04-01t10_42_07.150431 ---
2026-06-26 03:36:37,091 - [WARNING] - ⚠️ Chunk dns2tcp_tunnel_1111_doh1_2020-04-01t10_42_07.150431 quá nhỏ (1 dòng). Bỏ qua.
2026-06-26 03:36:37,091 - [INFO] - 
--- [Phase2_DriftTest] Chunk 117/13411: dns2tcp_tunnel_1111_doh1_2020-04-01t11_04_37.790170 ---
2026-06-26 03:36:37,099 - [WARNING] - ⚠️ Chunk dns2tcp_tunnel_1111_doh1_2020-04-01t11_04_37.790170 quá nhỏ (1 dòng). Bỏ qua.
2026-06-26 03:36:37,099 - [INFO] - 
--- [Phase2_DriftTest] Chunk 118/13411: dns2tcp_tunnel_1111_doh1_2020-04-01t11_27_06.245086 ---
2026-06-26 03:36:37,106 - [WARNING] - ⚠️ Chunk dns2tcp_tunnel_1111_doh1_2020-04-01t11_27_06.245086 quá nhỏ (1 dòng). Bỏ qua.
2026-06-26 03:36:37,106 - [INFO] - 
--- [Phase2_DriftTest] Chunk 119/13411: dns2tcp_tunnel_1111_doh1_2020-04-01t11_49_35.004989 ---
2026-06-26 03:36:37,113 - [WARNING] - ⚠️ Chunk dns2tcp_tunnel_1111_doh1_2020-04-01t11_49_35.004989 quá nhỏ (1 dòng). Bỏ qua.
2026-06-26 03:36:37,113 - [INFO] - 
--- [Phase2_DriftTest] Chunk 120/13411: dns2tcp_tunnel_1111_doh1_2020-04-01t12_12_02.972950 ---
2026-06-26 03:36:37,119 - [WARNING] - ⚠️ Chunk dns2tcp_tunnel_1111_doh1_2020-04-01t12_12_02.972950 quá nhỏ (1 dòng). Bỏ qua.
2026-06-26 03:36:37,119 - [INFO] - 
--- [Phase2_DriftTest] Chunk 121/13411: dns2tcp_tunnel_1111_doh1_2020-04-01t12_34_31.110024 ---
2026-06-26 03:36:37,126 - [WARNING] - ⚠️ Chunk dns2tcp_tunnel_1111_doh1_2020-04-01t12_34_31.110024 quá nhỏ (1 dòng). Bỏ qua.
2026-06-26 03:36:37,127 - [INFO] - 
--- [Phase2_DriftTest] Chunk 122/13411: dns2tcp_tunnel_1111_doh1_2020-04-01t12_57_00.434182 ---
2026-06-26 03:36:37,134 - [WARNING] - ⚠️ Chunk dns2tcp_tunnel_1111_doh1_2020-04-01t12_57_00.434182 quá nhỏ (1 dòng). Bỏ qua.
2026-06-26 03:36:37,134 - [INFO] - 
--- [Phase2_DriftTest] Chunk 123/13411: dns2tcp_tunnel_1111_doh1_2020-04-01t13_19_29.302841 ---
2026-06-26 03:36:37,141 - [WARNING] - ⚠️ Chunk dns2tcp_tunnel_1111_doh1_2020-04-01t13_19_29.302841 quá nhỏ (1 dòng). Bỏ qua.
2026-06-26 03:36:37,141 - [INFO] - 
--- [Phase2_DriftTest] Chunk 124/13411: dns2tcp_tunnel_1111_doh1_2020-04-01t13_42_00.858762 ---
2026-06-26 03:36:37,149 - [WARNING] - ⚠️ Chunk dns2tcp_tunnel_1111_doh1_2020-04-01t13_42_00.858762 quá nhỏ (1 dòng). Bỏ qua.
2026-06-26 03:36:37,149 - [INFO] - 
--- [Phase2_DriftTest] Chunk 125/13411: dns2tcp_tunnel_1111_doh1_2020-04-01t14_04_34.740946 ---
2026-06-26 03:36:37,156 - [WARNING] - ⚠️ Chunk dns2tcp_tunnel_1111_doh1_2020-04-01t14_04_34.740946 quá nhỏ (1 dòng). Bỏ qua.
2026-06-26 03:36:37,156 - [INFO] - 
--- [Phase2_DriftTest] Chunk 126/13411: dns2tcp_tunnel_1111_doh1_2020-04-01t14_27_07.328551 ---
2026-06-26 03:36:37,163 - [WARNING] - ⚠️ Chunk dns2tcp_tunnel_1111_doh1_2020-04-01t14_27_07.328551 quá nhỏ (1 dòng). Bỏ qua.
2026-06-26 03:36:37,163 - [INFO] - 
--- [Phase2_DriftTest] Chunk 127/13411: dns2tcp_tunnel_1111_doh1_2020-04-01t14_49_43.154123 ---
2026-06-26 03:36:37,170 - [WARNING] - ⚠️ Chunk dns2tcp_tunnel_1111_doh1_2020-04-01t14_49_43.154123 quá nhỏ (1 dòng). Bỏ qua.
2026-06-26 03:36:37,170 - [INFO] - 
--- [Phase2_DriftTest] Chunk 128/13411: dns2tcp_tunnel_1111_doh1_2020-04-01t15_12_15.668862 ---
2026-06-26 03:36:37,181 - [WARNING] - ⚠️ Chunk dns2tcp_tunnel_1111_doh1_2020-04-01t15_12_15.668862 quá nhỏ (1 dòng). Bỏ qua.
2026-06-26 03:36:37,181 - [INFO] - 
--- [Phase2_DriftTest] Chunk 129/13411: dns2tcp_tunnel_1111_doh1_2020-04-01t15_34_47.857923 ---
2026-06-26 03:36:37,191 - [WARNING] - ⚠️ Chunk dns2tcp_tunnel_1111_doh1_2020-04-01t15_34_47.857923 quá nhỏ (1 dòng). Bỏ qua.
2026-06-26 03:36:37,191 - [INFO] - 
--- [Phase2_DriftTest] Chunk 130/13411: dns2tcp_tunnel_1111_doh1_2020-04-01t15_57_19.413368 ---
2026-06-26 03:36:37,199 - [WARNING] - ⚠️ Chunk dns2tcp_tunnel_1111_doh1_2020-04-01t15_57_19.413368 quá nhỏ (1 dòng). Bỏ qua.
2026-06-26 03:36:37,199 - [INFO] - 
--- [Phase2_DriftTest] Chunk 131/13411: dns2tcp_tunnel_1111_doh1_2020-04-01t16_19_48.578912 ---
2026-06-26 03:36:37,206 - [WARNING] - ⚠️ Chunk dns2tcp_tunnel_1111_doh1_2020-04-01t16_19_48.578912 quá nhỏ (1 dòng). Bỏ qua.
2026-06-26 03:36:37,207 - [INFO] - 
--- [Phase2_DriftTest] Chunk 132/13411: dns2tcp_tunnel_1111_doh1_2020-04-01t16_42_18.005542 ---
2026-06-26 03:36:37,214 - [WARNING] - ⚠️ Chunk dns2tcp_tunnel_1111_doh1_2020-04-01t16_42_18.005542 quá nhỏ (1 dòng). Bỏ qua.
2026-06-26 03:36:37,214 - [INFO] - 
--- [Phase2_DriftTest] Chunk 133/13411: dns2tcp_tunnel_1111_doh1_2020-04-01t17_04_48.223399 ---
2026-06-26 03:36:37,221 - [WARNING] - ⚠️ Chunk dns2tcp_tunnel_1111_doh1_2020-04-01t17_04_48.223399 quá nhỏ (1 dòng). Bỏ qua.
2026-06-26 03:36:37,221 - [INFO] - 
--- [Phase2_DriftTest] Chunk 134/13411: dns2tcp_tunnel_1111_doh1_2020-04-01t17_27_17.443459 ---
2026-06-26 03:36:37,228 - [WARNING] - ⚠️ Chunk dns2tcp_tunnel_1111_doh1_2020-04-01t17_27_17.443459 quá nhỏ (1 dòng). Bỏ qua.
2026-06-26 03:36:37,228 - [INFO] - 
--- [Phase2_DriftTest] Chunk 135/13411: dns2tcp_tunnel_1111_doh1_2020-04-01t17_49_52.181676 ---
2026-06-26 03:36:37,235 - [WARNING] - ⚠️ Chunk dns2tcp_tunnel_1111_doh1_2020-04-01t17_49_52.181676 quá nhỏ (1 dòng). Bỏ qua.
2026-06-26 03:36:37,235 - [INFO] - 
--- [Phase2_DriftTest] Chunk 136/13411: dns2tcp_tunnel_1111_doh1_2020-04-01t18_12_28.882303 ---
2026-06-26 03:36:37,242 - [WARNING] - ⚠️ Chunk dns2tcp_tunnel_1111_doh1_2020-04-01t18_12_28.882303 quá nhỏ (1 dòng). Bỏ qua.
2026-06-26 03:36:37,242 - [INFO] - 
--- [Phase2_DriftTest] Chunk 137/13411: dns2tcp_tunnel_1111_doh1_2020-04-01t18_35_06.324391 ---
2026-06-26 03:36:37,249 - [WARNING] - ⚠️ Chunk dns2tcp_tunnel_1111_doh1_2020-04-01t18_35_06.324391 quá nhỏ (1 dòng). Bỏ qua.
2026-06-26 03:36:37,249 - [INFO] - 
--- [Phase2_DriftTest] Chunk 138/13411: dns2tcp_tunnel_1111_doh1_2020-04-01t18_57_42.417037 ---
2026-06-26 03:36:37,256 - [WARNING] - ⚠️ Chunk dns2tcp_tunnel_1111_doh1_2020-04-01t18_57_42.417037 quá nhỏ (1 dòng). Bỏ qua.
2026-06-26 03:36:37,256 - [INFO] - 
--- [Phase2_DriftTest] Chunk 139/13411: dns2tcp_tunnel_1111_doh1_2020-04-01t19_20_16.308786 ---
2026-06-26 03:36:37,263 - [WARNING] - ⚠️ Chunk dns2tcp_tunnel_1111_doh1_2020-04-01t19_20_16.308786 quá nhỏ (1 dòng). Bỏ qua.
2026-06-26 03:36:37,263 - [INFO] - 
--- [Phase2_DriftTest] Chunk 140/13411: dns2tcp_tunnel_1111_doh1_2020-04-01t19_42_50.468769 ---
2026-06-26 03:36:37,270 - [WARNING] - ⚠️ Chunk dns2tcp_tunnel_1111_doh1_2020-04-01t19_42_50.468769 quá nhỏ (1 dòng). Bỏ qua.
2026-06-26 03:36:37,270 - [INFO] - 
--- [Phase2_DriftTest] Chunk 141/13411: dns2tcp_tunnel_1111_doh1_2020-04-01t20_05_23.112748 ---
2026-06-26 03:36:37,277 - [WARNING] - ⚠️ Chunk dns2tcp_tunnel_1111_doh1_2020-04-01t20_05_23.112748 quá nhỏ (1 dòng). Bỏ qua.
2026-06-26 03:36:37,277 - [INFO] - 
--- [Phase2_DriftTest] Chunk 142/13411: dns2tcp_tunnel_1111_doh1_2020-04-01t20_27_52.421709 ---
2026-06-26 03:36:37,284 - [WARNING] - ⚠️ Chunk dns2tcp_tunnel_1111_doh1_2020-04-01t20_27_52.421709 quá nhỏ (1 dòng). Bỏ qua.
2026-06-26 03:36:37,284 - [INFO] - 
--- [Phase2_DriftTest] Chunk 143/13411: dns2tcp_tunnel_1111_doh1_2020-04-01t20_50_21.521129 ---
2026-06-26 03:36:37,291 - [WARNING] - ⚠️ Chunk dns2tcp_tunnel_1111_doh1_2020-04-01t20_50_21.521129 quá nhỏ (1 dòng). Bỏ qua.
2026-06-26 03:36:37,291 - [INFO] - 
--- [Phase2_DriftTest] Chunk 144/13411: dns2tcp_tunnel_1111_doh1_2020-04-01t21_12_51.160389 ---
2026-06-26 03:36:37,298 - [WARNING] - ⚠️ Chunk dns2tcp_tunnel_1111_doh1_2020-04-01t21_12_51.160389 quá nhỏ (1 dòng). Bỏ qua.
2026-06-26 03:36:37,298 - [INFO] - 
--- [Phase2_DriftTest] Chunk 145/13411: dns2tcp_tunnel_1111_doh1_2020-04-01t21_35_21.089141 ---
2026-06-26 03:36:37,305 - [WARNING] - ⚠️ Chunk dns2tcp_tunnel_1111_doh1_2020-04-01t21_35_21.089141 quá nhỏ (1 dòng). Bỏ qua.
2026-06-26 03:36:37,305 - [INFO] - 
--- [Phase2_DriftTest] Chunk 146/13411: dns2tcp_tunnel_1111_doh1_2020-04-01t21_57_52.980952 ---
2026-06-26 03:36:37,312 - [WARNING] - ⚠️ Chunk dns2tcp_tunnel_1111_doh1_2020-04-01t21_57_52.980952 quá nhỏ (1 dòng). Bỏ qua.
2026-06-26 03:36:37,312 - [INFO] - 
--- [Phase2_DriftTest] Chunk 147/13411: dns2tcp_tunnel_1111_doh1_2020-04-01t22_20_27.851665 ---
2026-06-26 03:36:37,319 - [WARNING] - ⚠️ Chunk dns2tcp_tunnel_1111_doh1_2020-04-01t22_20_27.851665 quá nhỏ (1 dòng). Bỏ qua.
2026-06-26 03:36:37,319 - [INFO] - 
--- [Phase2_DriftTest] Chunk 148/13411: dns2tcp_tunnel_1111_doh1_2020-04-01t22_42_59.667908 ---
2026-06-26 03:36:37,326 - [WARNING] - ⚠️ Chunk dns2tcp_tunnel_1111_doh1_2020-04-01t22_42_59.667908 quá nhỏ (1 dòng). Bỏ qua.
2026-06-26 03:36:37,327 - [INFO] - 
--- [Phase2_DriftTest] Chunk 149/13411: dns2tcp_tunnel_1111_doh1_2020-04-01t23_05_33.744796 ---
2026-06-26 03:36:37,333 - [WARNING] - ⚠️ Chunk dns2tcp_tunnel_1111_doh1_2020-04-01t23_05_33.744796 quá nhỏ (1 dòng). Bỏ qua.
2026-06-26 03:36:37,333 - [INFO] - 
--- [Phase2_DriftTest] Chunk 150/13411: dns2tcp_tunnel_1111_doh1_2020-04-01t23_28_05.396451 ---
2026-06-26 03:36:37,340 - [WARNING] - ⚠️ Chunk dns2tcp_tunnel_1111_doh1_2020-04-01t23_28_05.396451 quá nhỏ (1 dòng). Bỏ qua.
2026-06-26 03:36:37,340 - [INFO] - 
--- [Phase2_DriftTest] Chunk 151/13411: dns2tcp_tunnel_1111_doh1_2020-04-01t23_50_39.056135 ---
2026-06-26 03:36:37,346 - [WARNING] - ⚠️ Chunk dns2tcp_tunnel_1111_doh1_2020-04-01t23_50_39.056135 quá nhỏ (1 dòng). Bỏ qua.
2026-06-26 03:36:37,347 - [INFO] - 
--- [Phase2_DriftTest] Chunk 152/13411: dns2tcp_tunnel_1111_doh2_2020-03-31t21_54_32.580769 ---
2026-06-26 03:36:37,353 - [WARNING] - ⚠️ Chunk dns2tcp_tunnel_1111_doh2_2020-03-31t21_54_32.580769 quá nhỏ (1 dòng). Bỏ qua.
2026-06-26 03:36:37,354 - [INFO] - 
--- [Phase2_DriftTest] Chunk 153/13411: dns2tcp_tunnel_1111_doh2_2020-03-31t22_17_02.819388 ---
2026-06-26 03:36:37,361 - [WARNING] - ⚠️ Chunk dns2tcp_tunnel_1111_doh2_2020-03-31t22_17_02.819388 quá nhỏ (1 dòng). Bỏ qua.
2026-06-26 03:36:37,361 - [INFO] - 
--- [Phase2_DriftTest] Chunk 154/13411: dns2tcp_tunnel_1111_doh2_2020-03-31t22_39_37.420906 ---
2026-06-26 03:36:37,368 - [WARNING] - ⚠️ Chunk dns2tcp_tunnel_1111_doh2_2020-03-31t22_39_37.420906 quá nhỏ (1 dòng). Bỏ qua.
2026-06-26 03:36:37,368 - [INFO] - 
--- [Phase2_DriftTest] Chunk 155/13411: dns2tcp_tunnel_1111_doh2_2020-03-31t23_02_10.953334 ---
2026-06-26 03:36:37,375 - [WARNING] - ⚠️ Chunk dns2tcp_tunnel_1111_doh2_2020-03-31t23_02_10.953334 quá nhỏ (1 dòng). Bỏ qua.
2026-06-26 03:36:37,375 - [INFO] - 
--- [Phase2_DriftTest] Chunk 156/13411: dns2tcp_tunnel_1111_doh2_2020-03-31t23_24_45.749652 ---
2026-06-26 03:36:37,382 - [WARNING] - ⚠️ Chunk dns2tcp_tunnel_1111_doh2_2020-03-31t23_24_45.749652 quá nhỏ (1 dòng). Bỏ qua.
2026-06-26 03:36:37,382 - [INFO] - 
--- [Phase2_DriftTest] Chunk 157/13411: dns2tcp_tunnel_1111_doh2_2020-03-31t23_47_20.714364 ---
2026-06-26 03:36:37,392 - [WARNING] - ⚠️ Chunk dns2tcp_tunnel_1111_doh2_2020-03-31t23_47_20.714364 quá nhỏ (1 dòng). Bỏ qua.
2026-06-26 03:36:37,392 - [INFO] - 
--- [Phase2_DriftTest] Chunk 158/13411: dns2tcp_tunnel_1111_doh2_2020-04-01t00_09_54.270812 ---
2026-06-26 03:36:37,399 - [WARNING] - ⚠️ Chunk dns2tcp_tunnel_1111_doh2_2020-04-01t00_09_54.270812 quá nhỏ (1 dòng). Bỏ qua.
2026-06-26 03:36:37,399 - [INFO] - 
--- [Phase2_DriftTest] Chunk 159/13411: dns2tcp_tunnel_1111_doh2_2020-04-01t00_32_30.574057 ---
2026-06-26 03:36:37,406 - [WARNING] - ⚠️ Chunk dns2tcp_tunnel_1111_doh2_2020-04-01t00_32_30.574057 quá nhỏ (1 dòng). Bỏ qua.
2026-06-26 03:36:37,407 - [INFO] - 
--- [Phase2_DriftTest] Chunk 160/13411: dns2tcp_tunnel_1111_doh2_2020-04-01t00_55_04.866305 ---
2026-06-26 03:36:37,414 - [WARNING] - ⚠️ Chunk dns2tcp_tunnel_1111_doh2_2020-04-01t00_55_04.866305 quá nhỏ (1 dòng). Bỏ qua.
2026-06-26 03:36:37,414 - [INFO] - 
--- [Phase2_DriftTest] Chunk 161/13411: dns2tcp_tunnel_1111_doh2_2020-04-01t01_17_40.832987 ---
2026-06-26 03:36:37,423 - [WARNING] - ⚠️ Chunk dns2tcp_tunnel_1111_doh2_2020-04-01t01_17_40.832987 quá nhỏ (1 dòng). Bỏ qua.
2026-06-26 03:36:37,423 - [INFO] - 
--- [Phase2_DriftTest] Chunk 162/13411: dns2tcp_tunnel_1111_doh2_2020-04-01t01_40_15.070517 ---
2026-06-26 03:36:37,432 - [WARNING] - ⚠️ Chunk dns2tcp_tunnel_1111_doh2_2020-04-01t01_40_15.070517 quá nhỏ (1 dòng). Bỏ qua.
2026-06-26 03:36:37,432 - [INFO] - 
--- [Phase2_DriftTest] Chunk 163/13411: dns2tcp_tunnel_1111_doh2_2020-04-01t02_02_48.768154 ---
2026-06-26 03:36:37,438 - [WARNING] - ⚠️ Chunk dns2tcp_tunnel_1111_doh2_2020-04-01t02_02_48.768154 quá nhỏ (1 dòng). Bỏ qua.
2026-06-26 03:36:37,438 - [INFO] - 
--- [Phase2_DriftTest] Chunk 164/13411: dns2tcp_tunnel_1111_doh2_2020-04-01t02_25_25.636420 ---
2026-06-26 03:36:37,445 - [WARNING] - ⚠️ Chunk dns2tcp_tunnel_1111_doh2_2020-04-01t02_25_25.636420 quá nhỏ (1 dòng). Bỏ qua.
2026-06-26 03:36:37,445 - [INFO] - 
--- [Phase2_DriftTest] Chunk 165/13411: dns2tcp_tunnel_1111_doh2_2020-04-01t02_47_59.470346 ---
2026-06-26 03:36:37,452 - [WARNING] - ⚠️ Chunk dns2tcp_tunnel_1111_doh2_2020-04-01t02_47_59.470346 quá nhỏ (1 dòng). Bỏ qua.
2026-06-26 03:36:37,452 - [INFO] - 
--- [Phase2_DriftTest] Chunk 166/13411: dns2tcp_tunnel_1111_doh2_2020-04-01t03_10_34.097756 ---
2026-06-26 03:36:37,459 - [WARNING] - ⚠️ Chunk dns2tcp_tunnel_1111_doh2_2020-04-01t03_10_34.097756 quá nhỏ (1 dòng). Bỏ qua.
2026-06-26 03:36:37,459 - [INFO] - 
--- [Phase2_DriftTest] Chunk 167/13411: dns2tcp_tunnel_1111_doh2_2020-04-01t03_33_08.902430 ---
2026-06-26 03:36:37,467 - [WARNING] - ⚠️ Chunk dns2tcp_tunnel_1111_doh2_2020-04-01t03_33_08.902430 quá nhỏ (1 dòng). Bỏ qua.
2026-06-26 03:36:37,467 - [INFO] - 
--- [Phase2_DriftTest] Chunk 168/13411: dns2tcp_tunnel_1111_doh2_2020-04-01t03_55_40.327941 ---
2026-06-26 03:36:37,474 - [WARNING] - ⚠️ Chunk dns2tcp_tunnel_1111_doh2_2020-04-01t03_55_40.327941 quá nhỏ (1 dòng). Bỏ qua.
2026-06-26 03:36:37,474 - [INFO] - 
--- [Phase2_DriftTest] Chunk 169/13411: dns2tcp_tunnel_1111_doh2_2020-04-01t04_18_13.423084 ---
2026-06-26 03:36:37,481 - [WARNING] - ⚠️ Chunk dns2tcp_tunnel_1111_doh2_2020-04-01t04_18_13.423084 quá nhỏ (1 dòng). Bỏ qua.
2026-06-26 03:36:37,481 - [INFO] - 
--- [Phase2_DriftTest] Chunk 170/13411: dns2tcp_tunnel_1111_doh2_2020-04-01t04_40_49.745367 ---
2026-06-26 03:36:37,488 - [WARNING] - ⚠️ Chunk dns2tcp_tunnel_1111_doh2_2020-04-01t04_40_49.745367 quá nhỏ (1 dòng). Bỏ qua.
2026-06-26 03:36:37,488 - [INFO] - 
--- [Phase2_DriftTest] Chunk 171/13411: dns2tcp_tunnel_1111_doh2_2020-04-01t05_03_22.434410 ---
2026-06-26 03:36:37,495 - [WARNING] - ⚠️ Chunk dns2tcp_tunnel_1111_doh2_2020-04-01t05_03_22.434410 quá nhỏ (1 dòng). Bỏ qua.
2026-06-26 03:36:37,495 - [INFO] - 
--- [Phase2_DriftTest] Chunk 172/13411: dns2tcp_tunnel_1111_doh2_2020-04-01t05_25_54.260425 ---
2026-06-26 03:36:37,502 - [WARNING] - ⚠️ Chunk dns2tcp_tunnel_1111_doh2_2020-04-01t05_25_54.260425 quá nhỏ (1 dòng). Bỏ qua.
2026-06-26 03:36:37,502 - [INFO] - 
--- [Phase2_DriftTest] Chunk 173/13411: dns2tcp_tunnel_1111_doh2_2020-04-01t05_48_39.722651 ---
2026-06-26 03:36:37,510 - [WARNING] - ⚠️ Chunk dns2tcp_tunnel_1111_doh2_2020-04-01t05_48_39.722651 quá nhỏ (1 dòng). Bỏ qua.
2026-06-26 03:36:37,510 - [INFO] - 
--- [Phase2_DriftTest] Chunk 174/13411: dns2tcp_tunnel_1111_doh2_2020-04-01t06_11_18.717253 ---
2026-06-26 03:36:37,519 - [WARNING] - ⚠️ Chunk dns2tcp_tunnel_1111_doh2_2020-04-01t06_11_18.717253 quá nhỏ (1 dòng). Bỏ qua.
2026-06-26 03:36:37,519 - [INFO] - 
--- [Phase2_DriftTest] Chunk 175/13411: dns2tcp_tunnel_1111_doh2_2020-04-01t06_33_57.078194 ---
2026-06-26 03:36:37,526 - [WARNING] - ⚠️ Chunk dns2tcp_tunnel_1111_doh2_2020-04-01t06_33_57.078194 quá nhỏ (1 dòng). Bỏ qua.
2026-06-26 03:36:37,526 - [INFO] - 
--- [Phase2_DriftTest] Chunk 176/13411: dns2tcp_tunnel_1111_doh2_2020-04-01t06_56_32.887141 ---
2026-06-26 03:36:37,534 - [WARNING] - ⚠️ Chunk dns2tcp_tunnel_1111_doh2_2020-04-01t06_56_32.887141 quá nhỏ (1 dòng). Bỏ qua.
2026-06-26 03:36:37,534 - [INFO] - 
--- [Phase2_DriftTest] Chunk 177/13411: dns2tcp_tunnel_1111_doh2_2020-04-01t07_19_08.609621 ---
2026-06-26 03:36:37,540 - [WARNING] - ⚠️ Chunk dns2tcp_tunnel_1111_doh2_2020-04-01t07_19_08.609621 quá nhỏ (1 dòng). Bỏ qua.
2026-06-26 03:36:37,540 - [INFO] - 
--- [Phase2_DriftTest] Chunk 178/13411: dns2tcp_tunnel_1111_doh2_2020-04-01t07_41_42.427445 ---
2026-06-26 03:36:37,548 - [WARNING] - ⚠️ Chunk dns2tcp_tunnel_1111_doh2_2020-04-01t07_41_42.427445 quá nhỏ (1 dòng). Bỏ qua.
2026-06-26 03:36:37,548 - [INFO] - 
--- [Phase2_DriftTest] Chunk 179/13411: dns2tcp_tunnel_1111_doh2_2020-04-01t08_04_15.828684 ---
2026-06-26 03:36:37,555 - [WARNING] - ⚠️ Chunk dns2tcp_tunnel_1111_doh2_2020-04-01t08_04_15.828684 quá nhỏ (1 dòng). Bỏ qua.
2026-06-26 03:36:37,555 - [INFO] - 
--- [Phase2_DriftTest] Chunk 180/13411: dns2tcp_tunnel_1111_doh2_2020-04-01t08_26_46.526879 ---
2026-06-26 03:36:37,561 - [WARNING] - ⚠️ Chunk dns2tcp_tunnel_1111_doh2_2020-04-01t08_26_46.526879 quá nhỏ (1 dòng). Bỏ qua.
2026-06-26 03:36:37,561 - [INFO] - 
--- [Phase2_DriftTest] Chunk 181/13411: dns2tcp_tunnel_1111_doh2_2020-04-01t08_49_18.710692 ---
2026-06-26 03:36:37,567 - [WARNING] - ⚠️ Chunk dns2tcp_tunnel_1111_doh2_2020-04-01t08_49_18.710692 quá nhỏ (1 dòng). Bỏ qua.
2026-06-26 03:36:37,568 - [INFO] - 
--- [Phase2_DriftTest] Chunk 182/13411: dns2tcp_tunnel_1111_doh2_2020-04-01t09_11_53.309129 ---
2026-06-26 03:36:37,575 - [WARNING] - ⚠️ Chunk dns2tcp_tunnel_1111_doh2_2020-04-01t09_11_53.309129 quá nhỏ (1 dòng). Bỏ qua.
2026-06-26 03:36:37,575 - [INFO] - 
--- [Phase2_DriftTest] Chunk 183/13411: dns2tcp_tunnel_1111_doh2_2020-04-01t09_34_27.334986 ---
2026-06-26 03:36:37,582 - [WARNING] - ⚠️ Chunk dns2tcp_tunnel_1111_doh2_2020-04-01t09_34_27.334986 quá nhỏ (1 dòng). Bỏ qua.
2026-06-26 03:36:37,582 - [INFO] - 
--- [Phase2_DriftTest] Chunk 184/13411: dns2tcp_tunnel_1111_doh2_2020-04-01t09_56_59.208746 ---
2026-06-26 03:36:37,589 - [WARNING] - ⚠️ Chunk dns2tcp_tunnel_1111_doh2_2020-04-01t09_56_59.208746 quá nhỏ (1 dòng). Bỏ qua.
2026-06-26 03:36:37,590 - [INFO] - 
--- [Phase2_DriftTest] Chunk 185/13411: dns2tcp_tunnel_1111_doh2_2020-04-01t10_19_34.391465 ---
2026-06-26 03:36:37,597 - [WARNING] - ⚠️ Chunk dns2tcp_tunnel_1111_doh2_2020-04-01t10_19_34.391465 quá nhỏ (1 dòng). Bỏ qua.
2026-06-26 03:36:37,597 - [INFO] - 
--- [Phase2_DriftTest] Chunk 186/13411: dns2tcp_tunnel_1111_doh2_2020-04-01t10_42_07.873463 ---
2026-06-26 03:36:37,605 - [WARNING] - ⚠️ Chunk dns2tcp_tunnel_1111_doh2_2020-04-01t10_42_07.873463 quá nhỏ (1 dòng). Bỏ qua.
2026-06-26 03:36:37,606 - [INFO] - 
--- [Phase2_DriftTest] Chunk 187/13411: dns2tcp_tunnel_1111_doh2_2020-04-01t11_04_38.392077 ---
2026-06-26 03:36:37,613 - [WARNING] - ⚠️ Chunk dns2tcp_tunnel_1111_doh2_2020-04-01t11_04_38.392077 quá nhỏ (1 dòng). Bỏ qua.
2026-06-26 03:36:37,613 - [INFO] - 
--- [Phase2_DriftTest] Chunk 188/13411: dns2tcp_tunnel_1111_doh2_2020-04-01t11_27_06.888753 ---
2026-06-26 03:36:37,620 - [WARNING] - ⚠️ Chunk dns2tcp_tunnel_1111_doh2_2020-04-01t11_27_06.888753 quá nhỏ (1 dòng). Bỏ qua.
2026-06-26 03:36:37,620 - [INFO] - 
--- [Phase2_DriftTest] Chunk 189/13411: dns2tcp_tunnel_1111_doh2_2020-04-01t11_49_35.661986 ---
2026-06-26 03:36:37,627 - [WARNING] - ⚠️ Chunk dns2tcp_tunnel_1111_doh2_2020-04-01t11_49_35.661986 quá nhỏ (1 dòng). Bỏ qua.
2026-06-26 03:36:37,627 - [INFO] - 
--- [Phase2_DriftTest] Chunk 190/13411: dns2tcp_tunnel_1111_doh2_2020-04-01t12_12_03.613895 ---
2026-06-26 03:36:37,636 - [WARNING] - ⚠️ Chunk dns2tcp_tunnel_1111_doh2_2020-04-01t12_12_03.613895 quá nhỏ (1 dòng). Bỏ qua.
2026-06-26 03:36:37,636 - [INFO] - 
--- [Phase2_DriftTest] Chunk 191/13411: dns2tcp_tunnel_1111_doh2_2020-04-01t12_34_31.785730 ---
2026-06-26 03:36:37,645 - [WARNING] - ⚠️ Chunk dns2tcp_tunnel_1111_doh2_2020-04-01t12_34_31.785730 quá nhỏ (1 dòng). Bỏ qua.
2026-06-26 03:36:37,645 - [INFO] - 
--- [Phase2_DriftTest] Chunk 192/13411: dns2tcp_tunnel_1111_doh2_2020-04-01t12_57_01.073594 ---
2026-06-26 03:36:37,652 - [WARNING] - ⚠️ Chunk dns2tcp_tunnel_1111_doh2_2020-04-01t12_57_01.073594 quá nhỏ (1 dòng). Bỏ qua.
2026-06-26 03:36:37,652 - [INFO] - 
--- [Phase2_DriftTest] Chunk 193/13411: dns2tcp_tunnel_1111_doh2_2020-04-01t13_19_29.961503 ---
2026-06-26 03:36:37,659 - [WARNING] - ⚠️ Chunk dns2tcp_tunnel_1111_doh2_2020-04-01t13_19_29.961503 quá nhỏ (1 dòng). Bỏ qua.
2026-06-26 03:36:37,660 - [INFO] - 
--- [Phase2_DriftTest] Chunk 194/13411: dns2tcp_tunnel_1111_doh2_2020-04-01t13_42_01.754923 ---
2026-06-26 03:36:37,666 - [WARNING] - ⚠️ Chunk dns2tcp_tunnel_1111_doh2_2020-04-01t13_42_01.754923 quá nhỏ (1 dòng). Bỏ qua.
2026-06-26 03:36:37,667 - [INFO] - 
--- [Phase2_DriftTest] Chunk 195/13411: dns2tcp_tunnel_1111_doh2_2020-04-01t14_04_35.685346 ---
2026-06-26 03:36:37,674 - [WARNING] - ⚠️ Chunk dns2tcp_tunnel_1111_doh2_2020-04-01t14_04_35.685346 quá nhỏ (1 dòng). Bỏ qua.
2026-06-26 03:36:37,674 - [INFO] - 
--- [Phase2_DriftTest] Chunk 196/13411: dns2tcp_tunnel_1111_doh2_2020-04-01t14_27_08.207086 ---
2026-06-26 03:36:37,681 - [WARNING] - ⚠️ Chunk dns2tcp_tunnel_1111_doh2_2020-04-01t14_27_08.207086 quá nhỏ (1 dòng). Bỏ qua.
2026-06-26 03:36:37,681 - [INFO] - 
--- [Phase2_DriftTest] Chunk 197/13411: dns2tcp_tunnel_1111_doh2_2020-04-01t14_49_43.749186 ---
2026-06-26 03:36:37,688 - [WARNING] - ⚠️ Chunk dns2tcp_tunnel_1111_doh2_2020-04-01t14_49_43.749186 quá nhỏ (1 dòng). Bỏ qua.
2026-06-26 03:36:37,688 - [INFO] - 
--- [Phase2_DriftTest] Chunk 198/13411: dns2tcp_tunnel_1111_doh2_2020-04-01t15_12_16.529429 ---
2026-06-26 03:36:37,695 - [WARNING] - ⚠️ Chunk dns2tcp_tunnel_1111_doh2_2020-04-01t15_12_16.529429 quá nhỏ (1 dòng). Bỏ qua.
2026-06-26 03:36:37,695 - [INFO] - 
--- [Phase2_DriftTest] Chunk 199/13411: dns2tcp_tunnel_1111_doh2_2020-04-01t15_34_48.516340 ---
2026-06-26 03:36:37,702 - [WARNING] - ⚠️ Chunk dns2tcp_tunnel_1111_doh2_2020-04-01t15_34_48.516340 quá nhỏ (1 dòng). Bỏ qua.
2026-06-26 03:36:37,702 - [INFO] - 
--- [Phase2_DriftTest] Chunk 200/13411: dns2tcp_tunnel_1111_doh2_2020-04-01t15_57_20.116725 ---
2026-06-26 03:36:37,709 - [WARNING] - ⚠️ Chunk dns2tcp_tunnel_1111_doh2_2020-04-01t15_57_20.116725 quá nhỏ (1 dòng). Bỏ qua.
2026-06-26 03:36:37,709 - [INFO] - 
--- [Phase2_DriftTest] Chunk 201/13411: dns2tcp_tunnel_1111_doh2_2020-04-01t16_19_49.214545 ---
2026-06-26 03:36:37,716 - [WARNING] - ⚠️ Chunk dns2tcp_tunnel_1111_doh2_2020-04-01t16_19_49.214545 quá nhỏ (1 dòng). Bỏ qua.
2026-06-26 03:36:37,716 - [INFO] - 
--- [Phase2_DriftTest] Chunk 202/13411: dns2tcp_tunnel_1111_doh2_2020-04-01t16_42_18.589553 ---
2026-06-26 03:36:37,723 - [WARNING] - ⚠️ Chunk dns2tcp_tunnel_1111_doh2_2020-04-01t16_42_18.589553 quá nhỏ (1 dòng). Bỏ qua.
2026-06-26 03:36:37,723 - [INFO] - 
--- [Phase2_DriftTest] Chunk 203/13411: dns2tcp_tunnel_1111_doh2_2020-04-01t17_04_48.896758 ---
2026-06-26 03:36:37,731 - [WARNING] - ⚠️ Chunk dns2tcp_tunnel_1111_doh2_2020-04-01t17_04_48.896758 quá nhỏ (1 dòng). Bỏ qua.
2026-06-26 03:36:37,731 - [INFO] - 
--- [Phase2_DriftTest] Chunk 204/13411: dns2tcp_tunnel_1111_doh2_2020-04-01t17_27_18.149082 ---
2026-06-26 03:36:37,738 - [WARNING] - ⚠️ Chunk dns2tcp_tunnel_1111_doh2_2020-04-01t17_27_18.149082 quá nhỏ (1 dòng). Bỏ qua.
2026-06-26 03:36:37,738 - [INFO] - 
--- [Phase2_DriftTest] Chunk 205/13411: dns2tcp_tunnel_1111_doh2_2020-04-01t17_49_53.024694 ---
2026-06-26 03:36:37,745 - [WARNING] - ⚠️ Chunk dns2tcp_tunnel_1111_doh2_2020-04-01t17_49_53.024694 quá nhỏ (1 dòng). Bỏ qua.
2026-06-26 03:36:37,745 - [INFO] - 
--- [Phase2_DriftTest] Chunk 206/13411: dns2tcp_tunnel_1111_doh2_2020-04-01t18_12_29.907457 ---
2026-06-26 03:36:37,752 - [WARNING] - ⚠️ Chunk dns2tcp_tunnel_1111_doh2_2020-04-01t18_12_29.907457 quá nhỏ (1 dòng). Bỏ qua.
2026-06-26 03:36:37,752 - [INFO] - 
--- [Phase2_DriftTest] Chunk 207/13411: dns2tcp_tunnel_1111_doh2_2020-04-01t18_35_07.144345 ---
2026-06-26 03:36:37,759 - [WARNING] - ⚠️ Chunk dns2tcp_tunnel_1111_doh2_2020-04-01t18_35_07.144345 quá nhỏ (1 dòng). Bỏ qua.
2026-06-26 03:36:37,759 - [INFO] - 
--- [Phase2_DriftTest] Chunk 208/13411: dns2tcp_tunnel_1111_doh2_2020-04-01t18_57_43.209343 ---
2026-06-26 03:36:37,766 - [WARNING] - ⚠️ Chunk dns2tcp_tunnel_1111_doh2_2020-04-01t18_57_43.209343 quá nhỏ (1 dòng). Bỏ qua.
2026-06-26 03:36:37,766 - [INFO] - 
--- [Phase2_DriftTest] Chunk 209/13411: dns2tcp_tunnel_1111_doh2_2020-04-01t19_20_16.934009 ---
2026-06-26 03:36:37,773 - [WARNING] - ⚠️ Chunk dns2tcp_tunnel_1111_doh2_2020-04-01t19_20_16.934009 quá nhỏ (1 dòng). Bỏ qua.
2026-06-26 03:36:37,773 - [INFO] - 
--- [Phase2_DriftTest] Chunk 210/13411: dns2tcp_tunnel_1111_doh2_2020-04-01t19_42_51.313571 ---
2026-06-26 03:36:37,779 - [WARNING] - ⚠️ Chunk dns2tcp_tunnel_1111_doh2_2020-04-01t19_42_51.313571 quá nhỏ (1 dòng). Bỏ qua.
2026-06-26 03:36:37,780 - [INFO] - 
--- [Phase2_DriftTest] Chunk 211/13411: dns2tcp_tunnel_1111_doh2_2020-04-01t20_05_23.746838 ---
2026-06-26 03:36:37,787 - [WARNING] - ⚠️ Chunk dns2tcp_tunnel_1111_doh2_2020-04-01t20_05_23.746838 quá nhỏ (1 dòng). Bỏ qua.
2026-06-26 03:36:37,787 - [INFO] - 
--- [Phase2_DriftTest] Chunk 212/13411: dns2tcp_tunnel_1111_doh2_2020-04-01t20_27_53.065297 ---
2026-06-26 03:36:37,794 - [WARNING] - ⚠️ Chunk dns2tcp_tunnel_1111_doh2_2020-04-01t20_27_53.065297 quá nhỏ (1 dòng). Bỏ qua.
2026-06-26 03:36:37,794 - [INFO] - 
--- [Phase2_DriftTest] Chunk 213/13411: dns2tcp_tunnel_1111_doh2_2020-04-01t20_50_22.141760 ---
2026-06-26 03:36:37,800 - [WARNING] - ⚠️ Chunk dns2tcp_tunnel_1111_doh2_2020-04-01t20_50_22.141760 quá nhỏ (1 dòng). Bỏ qua.
2026-06-26 03:36:37,800 - [INFO] - 
--- [Phase2_DriftTest] Chunk 214/13411: dns2tcp_tunnel_1111_doh2_2020-04-01t21_12_51.793723 ---
2026-06-26 03:36:37,806 - [WARNING] - ⚠️ Chunk dns2tcp_tunnel_1111_doh2_2020-04-01t21_12_51.793723 quá nhỏ (1 dòng). Bỏ qua.
2026-06-26 03:36:37,806 - [INFO] - 
--- [Phase2_DriftTest] Chunk 215/13411: dns2tcp_tunnel_1111_doh2_2020-04-01t21_35_21.703426 ---
2026-06-26 03:36:37,814 - [WARNING] - ⚠️ Chunk dns2tcp_tunnel_1111_doh2_2020-04-01t21_35_21.703426 quá nhỏ (1 dòng). Bỏ qua.
2026-06-26 03:36:37,814 - [INFO] - 
--- [Phase2_DriftTest] Chunk 216/13411: dns2tcp_tunnel_1111_doh2_2020-04-01t21_57_54.077327 ---
2026-06-26 03:36:37,821 - [WARNING] - ⚠️ Chunk dns2tcp_tunnel_1111_doh2_2020-04-01t21_57_54.077327 quá nhỏ (1 dòng). Bỏ qua.
2026-06-26 03:36:37,821 - [INFO] - 
--- [Phase2_DriftTest] Chunk 217/13411: dns2tcp_tunnel_1111_doh2_2020-04-01t22_20_28.499672 ---
2026-06-26 03:36:37,828 - [WARNING] - ⚠️ Chunk dns2tcp_tunnel_1111_doh2_2020-04-01t22_20_28.499672 quá nhỏ (1 dòng). Bỏ qua.
2026-06-26 03:36:37,828 - [INFO] - 
--- [Phase2_DriftTest] Chunk 218/13411: dns2tcp_tunnel_1111_doh2_2020-04-01t22_43_00.446543 ---
2026-06-26 03:36:37,835 - [WARNING] - ⚠️ Chunk dns2tcp_tunnel_1111_doh2_2020-04-01t22_43_00.446543 quá nhỏ (1 dòng). Bỏ qua.
2026-06-26 03:36:37,835 - [INFO] - 
--- [Phase2_DriftTest] Chunk 219/13411: dns2tcp_tunnel_1111_doh2_2020-04-01t23_05_34.388632 ---
2026-06-26 03:36:37,842 - [WARNING] - ⚠️ Chunk dns2tcp_tunnel_1111_doh2_2020-04-01t23_05_34.388632 quá nhỏ (1 dòng). Bỏ qua.
2026-06-26 03:36:37,842 - [INFO] - 
--- [Phase2_DriftTest] Chunk 220/13411: dns2tcp_tunnel_1111_doh2_2020-04-01t23_28_06.546333 ---
2026-06-26 03:36:37,849 - [WARNING] - ⚠️ Chunk dns2tcp_tunnel_1111_doh2_2020-04-01t23_28_06.546333 quá nhỏ (1 dòng). Bỏ qua.
2026-06-26 03:36:37,849 - [INFO] - 
--- [Phase2_DriftTest] Chunk 221/13411: dns2tcp_tunnel_1111_doh2_2020-04-01t23_50_39.936507 ---
2026-06-26 03:36:37,856 - [WARNING] - ⚠️ Chunk dns2tcp_tunnel_1111_doh2_2020-04-01t23_50_39.936507 quá nhỏ (1 dòng). Bỏ qua.
2026-06-26 03:36:37,856 - [INFO] - 
--- [Phase2_DriftTest] Chunk 222/13411: dns2tcp_tunnel_1111_doh3_2020-03-31t21_54_33.108867 ---
2026-06-26 03:36:37,863 - [WARNING] - ⚠️ Chunk dns2tcp_tunnel_1111_doh3_2020-03-31t21_54_33.108867 quá nhỏ (1 dòng). Bỏ qua.
2026-06-26 03:36:37,863 - [INFO] - 
--- [Phase2_DriftTest] Chunk 223/13411: dns2tcp_tunnel_1111_doh3_2020-03-31t22_17_03.522325 ---
2026-06-26 03:36:37,869 - [WARNING] - ⚠️ Chunk dns2tcp_tunnel_1111_doh3_2020-03-31t22_17_03.522325 quá nhỏ (1 dòng). Bỏ qua.
2026-06-26 03:36:37,869 - [INFO] - 
--- [Phase2_DriftTest] Chunk 224/13411: dns2tcp_tunnel_1111_doh3_2020-03-31t22_39_38.290693 ---
2026-06-26 03:36:37,876 - [WARNING] - ⚠️ Chunk dns2tcp_tunnel_1111_doh3_2020-03-31t22_39_38.290693 quá nhỏ (1 dòng). Bỏ qua.
2026-06-26 03:36:37,876 - [INFO] - 
--- [Phase2_DriftTest] Chunk 225/13411: dns2tcp_tunnel_1111_doh3_2020-03-31t23_02_11.679727 ---
2026-06-26 03:36:37,883 - [WARNING] - ⚠️ Chunk dns2tcp_tunnel_1111_doh3_2020-03-31t23_02_11.679727 quá nhỏ (1 dòng). Bỏ qua.
2026-06-26 03:36:37,883 - [INFO] - 
--- [Phase2_DriftTest] Chunk 226/13411: dns2tcp_tunnel_1111_doh3_2020-03-31t23_24_46.606780 ---
2026-06-26 03:36:37,890 - [WARNING] - ⚠️ Chunk dns2tcp_tunnel_1111_doh3_2020-03-31t23_24_46.606780 quá nhỏ (1 dòng). Bỏ qua.
2026-06-26 03:36:37,890 - [INFO] - 
--- [Phase2_DriftTest] Chunk 227/13411: dns2tcp_tunnel_1111_doh3_2020-03-31t23_47_21.342056 ---
2026-06-26 03:36:37,897 - [WARNING] - ⚠️ Chunk dns2tcp_tunnel_1111_doh3_2020-03-31t23_47_21.342056 quá nhỏ (1 dòng). Bỏ qua.
2026-06-26 03:36:37,897 - [INFO] - 
--- [Phase2_DriftTest] Chunk 228/13411: dns2tcp_tunnel_1111_doh3_2020-04-01t00_09_55.281169 ---
2026-06-26 03:36:37,904 - [WARNING] - ⚠️ Chunk dns2tcp_tunnel_1111_doh3_2020-04-01t00_09_55.281169 quá nhỏ (1 dòng). Bỏ qua.
2026-06-26 03:36:37,904 - [INFO] - 
--- [Phase2_DriftTest] Chunk 229/13411: dns2tcp_tunnel_1111_doh3_2020-04-01t00_32_31.486733 ---
2026-06-26 03:36:37,911 - [WARNING] - ⚠️ Chunk dns2tcp_tunnel_1111_doh3_2020-04-01t00_32_31.486733 quá nhỏ (1 dòng). Bỏ qua.
2026-06-26 03:36:37,911 - [INFO] - 
--- [Phase2_DriftTest] Chunk 230/13411: dns2tcp_tunnel_1111_doh3_2020-04-01t00_55_05.604097 ---
2026-06-26 03:36:37,918 - [WARNING] - ⚠️ Chunk dns2tcp_tunnel_1111_doh3_2020-04-01t00_55_05.604097 quá nhỏ (1 dòng). Bỏ qua.
2026-06-26 03:36:37,918 - [INFO] - 
--- [Phase2_DriftTest] Chunk 231/13411: dns2tcp_tunnel_1111_doh3_2020-04-01t01_17_41.611329 ---
2026-06-26 03:36:37,925 - [WARNING] - ⚠️ Chunk dns2tcp_tunnel_1111_doh3_2020-04-01t01_17_41.611329 quá nhỏ (1 dòng). Bỏ qua.
2026-06-26 03:36:37,925 - [INFO] - 
--- [Phase2_DriftTest] Chunk 232/13411: dns2tcp_tunnel_1111_doh3_2020-04-01t01_40_15.938131 ---
2026-06-26 03:36:37,932 - [WARNING] - ⚠️ Chunk dns2tcp_tunnel_1111_doh3_2020-04-01t01_40_15.938131 quá nhỏ (1 dòng). Bỏ qua.
2026-06-26 03:36:37,932 - [INFO] - 
--- [Phase2_DriftTest] Chunk 233/13411: dns2tcp_tunnel_1111_doh3_2020-04-01t02_02_49.728829 ---
2026-06-26 03:36:37,938 - [WARNING] - ⚠️ Chunk dns2tcp_tunnel_1111_doh3_2020-04-01t02_02_49.728829 quá nhỏ (1 dòng). Bỏ qua.
2026-06-26 03:36:37,938 - [INFO] - 
--- [Phase2_DriftTest] Chunk 234/13411: dns2tcp_tunnel_1111_doh3_2020-04-01t02_25_26.436224 ---
2026-06-26 03:36:37,945 - [WARNING] - ⚠️ Chunk dns2tcp_tunnel_1111_doh3_2020-04-01t02_25_26.436224 quá nhỏ (1 dòng). Bỏ qua.
2026-06-26 03:36:37,945 - [INFO] - 
--- [Phase2_DriftTest] Chunk 235/13411: dns2tcp_tunnel_1111_doh3_2020-04-01t02_48_00.302969 ---
2026-06-26 03:36:37,952 - [WARNING] - ⚠️ Chunk dns2tcp_tunnel_1111_doh3_2020-04-01t02_48_00.302969 quá nhỏ (1 dòng). Bỏ qua.
2026-06-26 03:36:37,952 - [INFO] - 
--- [Phase2_DriftTest] Chunk 236/13411: dns2tcp_tunnel_1111_doh3_2020-04-01t03_10_35.220985 ---
2026-06-26 03:36:37,959 - [WARNING] - ⚠️ Chunk dns2tcp_tunnel_1111_doh3_2020-04-01t03_10_35.220985 quá nhỏ (1 dòng). Bỏ qua.
2026-06-26 03:36:37,959 - [INFO] - 
--- [Phase2_DriftTest] Chunk 237/13411: dns2tcp_tunnel_1111_doh3_2020-04-01t03_33_09.722050 ---
2026-06-26 03:36:37,966 - [WARNING] - ⚠️ Chunk dns2tcp_tunnel_1111_doh3_2020-04-01t03_33_09.722050 quá nhỏ (1 dòng). Bỏ qua.
2026-06-26 03:36:37,966 - [INFO] - 
--- [Phase2_DriftTest] Chunk 238/13411: dns2tcp_tunnel_1111_doh3_2020-04-01t03_55_41.104865 ---
2026-06-26 03:36:37,973 - [WARNING] - ⚠️ Chunk dns2tcp_tunnel_1111_doh3_2020-04-01t03_55_41.104865 quá nhỏ (1 dòng). Bỏ qua.
2026-06-26 03:36:37,973 - [INFO] - 
--- [Phase2_DriftTest] Chunk 239/13411: dns2tcp_tunnel_1111_doh3_2020-04-01t04_18_14.201161 ---
2026-06-26 03:36:37,980 - [WARNING] - ⚠️ Chunk dns2tcp_tunnel_1111_doh3_2020-04-01t04_18_14.201161 quá nhỏ (1 dòng). Bỏ qua.
2026-06-26 03:36:37,980 - [INFO] - 
--- [Phase2_DriftTest] Chunk 240/13411: dns2tcp_tunnel_1111_doh3_2020-04-01t04_40_50.484575 ---
2026-06-26 03:36:37,986 - [WARNING] - ⚠️ Chunk dns2tcp_tunnel_1111_doh3_2020-04-01t04_40_50.484575 quá nhỏ (1 dòng). Bỏ qua.
2026-06-26 03:36:37,987 - [INFO] - 
--- [Phase2_DriftTest] Chunk 241/13411: dns2tcp_tunnel_1111_doh3_2020-04-01t05_03_23.064261 ---
2026-06-26 03:36:37,994 - [WARNING] - ⚠️ Chunk dns2tcp_tunnel_1111_doh3_2020-04-01t05_03_23.064261 quá nhỏ (1 dòng). Bỏ qua.
2026-06-26 03:36:37,994 - [INFO] - 
--- [Phase2_DriftTest] Chunk 242/13411: dns2tcp_tunnel_1111_doh3_2020-04-01t05_25_55.519439 ---
2026-06-26 03:36:38,000 - [WARNING] - ⚠️ Chunk dns2tcp_tunnel_1111_doh3_2020-04-01t05_25_55.519439 quá nhỏ (1 dòng). Bỏ qua.
2026-06-26 03:36:38,000 - [INFO] - 
--- [Phase2_DriftTest] Chunk 243/13411: dns2tcp_tunnel_1111_doh3_2020-04-01t05_48_40.764715 ---
2026-06-26 03:36:38,007 - [WARNING] - ⚠️ Chunk dns2tcp_tunnel_1111_doh3_2020-04-01t05_48_40.764715 quá nhỏ (1 dòng). Bỏ qua.
2026-06-26 03:36:38,007 - [INFO] - 
--- [Phase2_DriftTest] Chunk 244/13411: dns2tcp_tunnel_1111_doh3_2020-04-01t06_11_19.777001 ---
2026-06-26 03:36:38,013 - [WARNING] - ⚠️ Chunk dns2tcp_tunnel_1111_doh3_2020-04-01t06_11_19.777001 quá nhỏ (1 dòng). Bỏ qua.
2026-06-26 03:36:38,013 - [INFO] - 
--- [Phase2_DriftTest] Chunk 245/13411: dns2tcp_tunnel_1111_doh3_2020-04-01t06_33_57.833273 ---
2026-06-26 03:36:38,021 - [WARNING] - ⚠️ Chunk dns2tcp_tunnel_1111_doh3_2020-04-01t06_33_57.833273 quá nhỏ (1 dòng). Bỏ qua.
2026-06-26 03:36:38,021 - [INFO] - 
--- [Phase2_DriftTest] Chunk 246/13411: dns2tcp_tunnel_1111_doh3_2020-04-01t06_56_33.649573 ---
2026-06-26 03:36:38,028 - [WARNING] - ⚠️ Chunk dns2tcp_tunnel_1111_doh3_2020-04-01t06_56_33.649573 quá nhỏ (1 dòng). Bỏ qua.
2026-06-26 03:36:38,028 - [INFO] - 
--- [Phase2_DriftTest] Chunk 247/13411: dns2tcp_tunnel_1111_doh3_2020-04-01t07_19_09.179603 ---
2026-06-26 03:36:38,034 - [WARNING] - ⚠️ Chunk dns2tcp_tunnel_1111_doh3_2020-04-01t07_19_09.179603 quá nhỏ (1 dòng). Bỏ qua.
2026-06-26 03:36:38,034 - [INFO] - 
--- [Phase2_DriftTest] Chunk 248/13411: dns2tcp_tunnel_1111_doh3_2020-04-01t07_41_43.060474 ---
2026-06-26 03:36:38,042 - [WARNING] - ⚠️ Chunk dns2tcp_tunnel_1111_doh3_2020-04-01t07_41_43.060474 quá nhỏ (1 dòng). Bỏ qua.
2026-06-26 03:36:38,042 - [INFO] - 
--- [Phase2_DriftTest] Chunk 249/13411: dns2tcp_tunnel_1111_doh3_2020-04-01t08_04_16.421866 ---
2026-06-26 03:36:38,049 - [WARNING] - ⚠️ Chunk dns2tcp_tunnel_1111_doh3_2020-04-01t08_04_16.421866 quá nhỏ (1 dòng). Bỏ qua.
2026-06-26 03:36:38,049 - [INFO] - 
--- [Phase2_DriftTest] Chunk 250/13411: dns2tcp_tunnel_1111_doh3_2020-04-01t08_26_47.218995 ---
2026-06-26 03:36:38,056 - [WARNING] - ⚠️ Chunk dns2tcp_tunnel_1111_doh3_2020-04-01t08_26_47.218995 quá nhỏ (1 dòng). Bỏ qua.
2026-06-26 03:36:38,056 - [INFO] - 
--- [Phase2_DriftTest] Chunk 251/13411: dns2tcp_tunnel_1111_doh3_2020-04-01t08_49_19.370182 ---
2026-06-26 03:36:38,062 - [WARNING] - ⚠️ Chunk dns2tcp_tunnel_1111_doh3_2020-04-01t08_49_19.370182 quá nhỏ (1 dòng). Bỏ qua.
2026-06-26 03:36:38,063 - [INFO] - 
--- [Phase2_DriftTest] Chunk 252/13411: dns2tcp_tunnel_1111_doh3_2020-04-01t09_11_53.890549 ---
2026-06-26 03:36:38,072 - [WARNING] - ⚠️ Chunk dns2tcp_tunnel_1111_doh3_2020-04-01t09_11_53.890549 quá nhỏ (1 dòng). Bỏ qua.
2026-06-26 03:36:38,072 - [INFO] - 
--- [Phase2_DriftTest] Chunk 253/13411: dns2tcp_tunnel_1111_doh3_2020-04-01t09_34_28.016014 ---
2026-06-26 03:36:38,080 - [WARNING] - ⚠️ Chunk dns2tcp_tunnel_1111_doh3_2020-04-01t09_34_28.016014 quá nhỏ (1 dòng). Bỏ qua.
2026-06-26 03:36:38,080 - [INFO] - 
--- [Phase2_DriftTest] Chunk 254/13411: dns2tcp_tunnel_1111_doh3_2020-04-01t09_56_59.816350 ---
2026-06-26 03:36:38,086 - [WARNING] - ⚠️ Chunk dns2tcp_tunnel_1111_doh3_2020-04-01t09_56_59.816350 quá nhỏ (1 dòng). Bỏ qua.
2026-06-26 03:36:38,086 - [INFO] - 
--- [Phase2_DriftTest] Chunk 255/13411: dns2tcp_tunnel_1111_doh3_2020-04-01t10_19_35.217450 ---
2026-06-26 03:36:38,093 - [WARNING] - ⚠️ Chunk dns2tcp_tunnel_1111_doh3_2020-04-01t10_19_35.217450 quá nhỏ (1 dòng). Bỏ qua.
2026-06-26 03:36:38,093 - [INFO] - 
--- [Phase2_DriftTest] Chunk 256/13411: dns2tcp_tunnel_1111_doh3_2020-04-01t10_42_08.483575 ---
2026-06-26 03:36:38,100 - [WARNING] - ⚠️ Chunk dns2tcp_tunnel_1111_doh3_2020-04-01t10_42_08.483575 quá nhỏ (1 dòng). Bỏ qua.
2026-06-26 03:36:38,100 - [INFO] - 
--- [Phase2_DriftTest] Chunk 257/13411: dns2tcp_tunnel_1111_doh3_2020-04-01t11_04_38.980025 ---
2026-06-26 03:36:38,107 - [WARNING] - ⚠️ Chunk dns2tcp_tunnel_1111_doh3_2020-04-01t11_04_38.980025 quá nhỏ (1 dòng). Bỏ qua.
2026-06-26 03:36:38,107 - [INFO] - 
--- [Phase2_DriftTest] Chunk 258/13411: dns2tcp_tunnel_1111_doh3_2020-04-01t11_27_07.480734 ---
2026-06-26 03:36:38,113 - [WARNING] - ⚠️ Chunk dns2tcp_tunnel_1111_doh3_2020-04-01t11_27_07.480734 quá nhỏ (1 dòng). Bỏ qua.
2026-06-26 03:36:38,113 - [INFO] - 
--- [Phase2_DriftTest] Chunk 259/13411: dns2tcp_tunnel_1111_doh3_2020-04-01t11_49_36.246475 ---
2026-06-26 03:36:38,122 - [WARNING] - ⚠️ Chunk dns2tcp_tunnel_1111_doh3_2020-04-01t11_49_36.246475 quá nhỏ (1 dòng). Bỏ qua.
2026-06-26 03:36:38,122 - [INFO] - 
--- [Phase2_DriftTest] Chunk 260/13411: dns2tcp_tunnel_1111_doh3_2020-04-01t12_12_04.215500 ---
2026-06-26 03:36:38,130 - [WARNING] - ⚠️ Chunk dns2tcp_tunnel_1111_doh3_2020-04-01t12_12_04.215500 quá nhỏ (1 dòng). Bỏ qua.
2026-06-26 03:36:38,130 - [INFO] - 
--- [Phase2_DriftTest] Chunk 261/13411: dns2tcp_tunnel_1111_doh3_2020-04-01t12_34_32.357478 ---
2026-06-26 03:36:38,136 - [WARNING] - ⚠️ Chunk dns2tcp_tunnel_1111_doh3_2020-04-01t12_34_32.357478 quá nhỏ (1 dòng). Bỏ qua.
2026-06-26 03:36:38,136 - [INFO] - 
--- [Phase2_DriftTest] Chunk 262/13411: dns2tcp_tunnel_1111_doh3_2020-04-01t12_57_01.643300 ---
2026-06-26 03:36:38,143 - [WARNING] - ⚠️ Chunk dns2tcp_tunnel_1111_doh3_2020-04-01t12_57_01.643300 quá nhỏ (1 dòng). Bỏ qua.
2026-06-26 03:36:38,143 - [INFO] - 
--- [Phase2_DriftTest] Chunk 263/13411: dns2tcp_tunnel_1111_doh3_2020-04-01t13_19_30.524519 ---
2026-06-26 03:36:38,150 - [WARNING] - ⚠️ Chunk dns2tcp_tunnel_1111_doh3_2020-04-01t13_19_30.524519 quá nhỏ (1 dòng). Bỏ qua.
2026-06-26 03:36:38,150 - [INFO] - 
--- [Phase2_DriftTest] Chunk 264/13411: dns2tcp_tunnel_1111_doh3_2020-04-01t13_42_02.578782 ---
2026-06-26 03:36:38,157 - [WARNING] - ⚠️ Chunk dns2tcp_tunnel_1111_doh3_2020-04-01t13_42_02.578782 quá nhỏ (1 dòng). Bỏ qua.
2026-06-26 03:36:38,157 - [INFO] - 
--- [Phase2_DriftTest] Chunk 265/13411: dns2tcp_tunnel_1111_doh3_2020-04-01t14_04_36.454393 ---
2026-06-26 03:36:38,167 - [WARNING] - ⚠️ Chunk dns2tcp_tunnel_1111_doh3_2020-04-01t14_04_36.454393 quá nhỏ (1 dòng). Bỏ qua.
2026-06-26 03:36:38,167 - [INFO] - 
--- [Phase2_DriftTest] Chunk 266/13411: dns2tcp_tunnel_1111_doh3_2020-04-01t14_27_08.891573 ---
2026-06-26 03:36:38,178 - [WARNING] - ⚠️ Chunk dns2tcp_tunnel_1111_doh3_2020-04-01t14_27_08.891573 quá nhỏ (1 dòng). Bỏ qua.
2026-06-26 03:36:38,178 - [INFO] - 
--- [Phase2_DriftTest] Chunk 267/13411: dns2tcp_tunnel_1111_doh3_2020-04-01t14_49_44.534837 ---
2026-06-26 03:36:38,185 - [WARNING] - ⚠️ Chunk dns2tcp_tunnel_1111_doh3_2020-04-01t14_49_44.534837 quá nhỏ (1 dòng). Bỏ qua.
2026-06-26 03:36:38,185 - [INFO] - 
--- [Phase2_DriftTest] Chunk 268/13411: dns2tcp_tunnel_1111_doh3_2020-04-01t15_12_17.307742 ---
2026-06-26 03:36:38,192 - [WARNING] - ⚠️ Chunk dns2tcp_tunnel_1111_doh3_2020-04-01t15_12_17.307742 quá nhỏ (1 dòng). Bỏ qua.
2026-06-26 03:36:38,192 - [INFO] - 
--- [Phase2_DriftTest] Chunk 269/13411: dns2tcp_tunnel_1111_doh3_2020-04-01t15_34_49.145770 ---
2026-06-26 03:36:38,199 - [WARNING] - ⚠️ Chunk dns2tcp_tunnel_1111_doh3_2020-04-01t15_34_49.145770 quá nhỏ (1 dòng). Bỏ qua.
2026-06-26 03:36:38,200 - [INFO] - 
--- [Phase2_DriftTest] Chunk 270/13411: dns2tcp_tunnel_1111_doh3_2020-04-01t15_57_20.839106 ---
2026-06-26 03:36:38,207 - [WARNING] - ⚠️ Chunk dns2tcp_tunnel_1111_doh3_2020-04-01t15_57_20.839106 quá nhỏ (1 dòng). Bỏ qua.
2026-06-26 03:36:38,207 - [INFO] - 
--- [Phase2_DriftTest] Chunk 271/13411: dns2tcp_tunnel_1111_doh3_2020-04-01t16_19_49.806311 ---
2026-06-26 03:36:38,214 - [WARNING] - ⚠️ Chunk dns2tcp_tunnel_1111_doh3_2020-04-01t16_19_49.806311 quá nhỏ (1 dòng). Bỏ qua.
2026-06-26 03:36:38,214 - [INFO] - 
--- [Phase2_DriftTest] Chunk 272/13411: dns2tcp_tunnel_1111_doh3_2020-04-01t16_42_19.155841 ---
2026-06-26 03:36:38,221 - [WARNING] - ⚠️ Chunk dns2tcp_tunnel_1111_doh3_2020-04-01t16_42_19.155841 quá nhỏ (1 dòng). Bỏ qua.
2026-06-26 03:36:38,221 - [INFO] - 
--- [Phase2_DriftTest] Chunk 273/13411: dns2tcp_tunnel_1111_doh3_2020-04-01t17_04_49.474306 ---
2026-06-26 03:36:38,228 - [WARNING] - ⚠️ Chunk dns2tcp_tunnel_1111_doh3_2020-04-01t17_04_49.474306 quá nhỏ (1 dòng). Bỏ qua.
2026-06-26 03:36:38,229 - [INFO] - 
--- [Phase2_DriftTest] Chunk 274/13411: dns2tcp_tunnel_1111_doh3_2020-04-01t17_27_18.734509 ---
2026-06-26 03:36:38,236 - [WARNING] - ⚠️ Chunk dns2tcp_tunnel_1111_doh3_2020-04-01t17_27_18.734509 quá nhỏ (1 dòng). Bỏ qua.
2026-06-26 03:36:38,236 - [INFO] - 
--- [Phase2_DriftTest] Chunk 275/13411: dns2tcp_tunnel_1111_doh3_2020-04-01t17_49_53.836033 ---
2026-06-26 03:36:38,243 - [WARNING] - ⚠️ Chunk dns2tcp_tunnel_1111_doh3_2020-04-01t17_49_53.836033 quá nhỏ (1 dòng). Bỏ qua.
2026-06-26 03:36:38,243 - [INFO] - 
--- [Phase2_DriftTest] Chunk 276/13411: dns2tcp_tunnel_1111_doh3_2020-04-01t18_12_30.813605 ---
2026-06-26 03:36:38,250 - [WARNING] - ⚠️ Chunk dns2tcp_tunnel_1111_doh3_2020-04-01t18_12_30.813605 quá nhỏ (1 dòng). Bỏ qua.
2026-06-26 03:36:38,250 - [INFO] - 
--- [Phase2_DriftTest] Chunk 277/13411: dns2tcp_tunnel_1111_doh3_2020-04-01t18_35_08.674341 ---
2026-06-26 03:36:38,256 - [WARNING] - ⚠️ Chunk dns2tcp_tunnel_1111_doh3_2020-04-01t18_35_08.674341 quá nhỏ (1 dòng). Bỏ qua.
2026-06-26 03:36:38,256 - [INFO] - 
--- [Phase2_DriftTest] Chunk 278/13411: dns2tcp_tunnel_1111_doh3_2020-04-01t18_57_44.096535 ---
2026-06-26 03:36:38,263 - [WARNING] - ⚠️ Chunk dns2tcp_tunnel_1111_doh3_2020-04-01t18_57_44.096535 quá nhỏ (1 dòng). Bỏ qua.
2026-06-26 03:36:38,264 - [INFO] - 
--- [Phase2_DriftTest] Chunk 279/13411: dns2tcp_tunnel_1111_doh3_2020-04-01t19_20_17.604606 ---
2026-06-26 03:36:38,271 - [WARNING] - ⚠️ Chunk dns2tcp_tunnel_1111_doh3_2020-04-01t19_20_17.604606 quá nhỏ (1 dòng). Bỏ qua.
2026-06-26 03:36:38,271 - [INFO] - 
--- [Phase2_DriftTest] Chunk 280/13411: dns2tcp_tunnel_1111_doh3_2020-04-01t19_42_52.234605 ---
2026-06-26 03:36:38,278 - [WARNING] - ⚠️ Chunk dns2tcp_tunnel_1111_doh3_2020-04-01t19_42_52.234605 quá nhỏ (1 dòng). Bỏ qua.
2026-06-26 03:36:38,278 - [INFO] - 
--- [Phase2_DriftTest] Chunk 281/13411: dns2tcp_tunnel_1111_doh3_2020-04-01t20_05_24.345666 ---
2026-06-26 03:36:38,285 - [WARNING] - ⚠️ Chunk dns2tcp_tunnel_1111_doh3_2020-04-01t20_05_24.345666 quá nhỏ (1 dòng). Bỏ qua.
2026-06-26 03:36:38,285 - [INFO] - 
--- [Phase2_DriftTest] Chunk 282/13411: dns2tcp_tunnel_1111_doh3_2020-04-01t20_27_53.713389 ---
2026-06-26 03:36:38,292 - [WARNING] - ⚠️ Chunk dns2tcp_tunnel_1111_doh3_2020-04-01t20_27_53.713389 quá nhỏ (1 dòng). Bỏ qua.
2026-06-26 03:36:38,292 - [INFO] - 
--- [Phase2_DriftTest] Chunk 283/13411: dns2tcp_tunnel_1111_doh3_2020-04-01t20_50_22.743666 ---
2026-06-26 03:36:38,299 - [WARNING] - ⚠️ Chunk dns2tcp_tunnel_1111_doh3_2020-04-01t20_50_22.743666 quá nhỏ (1 dòng). Bỏ qua.
2026-06-26 03:36:38,299 - [INFO] - 
--- [Phase2_DriftTest] Chunk 284/13411: dns2tcp_tunnel_1111_doh3_2020-04-01t21_12_52.387087 ---
2026-06-26 03:36:38,306 - [WARNING] - ⚠️ Chunk dns2tcp_tunnel_1111_doh3_2020-04-01t21_12_52.387087 quá nhỏ (1 dòng). Bỏ qua.
2026-06-26 03:36:38,306 - [INFO] - 
--- [Phase2_DriftTest] Chunk 285/13411: dns2tcp_tunnel_1111_doh3_2020-04-01t21_35_22.281810 ---
2026-06-26 03:36:38,313 - [WARNING] - ⚠️ Chunk dns2tcp_tunnel_1111_doh3_2020-04-01t21_35_22.281810 quá nhỏ (1 dòng). Bỏ qua.
2026-06-26 03:36:38,313 - [INFO] - 
--- [Phase2_DriftTest] Chunk 286/13411: dns2tcp_tunnel_1111_doh3_2020-04-01t21_57_54.778474 ---
2026-06-26 03:36:38,320 - [WARNING] - ⚠️ Chunk dns2tcp_tunnel_1111_doh3_2020-04-01t21_57_54.778474 quá nhỏ (1 dòng). Bỏ qua.
2026-06-26 03:36:38,320 - [INFO] - 
--- [Phase2_DriftTest] Chunk 287/13411: dns2tcp_tunnel_1111_doh3_2020-04-01t22_20_29.236480 ---
2026-06-26 03:36:38,327 - [WARNING] - ⚠️ Chunk dns2tcp_tunnel_1111_doh3_2020-04-01t22_20_29.236480 quá nhỏ (1 dòng). Bỏ qua.
2026-06-26 03:36:38,327 - [INFO] - 
--- [Phase2_DriftTest] Chunk 288/13411: dns2tcp_tunnel_1111_doh3_2020-04-01t22_43_01.315285 ---
2026-06-26 03:36:38,334 - [WARNING] - ⚠️ Chunk dns2tcp_tunnel_1111_doh3_2020-04-01t22_43_01.315285 quá nhỏ (1 dòng). Bỏ qua.
2026-06-26 03:36:38,334 - [INFO] - 
--- [Phase2_DriftTest] Chunk 289/13411: dns2tcp_tunnel_1111_doh3_2020-04-01t23_05_35.129861 ---
2026-06-26 03:36:38,341 - [WARNING] - ⚠️ Chunk dns2tcp_tunnel_1111_doh3_2020-04-01t23_05_35.129861 quá nhỏ (1 dòng). Bỏ qua.
2026-06-26 03:36:38,341 - [INFO] - 
--- [Phase2_DriftTest] Chunk 290/13411: dns2tcp_tunnel_1111_doh3_2020-04-01t23_28_07.512862 ---
2026-06-26 03:36:38,348 - [WARNING] - ⚠️ Chunk dns2tcp_tunnel_1111_doh3_2020-04-01t23_28_07.512862 quá nhỏ (1 dòng). Bỏ qua.
2026-06-26 03:36:38,348 - [INFO] - 
--- [Phase2_DriftTest] Chunk 291/13411: dns2tcp_tunnel_1111_doh3_2020-04-01t23_50_40.649488 ---
2026-06-26 03:36:38,355 - [WARNING] - ⚠️ Chunk dns2tcp_tunnel_1111_doh3_2020-04-01t23_50_40.649488 quá nhỏ (1 dòng). Bỏ qua.
2026-06-26 03:36:38,355 - [INFO] - 
--- [Phase2_DriftTest] Chunk 292/13411: dns2tcp_tunnel_1111_doh4_2020-03-31t21_54_33.620225 ---
2026-06-26 03:36:38,362 - [WARNING] - ⚠️ Chunk dns2tcp_tunnel_1111_doh4_2020-03-31t21_54_33.620225 quá nhỏ (1 dòng). Bỏ qua.
2026-06-26 03:36:38,362 - [INFO] - 
--- [Phase2_DriftTest] Chunk 293/13411: dns2tcp_tunnel_1111_doh4_2020-03-31t22_17_04.401090 ---
2026-06-26 03:36:38,370 - [WARNING] - ⚠️ Chunk dns2tcp_tunnel_1111_doh4_2020-03-31t22_17_04.401090 quá nhỏ (1 dòng). Bỏ qua.
2026-06-26 03:36:38,370 - [INFO] - 
--- [Phase2_DriftTest] Chunk 294/13411: dns2tcp_tunnel_1111_doh4_2020-03-31t22_39_38.882420 ---
2026-06-26 03:36:38,377 - [WARNING] - ⚠️ Chunk dns2tcp_tunnel_1111_doh4_2020-03-31t22_39_38.882420 quá nhỏ (1 dòng). Bỏ qua.
2026-06-26 03:36:38,377 - [INFO] - 
--- [Phase2_DriftTest] Chunk 295/13411: dns2tcp_tunnel_1111_doh4_2020-03-31t23_02_12.377954 ---
2026-06-26 03:36:38,383 - [WARNING] - ⚠️ Chunk dns2tcp_tunnel_1111_doh4_2020-03-31t23_02_12.377954 quá nhỏ (1 dòng). Bỏ qua.
2026-06-26 03:36:38,383 - [INFO] - 
--- [Phase2_DriftTest] Chunk 296/13411: dns2tcp_tunnel_1111_doh4_2020-03-31t23_24_47.523429 ---
2026-06-26 03:36:38,390 - [WARNING] - ⚠️ Chunk dns2tcp_tunnel_1111_doh4_2020-03-31t23_24_47.523429 quá nhỏ (1 dòng). Bỏ qua.
2026-06-26 03:36:38,390 - [INFO] - 
--- [Phase2_DriftTest] Chunk 297/13411: dns2tcp_tunnel_1111_doh4_2020-03-31t23_47_22.089977 ---
2026-06-26 03:36:38,397 - [WARNING] - ⚠️ Chunk dns2tcp_tunnel_1111_doh4_2020-03-31t23_47_22.089977 quá nhỏ (1 dòng). Bỏ qua.
2026-06-26 03:36:38,397 - [INFO] - 
--- [Phase2_DriftTest] Chunk 298/13411: dns2tcp_tunnel_1111_doh4_2020-04-01t00_09_56.323818 ---
2026-06-26 03:36:38,404 - [WARNING] - ⚠️ Chunk dns2tcp_tunnel_1111_doh4_2020-04-01t00_09_56.323818 quá nhỏ (1 dòng). Bỏ qua.
2026-06-26 03:36:38,404 - [INFO] - 
--- [Phase2_DriftTest] Chunk 299/13411: dns2tcp_tunnel_1111_doh4_2020-04-01t00_32_32.513667 ---
2026-06-26 03:36:38,411 - [WARNING] - ⚠️ Chunk dns2tcp_tunnel_1111_doh4_2020-04-01t00_32_32.513667 quá nhỏ (1 dòng). Bỏ qua.
2026-06-26 03:36:38,411 - [INFO] - 
--- [Phase2_DriftTest] Chunk 300/13411: dns2tcp_tunnel_1111_doh4_2020-04-01t00_55_06.738811 ---
2026-06-26 03:36:38,418 - [WARNING] - ⚠️ Chunk dns2tcp_tunnel_1111_doh4_2020-04-01t00_55_06.738811 quá nhỏ (1 dòng). Bỏ qua.
2026-06-26 03:36:38,418 - [INFO] - 
--- [Phase2_DriftTest] Chunk 301/13411: dns2tcp_tunnel_1111_doh4_2020-04-01t01_17_42.567203 ---
2026-06-26 03:36:38,425 - [WARNING] - ⚠️ Chunk dns2tcp_tunnel_1111_doh4_2020-04-01t01_17_42.567203 quá nhỏ (1 dòng). Bỏ qua.
2026-06-26 03:36:38,425 - [INFO] - 
--- [Phase2_DriftTest] Chunk 302/13411: dns2tcp_tunnel_1111_doh4_2020-04-01t01_40_16.854545 ---
2026-06-26 03:36:38,432 - [WARNING] - ⚠️ Chunk dns2tcp_tunnel_1111_doh4_2020-04-01t01_40_16.854545 quá nhỏ (1 dòng). Bỏ qua.
2026-06-26 03:36:38,432 - [INFO] - 
--- [Phase2_DriftTest] Chunk 303/13411: dns2tcp_tunnel_1111_doh4_2020-04-01t02_02_50.466545 ---
2026-06-26 03:36:38,439 - [WARNING] - ⚠️ Chunk dns2tcp_tunnel_1111_doh4_2020-04-01t02_02_50.466545 quá nhỏ (1 dòng). Bỏ qua.
2026-06-26 03:36:38,440 - [INFO] - 
--- [Phase2_DriftTest] Chunk 304/13411: dns2tcp_tunnel_1111_doh4_2020-04-01t02_25_27.162346 ---
2026-06-26 03:36:38,447 - [WARNING] - ⚠️ Chunk dns2tcp_tunnel_1111_doh4_2020-04-01t02_25_27.162346 quá nhỏ (1 dòng). Bỏ qua.
2026-06-26 03:36:38,447 - [INFO] - 
--- [Phase2_DriftTest] Chunk 305/13411: dns2tcp_tunnel_1111_doh4_2020-04-01t02_48_01.207291 ---
2026-06-26 03:36:38,454 - [WARNING] - ⚠️ Chunk dns2tcp_tunnel_1111_doh4_2020-04-01t02_48_01.207291 quá nhỏ (1 dòng). Bỏ qua.
2026-06-26 03:36:38,454 - [INFO] - 
--- [Phase2_DriftTest] Chunk 306/13411: dns2tcp_tunnel_1111_doh4_2020-04-01t03_10_36.165453 ---
2026-06-26 03:36:38,461 - [WARNING] - ⚠️ Chunk dns2tcp_tunnel_1111_doh4_2020-04-01t03_10_36.165453 quá nhỏ (1 dòng). Bỏ qua.
2026-06-26 03:36:38,461 - [INFO] - 
--- [Phase2_DriftTest] Chunk 307/13411: dns2tcp_tunnel_1111_doh4_2020-04-01t03_33_10.544415 ---
2026-06-26 03:36:38,467 - [WARNING] - ⚠️ Chunk dns2tcp_tunnel_1111_doh4_2020-04-01t03_33_10.544415 quá nhỏ (1 dòng). Bỏ qua.
2026-06-26 03:36:38,467 - [INFO] - 
--- [Phase2_DriftTest] Chunk 308/13411: dns2tcp_tunnel_1111_doh4_2020-04-01t03_55_41.718925 ---
2026-06-26 03:36:38,474 - [WARNING] - ⚠️ Chunk dns2tcp_tunnel_1111_doh4_2020-04-01t03_55_41.718925 quá nhỏ (1 dòng). Bỏ qua.
2026-06-26 03:36:38,474 - [INFO] - 
--- [Phase2_DriftTest] Chunk 309/13411: dns2tcp_tunnel_1111_doh4_2020-04-01t04_18_15.217854 ---
2026-06-26 03:36:38,484 - [WARNING] - ⚠️ Chunk dns2tcp_tunnel_1111_doh4_2020-04-01t04_18_15.217854 quá nhỏ (1 dòng). Bỏ qua.
2026-06-26 03:36:38,484 - [INFO] - 
--- [Phase2_DriftTest] Chunk 310/13411: dns2tcp_tunnel_1111_doh4_2020-04-01t04_40_51.608603 ---
2026-06-26 03:36:38,495 - [WARNING] - ⚠️ Chunk dns2tcp_tunnel_1111_doh4_2020-04-01t04_40_51.608603 quá nhỏ (1 dòng). Bỏ qua.
2026-06-26 03:36:38,495 - [INFO] - 
--- [Phase2_DriftTest] Chunk 311/13411: dns2tcp_tunnel_1111_doh4_2020-04-01t05_03_24.047321 ---
2026-06-26 03:36:38,503 - [WARNING] - ⚠️ Chunk dns2tcp_tunnel_1111_doh4_2020-04-01t05_03_24.047321 quá nhỏ (1 dòng). Bỏ qua.
2026-06-26 03:36:38,503 - [INFO] - 
--- [Phase2_DriftTest] Chunk 312/13411: dns2tcp_tunnel_1111_doh4_2020-04-01t05_25_56.269585 ---
2026-06-26 03:36:38,510 - [WARNING] - ⚠️ Chunk dns2tcp_tunnel_1111_doh4_2020-04-01t05_25_56.269585 quá nhỏ (1 dòng). Bỏ qua.
2026-06-26 03:36:38,510 - [INFO] - 
--- [Phase2_DriftTest] Chunk 313/13411: dns2tcp_tunnel_1111_doh4_2020-04-01t05_48_41.450622 ---
2026-06-26 03:36:38,517 - [WARNING] - ⚠️ Chunk dns2tcp_tunnel_1111_doh4_2020-04-01t05_48_41.450622 quá nhỏ (1 dòng). Bỏ qua.
2026-06-26 03:36:38,517 - [INFO] - 
--- [Phase2_DriftTest] Chunk 314/13411: dns2tcp_tunnel_1111_doh4_2020-04-01t06_11_20.753140 ---
2026-06-26 03:36:38,524 - [WARNING] - ⚠️ Chunk dns2tcp_tunnel_1111_doh4_2020-04-01t06_11_20.753140 quá nhỏ (1 dòng). Bỏ qua.
2026-06-26 03:36:38,524 - [INFO] - 
--- [Phase2_DriftTest] Chunk 315/13411: dns2tcp_tunnel_1111_doh4_2020-04-01t06_33_58.398808 ---
2026-06-26 03:36:38,531 - [WARNING] - ⚠️ Chunk dns2tcp_tunnel_1111_doh4_2020-04-01t06_33_58.398808 quá nhỏ (1 dòng). Bỏ qua.
2026-06-26 03:36:38,531 - [INFO] - 
--- [Phase2_DriftTest] Chunk 316/13411: dns2tcp_tunnel_1111_doh4_2020-04-01t06_56_34.842971 ---
2026-06-26 03:36:38,538 - [WARNING] - ⚠️ Chunk dns2tcp_tunnel_1111_doh4_2020-04-01t06_56_34.842971 quá nhỏ (1 dòng). Bỏ qua.
2026-06-26 03:36:38,538 - [INFO] - 
--- [Phase2_DriftTest] Chunk 317/13411: dns2tcp_tunnel_1111_doh4_2020-04-01t07_19_09.910176 ---
2026-06-26 03:36:38,546 - [WARNING] - ⚠️ Chunk dns2tcp_tunnel_1111_doh4_2020-04-01t07_19_09.910176 quá nhỏ (1 dòng). Bỏ qua.
2026-06-26 03:36:38,546 - [INFO] - 
--- [Phase2_DriftTest] Chunk 318/13411: dns2tcp_tunnel_1111_doh4_2020-04-01t07_41_43.741108 ---
2026-06-26 03:36:38,553 - [WARNING] - ⚠️ Chunk dns2tcp_tunnel_1111_doh4_2020-04-01t07_41_43.741108 quá nhỏ (1 dòng). Bỏ qua.
2026-06-26 03:36:38,553 - [INFO] - 
--- [Phase2_DriftTest] Chunk 319/13411: dns2tcp_tunnel_1111_doh4_2020-04-01t08_04_17.080634 ---
2026-06-26 03:36:38,560 - [WARNING] - ⚠️ Chunk dns2tcp_tunnel_1111_doh4_2020-04-01t08_04_17.080634 quá nhỏ (1 dòng). Bỏ qua.
2026-06-26 03:36:38,560 - [INFO] - 
--- [Phase2_DriftTest] Chunk 320/13411: dns2tcp_tunnel_1111_doh4_2020-04-01t08_26_48.049380 ---
2026-06-26 03:36:38,567 - [WARNING] - ⚠️ Chunk dns2tcp_tunnel_1111_doh4_2020-04-01t08_26_48.049380 quá nhỏ (1 dòng). Bỏ qua.
2026-06-26 03:36:38,568 - [INFO] - 
--- [Phase2_DriftTest] Chunk 321/13411: dns2tcp_tunnel_1111_doh4_2020-04-01t08_49_20.776390 ---
2026-06-26 03:36:38,574 - [WARNING] - ⚠️ Chunk dns2tcp_tunnel_1111_doh4_2020-04-01t08_49_20.776390 quá nhỏ (1 dòng). Bỏ qua.
2026-06-26 03:36:38,574 - [INFO] - 
--- [Phase2_DriftTest] Chunk 322/13411: dns2tcp_tunnel_1111_doh4_2020-04-01t09_11_54.663781 ---
2026-06-26 03:36:38,581 - [WARNING] - ⚠️ Chunk dns2tcp_tunnel_1111_doh4_2020-04-01t09_11_54.663781 quá nhỏ (1 dòng). Bỏ qua.
2026-06-26 03:36:38,582 - [INFO] - 
--- [Phase2_DriftTest] Chunk 323/13411: dns2tcp_tunnel_1111_doh4_2020-04-01t09_34_28.791254 ---
2026-06-26 03:36:38,589 - [WARNING] - ⚠️ Chunk dns2tcp_tunnel_1111_doh4_2020-04-01t09_34_28.791254 quá nhỏ (1 dòng). Bỏ qua.
2026-06-26 03:36:38,589 - [INFO] - 
--- [Phase2_DriftTest] Chunk 324/13411: dns2tcp_tunnel_1111_doh4_2020-04-01t09_57_00.742571 ---
2026-06-26 03:36:38,596 - [WARNING] - ⚠️ Chunk dns2tcp_tunnel_1111_doh4_2020-04-01t09_57_00.742571 quá nhỏ (1 dòng). Bỏ qua.
2026-06-26 03:36:38,596 - [INFO] - 
--- [Phase2_DriftTest] Chunk 325/13411: dns2tcp_tunnel_1111_doh4_2020-04-01t10_19_36.581793 ---
2026-06-26 03:36:38,603 - [WARNING] - ⚠️ Chunk dns2tcp_tunnel_1111_doh4_2020-04-01t10_19_36.581793 quá nhỏ (1 dòng). Bỏ qua.
2026-06-26 03:36:38,603 - [INFO] - 
--- [Phase2_DriftTest] Chunk 326/13411: dns2tcp_tunnel_1111_doh4_2020-04-01t10_42_09.210262 ---
2026-06-26 03:36:38,610 - [WARNING] - ⚠️ Chunk dns2tcp_tunnel_1111_doh4_2020-04-01t10_42_09.210262 quá nhỏ (1 dòng). Bỏ qua.
2026-06-26 03:36:38,610 - [INFO] - 
--- [Phase2_DriftTest] Chunk 327/13411: dns2tcp_tunnel_1111_doh4_2020-04-01t11_04_39.615456 ---
2026-06-26 03:36:38,617 - [WARNING] - ⚠️ Chunk dns2tcp_tunnel_1111_doh4_2020-04-01t11_04_39.615456 quá nhỏ (1 dòng). Bỏ qua.
2026-06-26 03:36:38,617 - [INFO] - 
--- [Phase2_DriftTest] Chunk 328/13411: dns2tcp_tunnel_1111_doh4_2020-04-01t11_27_08.176550 ---
2026-06-26 03:36:38,623 - [WARNING] - ⚠️ Chunk dns2tcp_tunnel_1111_doh4_2020-04-01t11_27_08.176550 quá nhỏ (1 dòng). Bỏ qua.
2026-06-26 03:36:38,624 - [INFO] - 
--- [Phase2_DriftTest] Chunk 329/13411: dns2tcp_tunnel_1111_doh4_2020-04-01t11_49_36.888803 ---
2026-06-26 03:36:38,630 - [WARNING] - ⚠️ Chunk dns2tcp_tunnel_1111_doh4_2020-04-01t11_49_36.888803 quá nhỏ (1 dòng). Bỏ qua.
2026-06-26 03:36:38,630 - [INFO] - 
--- [Phase2_DriftTest] Chunk 330/13411: dns2tcp_tunnel_1111_doh4_2020-04-01t12_12_04.871302 ---
2026-06-26 03:36:38,637 - [WARNING] - ⚠️ Chunk dns2tcp_tunnel_1111_doh4_2020-04-01t12_12_04.871302 quá nhỏ (1 dòng). Bỏ qua.
2026-06-26 03:36:38,637 - [INFO] - 
--- [Phase2_DriftTest] Chunk 331/13411: dns2tcp_tunnel_1111_doh4_2020-04-01t12_34_32.978127 ---
2026-06-26 03:36:38,648 - [WARNING] - ⚠️ Chunk dns2tcp_tunnel_1111_doh4_2020-04-01t12_34_32.978127 quá nhỏ (1 dòng). Bỏ qua.
2026-06-26 03:36:38,648 - [INFO] - 
--- [Phase2_DriftTest] Chunk 332/13411: dns2tcp_tunnel_1111_doh4_2020-04-01t12_57_02.282719 ---
2026-06-26 03:36:38,655 - [WARNING] - ⚠️ Chunk dns2tcp_tunnel_1111_doh4_2020-04-01t12_57_02.282719 quá nhỏ (1 dòng). Bỏ qua.
2026-06-26 03:36:38,655 - [INFO] - 
--- [Phase2_DriftTest] Chunk 333/13411: dns2tcp_tunnel_1111_doh4_2020-04-01t13_19_31.150128 ---
2026-06-26 03:36:38,662 - [WARNING] - ⚠️ Chunk dns2tcp_tunnel_1111_doh4_2020-04-01t13_19_31.150128 quá nhỏ (1 dòng). Bỏ qua.
2026-06-26 03:36:38,662 - [INFO] - 
--- [Phase2_DriftTest] Chunk 334/13411: dns2tcp_tunnel_1111_doh4_2020-04-01t13_42_03.361973 ---
2026-06-26 03:36:38,669 - [WARNING] - ⚠️ Chunk dns2tcp_tunnel_1111_doh4_2020-04-01t13_42_03.361973 quá nhỏ (1 dòng). Bỏ qua.
2026-06-26 03:36:38,669 - [INFO] - 
--- [Phase2_DriftTest] Chunk 335/13411: dns2tcp_tunnel_1111_doh4_2020-04-01t14_04_37.109232 ---
2026-06-26 03:36:38,676 - [WARNING] - ⚠️ Chunk dns2tcp_tunnel_1111_doh4_2020-04-01t14_04_37.109232 quá nhỏ (1 dòng). Bỏ qua.
2026-06-26 03:36:38,676 - [INFO] - 
--- [Phase2_DriftTest] Chunk 336/13411: dns2tcp_tunnel_1111_doh4_2020-04-01t14_27_09.626976 ---
2026-06-26 03:36:38,683 - [WARNING] - ⚠️ Chunk dns2tcp_tunnel_1111_doh4_2020-04-01t14_27_09.626976 quá nhỏ (1 dòng). Bỏ qua.
2026-06-26 03:36:38,683 - [INFO] - 
--- [Phase2_DriftTest] Chunk 337/13411: dns2tcp_tunnel_1111_doh4_2020-04-01t14_49_45.067101 ---
2026-06-26 03:36:38,690 - [WARNING] - ⚠️ Chunk dns2tcp_tunnel_1111_doh4_2020-04-01t14_49_45.067101 quá nhỏ (1 dòng). Bỏ qua.
2026-06-26 03:36:38,690 - [INFO] - 
--- [Phase2_DriftTest] Chunk 338/13411: dns2tcp_tunnel_1111_doh4_2020-04-01t15_12_17.944792 ---
2026-06-26 03:36:38,697 - [WARNING] - ⚠️ Chunk dns2tcp_tunnel_1111_doh4_2020-04-01t15_12_17.944792 quá nhỏ (1 dòng). Bỏ qua.
2026-06-26 03:36:38,697 - [INFO] - 
--- [Phase2_DriftTest] Chunk 339/13411: dns2tcp_tunnel_1111_doh4_2020-04-01t15_34_49.829421 ---
2026-06-26 03:36:38,704 - [WARNING] - ⚠️ Chunk dns2tcp_tunnel_1111_doh4_2020-04-01t15_34_49.829421 quá nhỏ (1 dòng). Bỏ qua.
2026-06-26 03:36:38,704 - [INFO] - 
--- [Phase2_DriftTest] Chunk 340/13411: dns2tcp_tunnel_1111_doh4_2020-04-01t15_57_21.546170 ---
2026-06-26 03:36:38,711 - [WARNING] - ⚠️ Chunk dns2tcp_tunnel_1111_doh4_2020-04-01t15_57_21.546170 quá nhỏ (1 dòng). Bỏ qua.
2026-06-26 03:36:38,711 - [INFO] - 
--- [Phase2_DriftTest] Chunk 341/13411: dns2tcp_tunnel_1111_doh4_2020-04-01t16_19_50.423625 ---
2026-06-26 03:36:38,718 - [WARNING] - ⚠️ Chunk dns2tcp_tunnel_1111_doh4_2020-04-01t16_19_50.423625 quá nhỏ (1 dòng). Bỏ qua.
2026-06-26 03:36:38,718 - [INFO] - 
--- [Phase2_DriftTest] Chunk 342/13411: dns2tcp_tunnel_1111_doh4_2020-04-01t16_42_19.739037 ---
2026-06-26 03:36:38,724 - [WARNING] - ⚠️ Chunk dns2tcp_tunnel_1111_doh4_2020-04-01t16_42_19.739037 quá nhỏ (1 dòng). Bỏ qua.
2026-06-26 03:36:38,725 - [INFO] - 
--- [Phase2_DriftTest] Chunk 343/13411: dns2tcp_tunnel_1111_doh4_2020-04-01t17_04_50.071425 ---
2026-06-26 03:36:38,731 - [WARNING] - ⚠️ Chunk dns2tcp_tunnel_1111_doh4_2020-04-01t17_04_50.071425 quá nhỏ (1 dòng). Bỏ qua.
2026-06-26 03:36:38,731 - [INFO] - 
--- [Phase2_DriftTest] Chunk 344/13411: dns2tcp_tunnel_1111_doh4_2020-04-01t17_27_19.302708 ---
2026-06-26 03:36:38,738 - [WARNING] - ⚠️ Chunk dns2tcp_tunnel_1111_doh4_2020-04-01t17_27_19.302708 quá nhỏ (1 dòng). Bỏ qua.
2026-06-26 03:36:38,738 - [INFO] - 
--- [Phase2_DriftTest] Chunk 345/13411: dns2tcp_tunnel_1111_doh4_2020-04-01t17_49_54.583031 ---
2026-06-26 03:36:38,745 - [WARNING] - ⚠️ Chunk dns2tcp_tunnel_1111_doh4_2020-04-01t17_49_54.583031 quá nhỏ (1 dòng). Bỏ qua.
2026-06-26 03:36:38,745 - [INFO] - 
--- [Phase2_DriftTest] Chunk 346/13411: dns2tcp_tunnel_1111_doh4_2020-04-01t18_12_31.581374 ---
2026-06-26 03:36:38,755 - [WARNING] - ⚠️ Chunk dns2tcp_tunnel_1111_doh4_2020-04-01t18_12_31.581374 quá nhỏ (1 dòng). Bỏ qua.
2026-06-26 03:36:38,755 - [INFO] - 
--- [Phase2_DriftTest] Chunk 347/13411: dns2tcp_tunnel_1111_doh4_2020-04-01t18_35_09.504066 ---
2026-06-26 03:36:38,762 - [WARNING] - ⚠️ Chunk dns2tcp_tunnel_1111_doh4_2020-04-01t18_35_09.504066 quá nhỏ (1 dòng). Bỏ qua.
2026-06-26 03:36:38,762 - [INFO] - 
--- [Phase2_DriftTest] Chunk 348/13411: dns2tcp_tunnel_1111_doh4_2020-04-01t18_57_44.883147 ---
2026-06-26 03:36:38,769 - [WARNING] - ⚠️ Chunk dns2tcp_tunnel_1111_doh4_2020-04-01t18_57_44.883147 quá nhỏ (1 dòng). Bỏ qua.
2026-06-26 03:36:38,769 - [INFO] - 
--- [Phase2_DriftTest] Chunk 349/13411: dns2tcp_tunnel_1111_doh4_2020-04-01t19_20_18.250612 ---
2026-06-26 03:36:38,776 - [WARNING] - ⚠️ Chunk dns2tcp_tunnel_1111_doh4_2020-04-01t19_20_18.250612 quá nhỏ (1 dòng). Bỏ qua.
2026-06-26 03:36:38,776 - [INFO] - 
--- [Phase2_DriftTest] Chunk 350/13411: dns2tcp_tunnel_1111_doh4_2020-04-01t19_42_53.129558 ---
2026-06-26 03:36:38,783 - [WARNING] - ⚠️ Chunk dns2tcp_tunnel_1111_doh4_2020-04-01t19_42_53.129558 quá nhỏ (1 dòng). Bỏ qua.
2026-06-26 03:36:38,783 - [INFO] - 
--- [Phase2_DriftTest] Chunk 351/13411: dns2tcp_tunnel_1111_doh4_2020-04-01t20_05_24.914720 ---
2026-06-26 03:36:38,790 - [WARNING] - ⚠️ Chunk dns2tcp_tunnel_1111_doh4_2020-04-01t20_05_24.914720 quá nhỏ (1 dòng). Bỏ qua.
2026-06-26 03:36:38,790 - [INFO] - 
--- [Phase2_DriftTest] Chunk 352/13411: dns2tcp_tunnel_1111_doh4_2020-04-01t20_27_54.299414 ---
2026-06-26 03:36:38,797 - [WARNING] - ⚠️ Chunk dns2tcp_tunnel_1111_doh4_2020-04-01t20_27_54.299414 quá nhỏ (1 dòng). Bỏ qua.
2026-06-26 03:36:38,798 - [INFO] - 
--- [Phase2_DriftTest] Chunk 353/13411: dns2tcp_tunnel_1111_doh4_2020-04-01t20_50_23.293065 ---
2026-06-26 03:36:38,805 - [WARNING] - ⚠️ Chunk dns2tcp_tunnel_1111_doh4_2020-04-01t20_50_23.293065 quá nhỏ (1 dòng). Bỏ qua.
2026-06-26 03:36:38,805 - [INFO] - 
--- [Phase2_DriftTest] Chunk 354/13411: dns2tcp_tunnel_1111_doh4_2020-04-01t21_12_52.958129 ---
2026-06-26 03:36:38,812 - [WARNING] - ⚠️ Chunk dns2tcp_tunnel_1111_doh4_2020-04-01t21_12_52.958129 quá nhỏ (1 dòng). Bỏ qua.
2026-06-26 03:36:38,812 - [INFO] - 
--- [Phase2_DriftTest] Chunk 355/13411: dns2tcp_tunnel_1111_doh4_2020-04-01t21_35_22.891189 ---
2026-06-26 03:36:38,819 - [WARNING] - ⚠️ Chunk dns2tcp_tunnel_1111_doh4_2020-04-01t21_35_22.891189 quá nhỏ (1 dòng). Bỏ qua.
2026-06-26 03:36:38,819 - [INFO] - 
--- [Phase2_DriftTest] Chunk 356/13411: dns2tcp_tunnel_1111_doh4_2020-04-01t21_57_55.458798 ---
2026-06-26 03:36:38,826 - [WARNING] - ⚠️ Chunk dns2tcp_tunnel_1111_doh4_2020-04-01t21_57_55.458798 quá nhỏ (1 dòng). Bỏ qua.
2026-06-26 03:36:38,826 - [INFO] - 
--- [Phase2_DriftTest] Chunk 357/13411: dns2tcp_tunnel_1111_doh4_2020-04-01t22_20_30.034026 ---
2026-06-26 03:36:38,834 - [WARNING] - ⚠️ Chunk dns2tcp_tunnel_1111_doh4_2020-04-01t22_20_30.034026 quá nhỏ (1 dòng). Bỏ qua.
2026-06-26 03:36:38,834 - [INFO] - 
--- [Phase2_DriftTest] Chunk 358/13411: dns2tcp_tunnel_1111_doh4_2020-04-01t22_43_01.925504 ---
2026-06-26 03:36:38,841 - [WARNING] - ⚠️ Chunk dns2tcp_tunnel_1111_doh4_2020-04-01t22_43_01.925504 quá nhỏ (1 dòng). Bỏ qua.
2026-06-26 03:36:38,841 - [INFO] - 
--- [Phase2_DriftTest] Chunk 359/13411: dns2tcp_tunnel_1111_doh4_2020-04-01t23_05_35.890022 ---
2026-06-26 03:36:38,847 - [WARNING] - ⚠️ Chunk dns2tcp_tunnel_1111_doh4_2020-04-01t23_05_35.890022 quá nhỏ (1 dòng). Bỏ qua.
2026-06-26 03:36:38,848 - [INFO] - 
--- [Phase2_DriftTest] Chunk 360/13411: dns2tcp_tunnel_1111_doh4_2020-04-01t23_28_08.373011 ---
2026-06-26 03:36:38,854 - [WARNING] - ⚠️ Chunk dns2tcp_tunnel_1111_doh4_2020-04-01t23_28_08.373011 quá nhỏ (1 dòng). Bỏ qua.
2026-06-26 03:36:38,854 - [INFO] - 
--- [Phase2_DriftTest] Chunk 361/13411: dns2tcp_tunnel_1111_doh4_2020-04-01t23_50_41.432773 ---
2026-06-26 03:36:38,861 - [WARNING] - ⚠️ Chunk dns2tcp_tunnel_1111_doh4_2020-04-01t23_50_41.432773 quá nhỏ (1 dòng). Bỏ qua.
2026-06-26 03:36:38,861 - [INFO] - 
--- [Phase2_DriftTest] Chunk 362/13411: dns2tcp_tunnel_1111_doh5_2020-03-31t21_54_34.113875 ---
2026-06-26 03:36:38,867 - [WARNING] - ⚠️ Chunk dns2tcp_tunnel_1111_doh5_2020-03-31t21_54_34.113875 quá nhỏ (1 dòng). Bỏ qua.
2026-06-26 03:36:38,868 - [INFO] - 
--- [Phase2_DriftTest] Chunk 363/13411: dns2tcp_tunnel_1111_doh5_2020-03-31t22_17_05.099390 ---
2026-06-26 03:36:38,877 - [WARNING] - ⚠️ Chunk dns2tcp_tunnel_1111_doh5_2020-03-31t22_17_05.099390 quá nhỏ (1 dòng). Bỏ qua.
2026-06-26 03:36:38,877 - [INFO] - 
--- [Phase2_DriftTest] Chunk 364/13411: dns2tcp_tunnel_1111_doh5_2020-03-31t22_39_39.905767 ---
2026-06-26 03:36:38,884 - [WARNING] - ⚠️ Chunk dns2tcp_tunnel_1111_doh5_2020-03-31t22_39_39.905767 quá nhỏ (1 dòng). Bỏ qua.
2026-06-26 03:36:38,884 - [INFO] - 
--- [Phase2_DriftTest] Chunk 365/13411: dns2tcp_tunnel_1111_doh5_2020-03-31t23_02_13.487915 ---
2026-06-26 03:36:38,891 - [WARNING] - ⚠️ Chunk dns2tcp_tunnel_1111_doh5_2020-03-31t23_02_13.487915 quá nhỏ (1 dòng). Bỏ qua.
2026-06-26 03:36:38,892 - [INFO] - 
--- [Phase2_DriftTest] Chunk 366/13411: dns2tcp_tunnel_1111_doh5_2020-03-31t23_24_48.182207 ---
2026-06-26 03:36:38,898 - [WARNING] - ⚠️ Chunk dns2tcp_tunnel_1111_doh5_2020-03-31t23_24_48.182207 quá nhỏ (1 dòng). Bỏ qua.
2026-06-26 03:36:38,898 - [INFO] - 
--- [Phase2_DriftTest] Chunk 367/13411: dns2tcp_tunnel_1111_doh5_2020-03-31t23_47_22.740253 ---
2026-06-26 03:36:38,905 - [WARNING] - ⚠️ Chunk dns2tcp_tunnel_1111_doh5_2020-03-31t23_47_22.740253 quá nhỏ (1 dòng). Bỏ qua.
2026-06-26 03:36:38,905 - [INFO] - 
--- [Phase2_DriftTest] Chunk 368/13411: dns2tcp_tunnel_1111_doh5_2020-04-01t00_09_57.008842 ---
2026-06-26 03:36:38,912 - [WARNING] - ⚠️ Chunk dns2tcp_tunnel_1111_doh5_2020-04-01t00_09_57.008842 quá nhỏ (1 dòng). Bỏ qua.
2026-06-26 03:36:38,912 - [INFO] - 
--- [Phase2_DriftTest] Chunk 369/13411: dns2tcp_tunnel_1111_doh5_2020-04-01t00_32_33.265745 ---
2026-06-26 03:36:38,920 - [WARNING] - ⚠️ Chunk dns2tcp_tunnel_1111_doh5_2020-04-01t00_32_33.265745 quá nhỏ (1 dòng). Bỏ qua.
2026-06-26 03:36:38,920 - [INFO] - 
--- [Phase2_DriftTest] Chunk 370/13411: dns2tcp_tunnel_1111_doh5_2020-04-01t00_55_07.529076 ---
2026-06-26 03:36:38,927 - [WARNING] - ⚠️ Chunk dns2tcp_tunnel_1111_doh5_2020-04-01t00_55_07.529076 quá nhỏ (1 dòng). Bỏ qua.
2026-06-26 03:36:38,927 - [INFO] - 
--- [Phase2_DriftTest] Chunk 371/13411: dns2tcp_tunnel_1111_doh5_2020-04-01t01_17_43.266392 ---
2026-06-26 03:36:38,934 - [WARNING] - ⚠️ Chunk dns2tcp_tunnel_1111_doh5_2020-04-01t01_17_43.266392 quá nhỏ (1 dòng). Bỏ qua.
2026-06-26 03:36:38,934 - [INFO] - 
--- [Phase2_DriftTest] Chunk 372/13411: dns2tcp_tunnel_1111_doh5_2020-04-01t01_40_17.661586 ---
2026-06-26 03:36:38,941 - [WARNING] - ⚠️ Chunk dns2tcp_tunnel_1111_doh5_2020-04-01t01_40_17.661586 quá nhỏ (1 dòng). Bỏ qua.
2026-06-26 03:36:38,941 - [INFO] - 
--- [Phase2_DriftTest] Chunk 373/13411: dns2tcp_tunnel_1111_doh5_2020-04-01t02_02_51.617288 ---
2026-06-26 03:36:38,948 - [WARNING] - ⚠️ Chunk dns2tcp_tunnel_1111_doh5_2020-04-01t02_02_51.617288 quá nhỏ (1 dòng). Bỏ qua.
2026-06-26 03:36:38,948 - [INFO] - 
--- [Phase2_DriftTest] Chunk 374/13411: dns2tcp_tunnel_1111_doh5_2020-04-01t02_25_27.818530 ---
2026-06-26 03:36:38,955 - [WARNING] - ⚠️ Chunk dns2tcp_tunnel_1111_doh5_2020-04-01t02_25_27.818530 quá nhỏ (1 dòng). Bỏ qua.
2026-06-26 03:36:38,955 - [INFO] - 
--- [Phase2_DriftTest] Chunk 375/13411: dns2tcp_tunnel_1111_doh5_2020-04-01t02_48_02.025978 ---
2026-06-26 03:36:38,961 - [WARNING] - ⚠️ Chunk dns2tcp_tunnel_1111_doh5_2020-04-01t02_48_02.025978 quá nhỏ (1 dòng). Bỏ qua.
2026-06-26 03:36:38,961 - [INFO] - 
--- [Phase2_DriftTest] Chunk 376/13411: dns2tcp_tunnel_1111_doh5_2020-04-01t03_10_36.950687 ---
2026-06-26 03:36:38,969 - [WARNING] - ⚠️ Chunk dns2tcp_tunnel_1111_doh5_2020-04-01t03_10_36.950687 quá nhỏ (1 dòng). Bỏ qua.
2026-06-26 03:36:38,969 - [INFO] - 
--- [Phase2_DriftTest] Chunk 377/13411: dns2tcp_tunnel_1111_doh5_2020-04-01t03_33_11.308261 ---
2026-06-26 03:36:38,975 - [WARNING] - ⚠️ Chunk dns2tcp_tunnel_1111_doh5_2020-04-01t03_33_11.308261 quá nhỏ (1 dòng). Bỏ qua.
2026-06-26 03:36:38,975 - [INFO] - 
--- [Phase2_DriftTest] Chunk 378/13411: dns2tcp_tunnel_1111_doh5_2020-04-01t03_55_42.502821 ---
2026-06-26 03:36:38,983 - [WARNING] - ⚠️ Chunk dns2tcp_tunnel_1111_doh5_2020-04-01t03_55_42.502821 quá nhỏ (1 dòng). Bỏ qua.
2026-06-26 03:36:38,983 - [INFO] - 
--- [Phase2_DriftTest] Chunk 379/13411: dns2tcp_tunnel_1111_doh5_2020-04-01t04_18_15.923057 ---
2026-06-26 03:36:38,991 - [WARNING] - ⚠️ Chunk dns2tcp_tunnel_1111_doh5_2020-04-01t04_18_15.923057 quá nhỏ (1 dòng). Bỏ qua.
2026-06-26 03:36:38,991 - [INFO] - 
--- [Phase2_DriftTest] Chunk 380/13411: dns2tcp_tunnel_1111_doh5_2020-04-01t04_40_52.356579 ---
2026-06-26 03:36:38,997 - [WARNING] - ⚠️ Chunk dns2tcp_tunnel_1111_doh5_2020-04-01t04_40_52.356579 quá nhỏ (1 dòng). Bỏ qua.
2026-06-26 03:36:38,997 - [INFO] - 
--- [Phase2_DriftTest] Chunk 381/13411: dns2tcp_tunnel_1111_doh5_2020-04-01t05_03_24.728571 ---
2026-06-26 03:36:39,004 - [WARNING] - ⚠️ Chunk dns2tcp_tunnel_1111_doh5_2020-04-01t05_03_24.728571 quá nhỏ (1 dòng). Bỏ qua.
2026-06-26 03:36:39,004 - [INFO] - 
--- [Phase2_DriftTest] Chunk 382/13411: dns2tcp_tunnel_1111_doh5_2020-04-01t05_25_56.871429 ---
2026-06-26 03:36:39,011 - [WARNING] - ⚠️ Chunk dns2tcp_tunnel_1111_doh5_2020-04-01t05_25_56.871429 quá nhỏ (1 dòng). Bỏ qua.
2026-06-26 03:36:39,011 - [INFO] - 
--- [Phase2_DriftTest] Chunk 383/13411: dns2tcp_tunnel_1111_doh5_2020-04-01t05_48_42.249324 ---
2026-06-26 03:36:39,018 - [WARNING] - ⚠️ Chunk dns2tcp_tunnel_1111_doh5_2020-04-01t05_48_42.249324 quá nhỏ (1 dòng). Bỏ qua.
2026-06-26 03:36:39,018 - [INFO] - 
--- [Phase2_DriftTest] Chunk 384/13411: dns2tcp_tunnel_1111_doh5_2020-04-01t06_11_21.481286 ---
2026-06-26 03:36:39,026 - [WARNING] - ⚠️ Chunk dns2tcp_tunnel_1111_doh5_2020-04-01t06_11_21.481286 quá nhỏ (1 dòng). Bỏ qua.
2026-06-26 03:36:39,026 - [INFO] - 
--- [Phase2_DriftTest] Chunk 385/13411: dns2tcp_tunnel_1111_doh5_2020-04-01t06_33_59.214194 ---
2026-06-26 03:36:39,033 - [WARNING] - ⚠️ Chunk dns2tcp_tunnel_1111_doh5_2020-04-01t06_33_59.214194 quá nhỏ (1 dòng). Bỏ qua.
2026-06-26 03:36:39,033 - [INFO] - 
--- [Phase2_DriftTest] Chunk 386/13411: dns2tcp_tunnel_1111_doh5_2020-04-01t06_56_35.547476 ---
2026-06-26 03:36:39,040 - [WARNING] - ⚠️ Chunk dns2tcp_tunnel_1111_doh5_2020-04-01t06_56_35.547476 quá nhỏ (1 dòng). Bỏ qua.
2026-06-26 03:36:39,040 - [INFO] - 
--- [Phase2_DriftTest] Chunk 387/13411: dns2tcp_tunnel_1111_doh5_2020-04-01t07_19_10.604320 ---
2026-06-26 03:36:39,048 - [WARNING] - ⚠️ Chunk dns2tcp_tunnel_1111_doh5_2020-04-01t07_19_10.604320 quá nhỏ (1 dòng). Bỏ qua.
2026-06-26 03:36:39,048 - [INFO] - 
--- [Phase2_DriftTest] Chunk 388/13411: dns2tcp_tunnel_1111_doh5_2020-04-01t07_41_44.321220 ---
2026-06-26 03:36:39,055 - [WARNING] - ⚠️ Chunk dns2tcp_tunnel_1111_doh5_2020-04-01t07_41_44.321220 quá nhỏ (1 dòng). Bỏ qua.
2026-06-26 03:36:39,055 - [INFO] - 
--- [Phase2_DriftTest] Chunk 389/13411: dns2tcp_tunnel_1111_doh5_2020-04-01t08_04_18.629730 ---
2026-06-26 03:36:39,062 - [WARNING] - ⚠️ Chunk dns2tcp_tunnel_1111_doh5_2020-04-01t08_04_18.629730 quá nhỏ (1 dòng). Bỏ qua.
2026-06-26 03:36:39,062 - [INFO] - 
--- [Phase2_DriftTest] Chunk 390/13411: dns2tcp_tunnel_1111_doh5_2020-04-01t08_26_49.060023 ---
2026-06-26 03:36:39,069 - [WARNING] - ⚠️ Chunk dns2tcp_tunnel_1111_doh5_2020-04-01t08_26_49.060023 quá nhỏ (1 dòng). Bỏ qua.
2026-06-26 03:36:39,069 - [INFO] - 
--- [Phase2_DriftTest] Chunk 391/13411: dns2tcp_tunnel_1111_doh5_2020-04-01t08_49_21.547370 ---
2026-06-26 03:36:39,076 - [WARNING] - ⚠️ Chunk dns2tcp_tunnel_1111_doh5_2020-04-01t08_49_21.547370 quá nhỏ (1 dòng). Bỏ qua.
2026-06-26 03:36:39,076 - [INFO] - 
--- [Phase2_DriftTest] Chunk 392/13411: dns2tcp_tunnel_1111_doh5_2020-04-01t09_11_55.424339 ---
2026-06-26 03:36:39,083 - [WARNING] - ⚠️ Chunk dns2tcp_tunnel_1111_doh5_2020-04-01t09_11_55.424339 quá nhỏ (1 dòng). Bỏ qua.
2026-06-26 03:36:39,083 - [INFO] - 
--- [Phase2_DriftTest] Chunk 393/13411: dns2tcp_tunnel_1111_doh5_2020-04-01t09_34_29.591068 ---
2026-06-26 03:36:39,090 - [WARNING] - ⚠️ Chunk dns2tcp_tunnel_1111_doh5_2020-04-01t09_34_29.591068 quá nhỏ (1 dòng). Bỏ qua.
2026-06-26 03:36:39,090 - [INFO] - 
--- [Phase2_DriftTest] Chunk 394/13411: dns2tcp_tunnel_1111_doh5_2020-04-01t09_57_01.596471 ---
2026-06-26 03:36:39,097 - [WARNING] - ⚠️ Chunk dns2tcp_tunnel_1111_doh5_2020-04-01t09_57_01.596471 quá nhỏ (1 dòng). Bỏ qua.
2026-06-26 03:36:39,097 - [INFO] - 
--- [Phase2_DriftTest] Chunk 395/13411: dns2tcp_tunnel_1111_doh5_2020-04-01t10_19_37.283059 ---
2026-06-26 03:36:39,105 - [WARNING] - ⚠️ Chunk dns2tcp_tunnel_1111_doh5_2020-04-01t10_19_37.283059 quá nhỏ (1 dòng). Bỏ qua.
2026-06-26 03:36:39,105 - [INFO] - 
--- [Phase2_DriftTest] Chunk 396/13411: dns2tcp_tunnel_1111_doh5_2020-04-01t10_42_09.910223 ---
2026-06-26 03:36:39,111 - [WARNING] - ⚠️ Chunk dns2tcp_tunnel_1111_doh5_2020-04-01t10_42_09.910223 quá nhỏ (1 dòng). Bỏ qua.
2026-06-26 03:36:39,111 - [INFO] - 
--- [Phase2_DriftTest] Chunk 397/13411: dns2tcp_tunnel_1111_doh5_2020-04-01t11_04_40.182753 ---
2026-06-26 03:36:39,119 - [WARNING] - ⚠️ Chunk dns2tcp_tunnel_1111_doh5_2020-04-01t11_04_40.182753 quá nhỏ (1 dòng). Bỏ qua.
2026-06-26 03:36:39,119 - [INFO] - 
--- [Phase2_DriftTest] Chunk 398/13411: dns2tcp_tunnel_1111_doh5_2020-04-01t11_27_08.744570 ---
2026-06-26 03:36:39,126 - [WARNING] - ⚠️ Chunk dns2tcp_tunnel_1111_doh5_2020-04-01t11_27_08.744570 quá nhỏ (1 dòng). Bỏ qua.
2026-06-26 03:36:39,126 - [INFO] - 
--- [Phase2_DriftTest] Chunk 399/13411: dns2tcp_tunnel_1111_doh5_2020-04-01t11_49_37.430566 ---
2026-06-26 03:36:39,134 - [WARNING] - ⚠️ Chunk dns2tcp_tunnel_1111_doh5_2020-04-01t11_49_37.430566 quá nhỏ (1 dòng). Bỏ qua.
2026-06-26 03:36:39,134 - [INFO] - 
--- [Phase2_DriftTest] Chunk 400/13411: dns2tcp_tunnel_1111_doh5_2020-04-01t12_12_05.436123 ---
2026-06-26 03:36:39,141 - [WARNING] - ⚠️ Chunk dns2tcp_tunnel_1111_doh5_2020-04-01t12_12_05.436123 quá nhỏ (1 dòng). Bỏ qua.
2026-06-26 03:36:39,141 - [INFO] - 
--- [Phase2_DriftTest] Chunk 401/13411: dns2tcp_tunnel_1111_doh5_2020-04-01t12_34_33.571224 ---
2026-06-26 03:36:39,148 - [WARNING] - ⚠️ Chunk dns2tcp_tunnel_1111_doh5_2020-04-01t12_34_33.571224 quá nhỏ (1 dòng). Bỏ qua.
2026-06-26 03:36:39,148 - [INFO] - 
--- [Phase2_DriftTest] Chunk 402/13411: dns2tcp_tunnel_1111_doh5_2020-04-01t12_57_02.891918 ---
2026-06-26 03:36:39,155 - [WARNING] - ⚠️ Chunk dns2tcp_tunnel_1111_doh5_2020-04-01t12_57_02.891918 quá nhỏ (1 dòng). Bỏ qua.
2026-06-26 03:36:39,155 - [INFO] - 
--- [Phase2_DriftTest] Chunk 403/13411: dns2tcp_tunnel_1111_doh5_2020-04-01t13_19_31.729688 ---
2026-06-26 03:36:39,162 - [WARNING] - ⚠️ Chunk dns2tcp_tunnel_1111_doh5_2020-04-01t13_19_31.729688 quá nhỏ (1 dòng). Bỏ qua.
2026-06-26 03:36:39,163 - [INFO] - 
--- [Phase2_DriftTest] Chunk 404/13411: dns2tcp_tunnel_1111_doh5_2020-04-01t13_42_04.196937 ---
2026-06-26 03:36:39,170 - [WARNING] - ⚠️ Chunk dns2tcp_tunnel_1111_doh5_2020-04-01t13_42_04.196937 quá nhỏ (1 dòng). Bỏ qua.
2026-06-26 03:36:39,170 - [INFO] - 
--- [Phase2_DriftTest] Chunk 405/13411: dns2tcp_tunnel_1111_doh5_2020-04-01t14_04_38.150126 ---
2026-06-26 03:36:39,176 - [WARNING] - ⚠️ Chunk dns2tcp_tunnel_1111_doh5_2020-04-01t14_04_38.150126 quá nhỏ (1 dòng). Bỏ qua.
2026-06-26 03:36:39,177 - [INFO] - 
--- [Phase2_DriftTest] Chunk 406/13411: dns2tcp_tunnel_1111_doh5_2020-04-01t14_27_10.478888 ---
2026-06-26 03:36:39,184 - [WARNING] - ⚠️ Chunk dns2tcp_tunnel_1111_doh5_2020-04-01t14_27_10.478888 quá nhỏ (1 dòng). Bỏ qua.
2026-06-26 03:36:39,184 - [INFO] - 
--- [Phase2_DriftTest] Chunk 407/13411: dns2tcp_tunnel_1111_doh5_2020-04-01t14_49_45.647710 ---
2026-06-26 03:36:39,191 - [WARNING] - ⚠️ Chunk dns2tcp_tunnel_1111_doh5_2020-04-01t14_49_45.647710 quá nhỏ (1 dòng). Bỏ qua.
2026-06-26 03:36:39,191 - [INFO] - 
--- [Phase2_DriftTest] Chunk 408/13411: dns2tcp_tunnel_1111_doh5_2020-04-01t15_12_18.561079 ---
2026-06-26 03:36:39,198 - [WARNING] - ⚠️ Chunk dns2tcp_tunnel_1111_doh5_2020-04-01t15_12_18.561079 quá nhỏ (1 dòng). Bỏ qua.
2026-06-26 03:36:39,198 - [INFO] - 
--- [Phase2_DriftTest] Chunk 409/13411: dns2tcp_tunnel_1111_doh5_2020-04-01t15_34_50.565436 ---
2026-06-26 03:36:39,205 - [WARNING] - ⚠️ Chunk dns2tcp_tunnel_1111_doh5_2020-04-01t15_34_50.565436 quá nhỏ (1 dòng). Bỏ qua.
2026-06-26 03:36:39,205 - [INFO] - 
--- [Phase2_DriftTest] Chunk 410/13411: dns2tcp_tunnel_1111_doh5_2020-04-01t15_57_22.135050 ---
2026-06-26 03:36:39,212 - [WARNING] - ⚠️ Chunk dns2tcp_tunnel_1111_doh5_2020-04-01t15_57_22.135050 quá nhỏ (1 dòng). Bỏ qua.
2026-06-26 03:36:39,212 - [INFO] - 
--- [Phase2_DriftTest] Chunk 411/13411: dns2tcp_tunnel_1111_doh5_2020-04-01t16_19_50.947311 ---
2026-06-26 03:36:39,219 - [WARNING] - ⚠️ Chunk dns2tcp_tunnel_1111_doh5_2020-04-01t16_19_50.947311 quá nhỏ (1 dòng). Bỏ qua.
2026-06-26 03:36:39,219 - [INFO] - 
--- [Phase2_DriftTest] Chunk 412/13411: dns2tcp_tunnel_1111_doh5_2020-04-01t16_42_20.409440 ---
2026-06-26 03:36:39,226 - [WARNING] - ⚠️ Chunk dns2tcp_tunnel_1111_doh5_2020-04-01t16_42_20.409440 quá nhỏ (1 dòng). Bỏ qua.
2026-06-26 03:36:39,226 - [INFO] - 
--- [Phase2_DriftTest] Chunk 413/13411: dns2tcp_tunnel_1111_doh5_2020-04-01t17_04_50.810422 ---
2026-06-26 03:36:39,233 - [WARNING] - ⚠️ Chunk dns2tcp_tunnel_1111_doh5_2020-04-01t17_04_50.810422 quá nhỏ (1 dòng). Bỏ qua.
2026-06-26 03:36:39,233 - [INFO] - 
--- [Phase2_DriftTest] Chunk 414/13411: dns2tcp_tunnel_1111_doh5_2020-04-01t17_27_19.914090 ---
2026-06-26 03:36:39,240 - [WARNING] - ⚠️ Chunk dns2tcp_tunnel_1111_doh5_2020-04-01t17_27_19.914090 quá nhỏ (1 dòng). Bỏ qua.
2026-06-26 03:36:39,240 - [INFO] - 
--- [Phase2_DriftTest] Chunk 415/13411: dns2tcp_tunnel_1111_doh5_2020-04-01t17_49_55.591042 ---
2026-06-26 03:36:39,247 - [WARNING] - ⚠️ Chunk dns2tcp_tunnel_1111_doh5_2020-04-01t17_49_55.591042 quá nhỏ (1 dòng). Bỏ qua.
2026-06-26 03:36:39,247 - [INFO] - 
--- [Phase2_DriftTest] Chunk 416/13411: dns2tcp_tunnel_1111_doh5_2020-04-01t18_12_32.352863 ---
2026-06-26 03:36:39,255 - [WARNING] - ⚠️ Chunk dns2tcp_tunnel_1111_doh5_2020-04-01t18_12_32.352863 quá nhỏ (1 dòng). Bỏ qua.
2026-06-26 03:36:39,255 - [INFO] - 
--- [Phase2_DriftTest] Chunk 417/13411: dns2tcp_tunnel_1111_doh5_2020-04-01t18_35_10.271144 ---
2026-06-26 03:36:39,263 - [WARNING] - ⚠️ Chunk dns2tcp_tunnel_1111_doh5_2020-04-01t18_35_10.271144 quá nhỏ (1 dòng). Bỏ qua.
2026-06-26 03:36:39,263 - [INFO] - 
--- [Phase2_DriftTest] Chunk 418/13411: dns2tcp_tunnel_1111_doh5_2020-04-01t18_57_45.957016 ---
2026-06-26 03:36:39,270 - [WARNING] - ⚠️ Chunk dns2tcp_tunnel_1111_doh5_2020-04-01t18_57_45.957016 quá nhỏ (1 dòng). Bỏ qua.
2026-06-26 03:36:39,270 - [INFO] - 
--- [Phase2_DriftTest] Chunk 419/13411: dns2tcp_tunnel_1111_doh5_2020-04-01t19_20_18.833091 ---
2026-06-26 03:36:39,277 - [WARNING] - ⚠️ Chunk dns2tcp_tunnel_1111_doh5_2020-04-01t19_20_18.833091 quá nhỏ (1 dòng). Bỏ qua.
2026-06-26 03:36:39,277 - [INFO] - 
--- [Phase2_DriftTest] Chunk 420/13411: dns2tcp_tunnel_1111_doh5_2020-04-01t19_42_53.805706 ---
2026-06-26 03:36:39,285 - [WARNING] - ⚠️ Chunk dns2tcp_tunnel_1111_doh5_2020-04-01t19_42_53.805706 quá nhỏ (1 dòng). Bỏ qua.
2026-06-26 03:36:39,285 - [INFO] - 
--- [Phase2_DriftTest] Chunk 421/13411: dns2tcp_tunnel_1111_doh5_2020-04-01t20_05_25.503115 ---
2026-06-26 03:36:39,292 - [WARNING] - ⚠️ Chunk dns2tcp_tunnel_1111_doh5_2020-04-01t20_05_25.503115 quá nhỏ (1 dòng). Bỏ qua.
2026-06-26 03:36:39,292 - [INFO] - 
--- [Phase2_DriftTest] Chunk 422/13411: dns2tcp_tunnel_1111_doh5_2020-04-01t20_27_54.891149 ---
2026-06-26 03:36:39,299 - [WARNING] - ⚠️ Chunk dns2tcp_tunnel_1111_doh5_2020-04-01t20_27_54.891149 quá nhỏ (1 dòng). Bỏ qua.
2026-06-26 03:36:39,299 - [INFO] - 
--- [Phase2_DriftTest] Chunk 423/13411: dns2tcp_tunnel_1111_doh5_2020-04-01t20_50_23.856740 ---
2026-06-26 03:36:39,306 - [WARNING] - ⚠️ Chunk dns2tcp_tunnel_1111_doh5_2020-04-01t20_50_23.856740 quá nhỏ (1 dòng). Bỏ qua.
2026-06-26 03:36:39,306 - [INFO] - 
--- [Phase2_DriftTest] Chunk 424/13411: dns2tcp_tunnel_1111_doh5_2020-04-01t21_12_53.548205 ---
2026-06-26 03:36:39,313 - [WARNING] - ⚠️ Chunk dns2tcp_tunnel_1111_doh5_2020-04-01t21_12_53.548205 quá nhỏ (1 dòng). Bỏ qua.
2026-06-26 03:36:39,313 - [INFO] - 
--- [Phase2_DriftTest] Chunk 425/13411: dns2tcp_tunnel_1111_doh5_2020-04-01t21_35_23.469478 ---
2026-06-26 03:36:39,320 - [WARNING] - ⚠️ Chunk dns2tcp_tunnel_1111_doh5_2020-04-01t21_35_23.469478 quá nhỏ (1 dòng). Bỏ qua.
2026-06-26 03:36:39,320 - [INFO] - 
--- [Phase2_DriftTest] Chunk 426/13411: dns2tcp_tunnel_1111_doh5_2020-04-01t21_57_56.428026 ---
2026-06-26 03:36:39,329 - [WARNING] - ⚠️ Chunk dns2tcp_tunnel_1111_doh5_2020-04-01t21_57_56.428026 quá nhỏ (1 dòng). Bỏ qua.
2026-06-26 03:36:39,329 - [INFO] - 
--- [Phase2_DriftTest] Chunk 427/13411: dns2tcp_tunnel_1111_doh5_2020-04-01t22_20_30.896224 ---
2026-06-26 03:36:39,335 - [WARNING] - ⚠️ Chunk dns2tcp_tunnel_1111_doh5_2020-04-01t22_20_30.896224 quá nhỏ (1 dòng). Bỏ qua.
2026-06-26 03:36:39,336 - [INFO] - 
--- [Phase2_DriftTest] Chunk 428/13411: dns2tcp_tunnel_1111_doh5_2020-04-01t22_43_02.823210 ---
2026-06-26 03:36:39,343 - [WARNING] - ⚠️ Chunk dns2tcp_tunnel_1111_doh5_2020-04-01t22_43_02.823210 quá nhỏ (1 dòng). Bỏ qua.
2026-06-26 03:36:39,343 - [INFO] - 
--- [Phase2_DriftTest] Chunk 429/13411: dns2tcp_tunnel_1111_doh5_2020-04-01t23_05_36.508991 ---
2026-06-26 03:36:39,350 - [WARNING] - ⚠️ Chunk dns2tcp_tunnel_1111_doh5_2020-04-01t23_05_36.508991 quá nhỏ (1 dòng). Bỏ qua.
2026-06-26 03:36:39,351 - [INFO] - 
--- [Phase2_DriftTest] Chunk 430/13411: dns2tcp_tunnel_1111_doh5_2020-04-01t23_28_09.157681 ---
2026-06-26 03:36:39,359 - [WARNING] - ⚠️ Chunk dns2tcp_tunnel_1111_doh5_2020-04-01t23_28_09.157681 quá nhỏ (1 dòng). Bỏ qua.
2026-06-26 03:36:39,359 - [INFO] - 
--- [Phase2_DriftTest] Chunk 431/13411: dns2tcp_tunnel_1111_doh5_2020-04-01t23_50_42.221468 ---
2026-06-26 03:36:39,369 - [WARNING] - ⚠️ Chunk dns2tcp_tunnel_1111_doh5_2020-04-01t23_50_42.221468 quá nhỏ (1 dòng). Bỏ qua.
2026-06-26 03:36:39,369 - [INFO] - 
--- [Phase2_DriftTest] Chunk 432/13411: dns2tcp_tunnel_1111_doh6_2020-03-31t21_54_34.656618 ---
2026-06-26 03:36:39,377 - [WARNING] - ⚠️ Chunk dns2tcp_tunnel_1111_doh6_2020-03-31t21_54_34.656618 quá nhỏ (1 dòng). Bỏ qua.
2026-06-26 03:36:39,377 - [INFO] - 
--- [Phase2_DriftTest] Chunk 433/13411: dns2tcp_tunnel_1111_doh6_2020-03-31t22_17_05.834160 ---
2026-06-26 03:36:39,384 - [WARNING] - ⚠️ Chunk dns2tcp_tunnel_1111_doh6_2020-03-31t22_17_05.834160 quá nhỏ (1 dòng). Bỏ qua.
2026-06-26 03:36:39,384 - [INFO] - 
--- [Phase2_DriftTest] Chunk 434/13411: dns2tcp_tunnel_1111_doh6_2020-03-31t22_39_40.626719 ---
2026-06-26 03:36:39,391 - [WARNING] - ⚠️ Chunk dns2tcp_tunnel_1111_doh6_2020-03-31t22_39_40.626719 quá nhỏ (1 dòng). Bỏ qua.
2026-06-26 03:36:39,391 - [INFO] - 
--- [Phase2_DriftTest] Chunk 435/13411: dns2tcp_tunnel_1111_doh6_2020-03-31t23_02_14.403348 ---
2026-06-26 03:36:39,398 - [WARNING] - ⚠️ Chunk dns2tcp_tunnel_1111_doh6_2020-03-31t23_02_14.403348 quá nhỏ (1 dòng). Bỏ qua.
2026-06-26 03:36:39,398 - [INFO] - 
--- [Phase2_DriftTest] Chunk 436/13411: dns2tcp_tunnel_1111_doh6_2020-03-31t23_24_49.341591 ---
2026-06-26 03:36:39,405 - [WARNING] - ⚠️ Chunk dns2tcp_tunnel_1111_doh6_2020-03-31t23_24_49.341591 quá nhỏ (1 dòng). Bỏ qua.
2026-06-26 03:36:39,405 - [INFO] - 
--- [Phase2_DriftTest] Chunk 437/13411: dns2tcp_tunnel_1111_doh6_2020-03-31t23_47_23.578291 ---
2026-06-26 03:36:39,412 - [WARNING] - ⚠️ Chunk dns2tcp_tunnel_1111_doh6_2020-03-31t23_47_23.578291 quá nhỏ (1 dòng). Bỏ qua.
2026-06-26 03:36:39,412 - [INFO] - 
--- [Phase2_DriftTest] Chunk 438/13411: dns2tcp_tunnel_1111_doh6_2020-04-01t00_09_58.067706 ---
2026-06-26 03:36:39,418 - [WARNING] - ⚠️ Chunk dns2tcp_tunnel_1111_doh6_2020-04-01t00_09_58.067706 quá nhỏ (1 dòng). Bỏ qua.
2026-06-26 03:36:39,418 - [INFO] - 
--- [Phase2_DriftTest] Chunk 439/13411: dns2tcp_tunnel_1111_doh6_2020-04-01t00_32_34.076220 ---
2026-06-26 03:36:39,425 - [WARNING] - ⚠️ Chunk dns2tcp_tunnel_1111_doh6_2020-04-01t00_32_34.076220 quá nhỏ (1 dòng). Bỏ qua.
2026-06-26 03:36:39,425 - [INFO] - 
--- [Phase2_DriftTest] Chunk 440/13411: dns2tcp_tunnel_1111_doh6_2020-04-01t00_55_08.366808 ---
2026-06-26 03:36:39,432 - [WARNING] - ⚠️ Chunk dns2tcp_tunnel_1111_doh6_2020-04-01t00_55_08.366808 quá nhỏ (1 dòng). Bỏ qua.
2026-06-26 03:36:39,432 - [INFO] - 
--- [Phase2_DriftTest] Chunk 441/13411: dns2tcp_tunnel_1111_doh6_2020-04-01t01_17_44.005956 ---
2026-06-26 03:36:39,440 - [WARNING] - ⚠️ Chunk dns2tcp_tunnel_1111_doh6_2020-04-01t01_17_44.005956 quá nhỏ (1 dòng). Bỏ qua.
2026-06-26 03:36:39,440 - [INFO] - 
--- [Phase2_DriftTest] Chunk 442/13411: dns2tcp_tunnel_1111_doh6_2020-04-01t01_40_18.603371 ---
2026-06-26 03:36:39,447 - [WARNING] - ⚠️ Chunk dns2tcp_tunnel_1111_doh6_2020-04-01t01_40_18.603371 quá nhỏ (1 dòng). Bỏ qua.
2026-06-26 03:36:39,447 - [INFO] - 
--- [Phase2_DriftTest] Chunk 443/13411: dns2tcp_tunnel_1111_doh6_2020-04-01t02_02_52.695981 ---
2026-06-26 03:36:39,454 - [WARNING] - ⚠️ Chunk dns2tcp_tunnel_1111_doh6_2020-04-01t02_02_52.695981 quá nhỏ (1 dòng). Bỏ qua.
2026-06-26 03:36:39,454 - [INFO] - 
--- [Phase2_DriftTest] Chunk 444/13411: dns2tcp_tunnel_1111_doh6_2020-04-01t02_25_28.759068 ---
2026-06-26 03:36:39,460 - [WARNING] - ⚠️ Chunk dns2tcp_tunnel_1111_doh6_2020-04-01t02_25_28.759068 quá nhỏ (1 dòng). Bỏ qua.
2026-06-26 03:36:39,460 - [INFO] - 
--- [Phase2_DriftTest] Chunk 445/13411: dns2tcp_tunnel_1111_doh6_2020-04-01t02_48_02.670121 ---
2026-06-26 03:36:39,467 - [WARNING] - ⚠️ Chunk dns2tcp_tunnel_1111_doh6_2020-04-01t02_48_02.670121 quá nhỏ (1 dòng). Bỏ qua.
2026-06-26 03:36:39,467 - [INFO] - 
--- [Phase2_DriftTest] Chunk 446/13411: dns2tcp_tunnel_1111_doh6_2020-04-01t03_10_37.563879 ---
2026-06-26 03:36:39,474 - [WARNING] - ⚠️ Chunk dns2tcp_tunnel_1111_doh6_2020-04-01t03_10_37.563879 quá nhỏ (1 dòng). Bỏ qua.
2026-06-26 03:36:39,474 - [INFO] - 
--- [Phase2_DriftTest] Chunk 447/13411: dns2tcp_tunnel_1111_doh6_2020-04-01t03_33_11.986600 ---
2026-06-26 03:36:39,481 - [WARNING] - ⚠️ Chunk dns2tcp_tunnel_1111_doh6_2020-04-01t03_33_11.986600 quá nhỏ (1 dòng). Bỏ qua.
2026-06-26 03:36:39,481 - [INFO] - 
--- [Phase2_DriftTest] Chunk 448/13411: dns2tcp_tunnel_1111_doh6_2020-04-01t03_55_43.160373 ---
2026-06-26 03:36:39,488 - [WARNING] - ⚠️ Chunk dns2tcp_tunnel_1111_doh6_2020-04-01t03_55_43.160373 quá nhỏ (1 dòng). Bỏ qua.
2026-06-26 03:36:39,488 - [INFO] - 
--- [Phase2_DriftTest] Chunk 449/13411: dns2tcp_tunnel_1111_doh6_2020-04-01t04_18_16.767879 ---
2026-06-26 03:36:39,495 - [WARNING] - ⚠️ Chunk dns2tcp_tunnel_1111_doh6_2020-04-01t04_18_16.767879 quá nhỏ (1 dòng). Bỏ qua.
2026-06-26 03:36:39,495 - [INFO] - 
--- [Phase2_DriftTest] Chunk 450/13411: dns2tcp_tunnel_1111_doh6_2020-04-01t04_40_53.431842 ---
2026-06-26 03:36:39,502 - [WARNING] - ⚠️ Chunk dns2tcp_tunnel_1111_doh6_2020-04-01t04_40_53.431842 quá nhỏ (1 dòng). Bỏ qua.
2026-06-26 03:36:39,502 - [INFO] - 
--- [Phase2_DriftTest] Chunk 451/13411: dns2tcp_tunnel_1111_doh6_2020-04-01t05_03_25.585395 ---
2026-06-26 03:36:39,509 - [WARNING] - ⚠️ Chunk dns2tcp_tunnel_1111_doh6_2020-04-01t05_03_25.585395 quá nhỏ (1 dòng). Bỏ qua.
2026-06-26 03:36:39,509 - [INFO] - 
--- [Phase2_DriftTest] Chunk 452/13411: dns2tcp_tunnel_1111_doh6_2020-04-01t05_25_57.661807 ---
2026-06-26 03:36:39,517 - [WARNING] - ⚠️ Chunk dns2tcp_tunnel_1111_doh6_2020-04-01t05_25_57.661807 quá nhỏ (1 dòng). Bỏ qua.
2026-06-26 03:36:39,517 - [INFO] - 
--- [Phase2_DriftTest] Chunk 453/13411: dns2tcp_tunnel_1111_doh6_2020-04-01t05_48_43.449436 ---
2026-06-26 03:36:39,524 - [WARNING] - ⚠️ Chunk dns2tcp_tunnel_1111_doh6_2020-04-01t05_48_43.449436 quá nhỏ (1 dòng). Bỏ qua.
2026-06-26 03:36:39,524 - [INFO] - 
--- [Phase2_DriftTest] Chunk 454/13411: dns2tcp_tunnel_1111_doh6_2020-04-01t06_11_22.753519 ---
2026-06-26 03:36:39,531 - [WARNING] - ⚠️ Chunk dns2tcp_tunnel_1111_doh6_2020-04-01t06_11_22.753519 quá nhỏ (1 dòng). Bỏ qua.
2026-06-26 03:36:39,531 - [INFO] - 
--- [Phase2_DriftTest] Chunk 455/13411: dns2tcp_tunnel_1111_doh6_2020-04-01t06_34_00.477056 ---
2026-06-26 03:36:39,538 - [WARNING] - ⚠️ Chunk dns2tcp_tunnel_1111_doh6_2020-04-01t06_34_00.477056 quá nhỏ (1 dòng). Bỏ qua.
2026-06-26 03:36:39,538 - [INFO] - 
--- [Phase2_DriftTest] Chunk 456/13411: dns2tcp_tunnel_1111_doh6_2020-04-01t06_56_36.306118 ---
2026-06-26 03:36:39,545 - [WARNING] - ⚠️ Chunk dns2tcp_tunnel_1111_doh6_2020-04-01t06_56_36.306118 quá nhỏ (1 dòng). Bỏ qua.
2026-06-26 03:36:39,546 - [INFO] - 
--- [Phase2_DriftTest] Chunk 457/13411: dns2tcp_tunnel_1111_doh6_2020-04-01t07_19_11.429678 ---
2026-06-26 03:36:39,553 - [WARNING] - ⚠️ Chunk dns2tcp_tunnel_1111_doh6_2020-04-01t07_19_11.429678 quá nhỏ (1 dòng). Bỏ qua.
2026-06-26 03:36:39,553 - [INFO] - 
--- [Phase2_DriftTest] Chunk 458/13411: dns2tcp_tunnel_1111_doh6_2020-04-01t07_41_45.009031 ---
2026-06-26 03:36:39,560 - [WARNING] - ⚠️ Chunk dns2tcp_tunnel_1111_doh6_2020-04-01t07_41_45.009031 quá nhỏ (1 dòng). Bỏ qua.
2026-06-26 03:36:39,560 - [INFO] - 
--- [Phase2_DriftTest] Chunk 459/13411: dns2tcp_tunnel_1111_doh6_2020-04-01t08_04_19.374568 ---
2026-06-26 03:36:39,567 - [WARNING] - ⚠️ Chunk dns2tcp_tunnel_1111_doh6_2020-04-01t08_04_19.374568 quá nhỏ (1 dòng). Bỏ qua.
2026-06-26 03:36:39,567 - [INFO] - 
--- [Phase2_DriftTest] Chunk 460/13411: dns2tcp_tunnel_1111_doh6_2020-04-01t08_26_49.999427 ---
2026-06-26 03:36:39,574 - [WARNING] - ⚠️ Chunk dns2tcp_tunnel_1111_doh6_2020-04-01t08_26_49.999427 quá nhỏ (1 dòng). Bỏ qua.
2026-06-26 03:36:39,574 - [INFO] - 
--- [Phase2_DriftTest] Chunk 461/13411: dns2tcp_tunnel_1111_doh6_2020-04-01t08_49_22.409810 ---
2026-06-26 03:36:39,581 - [WARNING] - ⚠️ Chunk dns2tcp_tunnel_1111_doh6_2020-04-01t08_49_22.409810 quá nhỏ (1 dòng). Bỏ qua.
2026-06-26 03:36:39,581 - [INFO] - 
--- [Phase2_DriftTest] Chunk 462/13411: dns2tcp_tunnel_1111_doh6_2020-04-01t09_11_56.155904 ---
2026-06-26 03:36:39,588 - [WARNING] - ⚠️ Chunk dns2tcp_tunnel_1111_doh6_2020-04-01t09_11_56.155904 quá nhỏ (1 dòng). Bỏ qua.
2026-06-26 03:36:39,588 - [INFO] - 
--- [Phase2_DriftTest] Chunk 463/13411: dns2tcp_tunnel_1111_doh6_2020-04-01t09_34_30.515431 ---
2026-06-26 03:36:39,595 - [WARNING] - ⚠️ Chunk dns2tcp_tunnel_1111_doh6_2020-04-01t09_34_30.515431 quá nhỏ (1 dòng). Bỏ qua.
2026-06-26 03:36:39,595 - [INFO] - 
--- [Phase2_DriftTest] Chunk 464/13411: dns2tcp_tunnel_1111_doh6_2020-04-01t09_57_02.515704 ---
2026-06-26 03:36:39,602 - [WARNING] - ⚠️ Chunk dns2tcp_tunnel_1111_doh6_2020-04-01t09_57_02.515704 quá nhỏ (1 dòng). Bỏ qua.
2026-06-26 03:36:39,602 - [INFO] - 
--- [Phase2_DriftTest] Chunk 465/13411: dns2tcp_tunnel_1111_doh6_2020-04-01t10_19_38.298138 ---
2026-06-26 03:36:39,609 - [WARNING] - ⚠️ Chunk dns2tcp_tunnel_1111_doh6_2020-04-01t10_19_38.298138 quá nhỏ (1 dòng). Bỏ qua.
2026-06-26 03:36:39,609 - [INFO] - 
--- [Phase2_DriftTest] Chunk 466/13411: dns2tcp_tunnel_1111_doh6_2020-04-01t10_42_10.606048 ---
2026-06-26 03:36:39,616 - [WARNING] - ⚠️ Chunk dns2tcp_tunnel_1111_doh6_2020-04-01t10_42_10.606048 quá nhỏ (1 dòng). Bỏ qua.
2026-06-26 03:36:39,616 - [INFO] - 
--- [Phase2_DriftTest] Chunk 467/13411: dns2tcp_tunnel_1111_doh6_2020-04-01t11_04_40.836004 ---
2026-06-26 03:36:39,623 - [WARNING] - ⚠️ Chunk dns2tcp_tunnel_1111_doh6_2020-04-01t11_04_40.836004 quá nhỏ (1 dòng). Bỏ qua.
2026-06-26 03:36:39,623 - [INFO] - 
--- [Phase2_DriftTest] Chunk 468/13411: dns2tcp_tunnel_1111_doh6_2020-04-01t11_27_09.415090 ---
2026-06-26 03:36:39,630 - [WARNING] - ⚠️ Chunk dns2tcp_tunnel_1111_doh6_2020-04-01t11_27_09.415090 quá nhỏ (1 dòng). Bỏ qua.
2026-06-26 03:36:39,630 - [INFO] - 
--- [Phase2_DriftTest] Chunk 469/13411: dns2tcp_tunnel_1111_doh6_2020-04-01t11_49_38.096360 ---
2026-06-26 03:36:39,637 - [WARNING] - ⚠️ Chunk dns2tcp_tunnel_1111_doh6_2020-04-01t11_49_38.096360 quá nhỏ (1 dòng). Bỏ qua.
2026-06-26 03:36:39,637 - [INFO] - 
--- [Phase2_DriftTest] Chunk 470/13411: dns2tcp_tunnel_1111_doh6_2020-04-01t12_12_06.123829 ---
2026-06-26 03:36:39,644 - [WARNING] - ⚠️ Chunk dns2tcp_tunnel_1111_doh6_2020-04-01t12_12_06.123829 quá nhỏ (1 dòng). Bỏ qua.
2026-06-26 03:36:39,644 - [INFO] - 
--- [Phase2_DriftTest] Chunk 471/13411: dns2tcp_tunnel_1111_doh6_2020-04-01t12_34_34.212213 ---
2026-06-26 03:36:39,651 - [WARNING] - ⚠️ Chunk dns2tcp_tunnel_1111_doh6_2020-04-01t12_34_34.212213 quá nhỏ (1 dòng). Bỏ qua.
2026-06-26 03:36:39,651 - [INFO] - 
--- [Phase2_DriftTest] Chunk 472/13411: dns2tcp_tunnel_1111_doh6_2020-04-01t12_57_03.539441 ---
2026-06-26 03:36:39,658 - [WARNING] - ⚠️ Chunk dns2tcp_tunnel_1111_doh6_2020-04-01t12_57_03.539441 quá nhỏ (1 dòng). Bỏ qua.
2026-06-26 03:36:39,658 - [INFO] - 
--- [Phase2_DriftTest] Chunk 473/13411: dns2tcp_tunnel_1111_doh6_2020-04-01t13_19_32.349886 ---
2026-06-26 03:36:39,665 - [WARNING] - ⚠️ Chunk dns2tcp_tunnel_1111_doh6_2020-04-01t13_19_32.349886 quá nhỏ (1 dòng). Bỏ qua.
2026-06-26 03:36:39,665 - [INFO] - 
--- [Phase2_DriftTest] Chunk 474/13411: dns2tcp_tunnel_1111_doh6_2020-04-01t13_42_04.824683 ---
2026-06-26 03:36:39,672 - [WARNING] - ⚠️ Chunk dns2tcp_tunnel_1111_doh6_2020-04-01t13_42_04.824683 quá nhỏ (1 dòng). Bỏ qua.
2026-06-26 03:36:39,673 - [INFO] - 
--- [Phase2_DriftTest] Chunk 475/13411: dns2tcp_tunnel_1111_doh6_2020-04-01t14_04_38.813222 ---
2026-06-26 03:36:39,679 - [WARNING] - ⚠️ Chunk dns2tcp_tunnel_1111_doh6_2020-04-01t14_04_38.813222 quá nhỏ (1 dòng). Bỏ qua.
2026-06-26 03:36:39,679 - [INFO] - 
--- [Phase2_DriftTest] Chunk 476/13411: dns2tcp_tunnel_1111_doh6_2020-04-01t14_27_11.396105 ---
2026-06-26 03:36:39,685 - [WARNING] - ⚠️ Chunk dns2tcp_tunnel_1111_doh6_2020-04-01t14_27_11.396105 quá nhỏ (1 dòng). Bỏ qua.
2026-06-26 03:36:39,685 - [INFO] - 
--- [Phase2_DriftTest] Chunk 477/13411: dns2tcp_tunnel_1111_doh6_2020-04-01t14_49_46.640903 ---
2026-06-26 03:36:39,692 - [WARNING] - ⚠️ Chunk dns2tcp_tunnel_1111_doh6_2020-04-01t14_49_46.640903 quá nhỏ (1 dòng). Bỏ qua.
2026-06-26 03:36:39,692 - [INFO] - 
--- [Phase2_DriftTest] Chunk 478/13411: dns2tcp_tunnel_1111_doh6_2020-04-01t15_12_19.347304 ---
2026-06-26 03:36:39,701 - [WARNING] - ⚠️ Chunk dns2tcp_tunnel_1111_doh6_2020-04-01t15_12_19.347304 quá nhỏ (1 dòng). Bỏ qua.
2026-06-26 03:36:39,701 - [INFO] - 
--- [Phase2_DriftTest] Chunk 479/13411: dns2tcp_tunnel_1111_doh6_2020-04-01t15_34_51.362138 ---
2026-06-26 03:36:39,708 - [WARNING] - ⚠️ Chunk dns2tcp_tunnel_1111_doh6_2020-04-01t15_34_51.362138 quá nhỏ (1 dòng). Bỏ qua.
2026-06-26 03:36:39,708 - [INFO] - 
--- [Phase2_DriftTest] Chunk 480/13411: dns2tcp_tunnel_1111_doh6_2020-04-01t15_57_22.780445 ---
2026-06-26 03:36:39,715 - [WARNING] - ⚠️ Chunk dns2tcp_tunnel_1111_doh6_2020-04-01t15_57_22.780445 quá nhỏ (1 dòng). Bỏ qua.
2026-06-26 03:36:39,715 - [INFO] - 
--- [Phase2_DriftTest] Chunk 481/13411: dns2tcp_tunnel_1111_doh6_2020-04-01t16_19_51.603752 ---
2026-06-26 03:36:39,722 - [WARNING] - ⚠️ Chunk dns2tcp_tunnel_1111_doh6_2020-04-01t16_19_51.603752 quá nhỏ (1 dòng). Bỏ qua.
2026-06-26 03:36:39,722 - [INFO] - 
--- [Phase2_DriftTest] Chunk 482/13411: dns2tcp_tunnel_1111_doh6_2020-04-01t16_42_21.042934 ---
2026-06-26 03:36:39,729 - [WARNING] - ⚠️ Chunk dns2tcp_tunnel_1111_doh6_2020-04-01t16_42_21.042934 quá nhỏ (1 dòng). Bỏ qua.
2026-06-26 03:36:39,729 - [INFO] - 
--- [Phase2_DriftTest] Chunk 483/13411: dns2tcp_tunnel_1111_doh6_2020-04-01t17_04_51.572294 ---
2026-06-26 03:36:39,737 - [WARNING] - ⚠️ Chunk dns2tcp_tunnel_1111_doh6_2020-04-01t17_04_51.572294 quá nhỏ (1 dòng). Bỏ qua.
2026-06-26 03:36:39,737 - [INFO] - 
--- [Phase2_DriftTest] Chunk 484/13411: dns2tcp_tunnel_1111_doh6_2020-04-01t17_27_20.653122 ---
2026-06-26 03:36:39,744 - [WARNING] - ⚠️ Chunk dns2tcp_tunnel_1111_doh6_2020-04-01t17_27_20.653122 quá nhỏ (1 dòng). Bỏ qua.
2026-06-26 03:36:39,744 - [INFO] - 
--- [Phase2_DriftTest] Chunk 485/13411: dns2tcp_tunnel_1111_doh6_2020-04-01t17_49_56.394389 ---
2026-06-26 03:36:39,751 - [WARNING] - ⚠️ Chunk dns2tcp_tunnel_1111_doh6_2020-04-01t17_49_56.394389 quá nhỏ (1 dòng). Bỏ qua.
2026-06-26 03:36:39,751 - [INFO] - 
--- [Phase2_DriftTest] Chunk 486/13411: dns2tcp_tunnel_1111_doh6_2020-04-01t18_12_33.083217 ---
2026-06-26 03:36:39,758 - [WARNING] - ⚠️ Chunk dns2tcp_tunnel_1111_doh6_2020-04-01t18_12_33.083217 quá nhỏ (1 dòng). Bỏ qua.
2026-06-26 03:36:39,758 - [INFO] - 
--- [Phase2_DriftTest] Chunk 487/13411: dns2tcp_tunnel_1111_doh6_2020-04-01t18_35_11.119528 ---
2026-06-26 03:36:39,765 - [WARNING] - ⚠️ Chunk dns2tcp_tunnel_1111_doh6_2020-04-01t18_35_11.119528 quá nhỏ (1 dòng). Bỏ qua.
2026-06-26 03:36:39,765 - [INFO] - 
--- [Phase2_DriftTest] Chunk 488/13411: dns2tcp_tunnel_1111_doh6_2020-04-01t18_57_47.081873 ---
2026-06-26 03:36:39,772 - [WARNING] - ⚠️ Chunk dns2tcp_tunnel_1111_doh6_2020-04-01t18_57_47.081873 quá nhỏ (1 dòng). Bỏ qua.
2026-06-26 03:36:39,772 - [INFO] - 
--- [Phase2_DriftTest] Chunk 489/13411: dns2tcp_tunnel_1111_doh6_2020-04-01t19_20_19.554663 ---
2026-06-26 03:36:39,779 - [WARNING] - ⚠️ Chunk dns2tcp_tunnel_1111_doh6_2020-04-01t19_20_19.554663 quá nhỏ (1 dòng). Bỏ qua.
2026-06-26 03:36:39,779 - [INFO] - 
--- [Phase2_DriftTest] Chunk 490/13411: dns2tcp_tunnel_1111_doh6_2020-04-01t19_42_54.934547 ---
2026-06-26 03:36:39,789 - [WARNING] - ⚠️ Chunk dns2tcp_tunnel_1111_doh6_2020-04-01t19_42_54.934547 quá nhỏ (1 dòng). Bỏ qua.
2026-06-26 03:36:39,789 - [INFO] - 
--- [Phase2_DriftTest] Chunk 491/13411: dns2tcp_tunnel_1111_doh6_2020-04-01t20_05_26.114058 ---
2026-06-26 03:36:39,801 - [WARNING] - ⚠️ Chunk dns2tcp_tunnel_1111_doh6_2020-04-01t20_05_26.114058 quá nhỏ (1 dòng). Bỏ qua.
2026-06-26 03:36:39,801 - [INFO] - 
--- [Phase2_DriftTest] Chunk 492/13411: dns2tcp_tunnel_1111_doh6_2020-04-01t20_27_55.534819 ---
2026-06-26 03:36:39,809 - [WARNING] - ⚠️ Chunk dns2tcp_tunnel_1111_doh6_2020-04-01t20_27_55.534819 quá nhỏ (1 dòng). Bỏ qua.
2026-06-26 03:36:39,809 - [INFO] - 
--- [Phase2_DriftTest] Chunk 493/13411: dns2tcp_tunnel_1111_doh6_2020-04-01t20_50_24.491919 ---
2026-06-26 03:36:39,816 - [WARNING] - ⚠️ Chunk dns2tcp_tunnel_1111_doh6_2020-04-01t20_50_24.491919 quá nhỏ (1 dòng). Bỏ qua.
2026-06-26 03:36:39,816 - [INFO] - 
--- [Phase2_DriftTest] Chunk 494/13411: dns2tcp_tunnel_1111_doh6_2020-04-01t21_12_54.166856 ---
2026-06-26 03:36:39,823 - [WARNING] - ⚠️ Chunk dns2tcp_tunnel_1111_doh6_2020-04-01t21_12_54.166856 quá nhỏ (1 dòng). Bỏ qua.
2026-06-26 03:36:39,823 - [INFO] - 
--- [Phase2_DriftTest] Chunk 495/13411: dns2tcp_tunnel_1111_doh6_2020-04-01t21_35_24.072877 ---
2026-06-26 03:36:39,830 - [WARNING] - ⚠️ Chunk dns2tcp_tunnel_1111_doh6_2020-04-01t21_35_24.072877 quá nhỏ (1 dòng). Bỏ qua.
2026-06-26 03:36:39,830 - [INFO] - 
--- [Phase2_DriftTest] Chunk 496/13411: dns2tcp_tunnel_1111_doh6_2020-04-01t21_57_57.371269 ---
2026-06-26 03:36:39,837 - [WARNING] - ⚠️ Chunk dns2tcp_tunnel_1111_doh6_2020-04-01t21_57_57.371269 quá nhỏ (1 dòng). Bỏ qua.
2026-06-26 03:36:39,837 - [INFO] - 
--- [Phase2_DriftTest] Chunk 497/13411: dns2tcp_tunnel_1111_doh6_2020-04-01t22_20_31.529915 ---
2026-06-26 03:36:39,846 - [WARNING] - ⚠️ Chunk dns2tcp_tunnel_1111_doh6_2020-04-01t22_20_31.529915 quá nhỏ (1 dòng). Bỏ qua.
2026-06-26 03:36:39,846 - [INFO] - 
--- [Phase2_DriftTest] Chunk 498/13411: dns2tcp_tunnel_1111_doh6_2020-04-01t22_43_03.566890 ---
2026-06-26 03:36:39,853 - [WARNING] - ⚠️ Chunk dns2tcp_tunnel_1111_doh6_2020-04-01t22_43_03.566890 quá nhỏ (1 dòng). Bỏ qua.
2026-06-26 03:36:39,853 - [INFO] - 
--- [Phase2_DriftTest] Chunk 499/13411: dns2tcp_tunnel_1111_doh6_2020-04-01t23_05_37.295087 ---
2026-06-26 03:36:39,860 - [WARNING] - ⚠️ Chunk dns2tcp_tunnel_1111_doh6_2020-04-01t23_05_37.295087 quá nhỏ (1 dòng). Bỏ qua.
2026-06-26 03:36:39,860 - [INFO] - 
--- [Phase2_DriftTest] Chunk 500/13411: dns2tcp_tunnel_1111_doh6_2020-04-01t23_28_09.961556 ---
2026-06-26 03:36:39,867 - [WARNING] - ⚠️ Chunk dns2tcp_tunnel_1111_doh6_2020-04-01t23_28_09.961556 quá nhỏ (1 dòng). Bỏ qua.
2026-06-26 03:36:39,867 - [INFO] - 
--- [Phase2_DriftTest] Chunk 501/13411: dns2tcp_tunnel_1111_doh6_2020-04-01t23_50_42.854343 ---
2026-06-26 03:36:39,874 - [WARNING] - ⚠️ Chunk dns2tcp_tunnel_1111_doh6_2020-04-01t23_50_42.854343 quá nhỏ (1 dòng). Bỏ qua.
2026-06-26 03:36:39,874 - [INFO] - 
--- [Phase2_DriftTest] Chunk 502/13411: dns2tcp_tunnel_1111_doh7_2020-03-31t21_54_35.170946 ---
2026-06-26 03:36:39,881 - [WARNING] - ⚠️ Chunk dns2tcp_tunnel_1111_doh7_2020-03-31t21_54_35.170946 quá nhỏ (1 dòng). Bỏ qua.
2026-06-26 03:36:39,881 - [INFO] - 
--- [Phase2_DriftTest] Chunk 503/13411: dns2tcp_tunnel_1111_doh7_2020-03-31t22_17_06.615940 ---
2026-06-26 03:36:39,888 - [WARNING] - ⚠️ Chunk dns2tcp_tunnel_1111_doh7_2020-03-31t22_17_06.615940 quá nhỏ (1 dòng). Bỏ qua.
2026-06-26 03:36:39,888 - [INFO] - 
--- [Phase2_DriftTest] Chunk 504/13411: dns2tcp_tunnel_1111_doh7_2020-03-31t22_39_41.258144 ---
2026-06-26 03:36:39,895 - [WARNING] - ⚠️ Chunk dns2tcp_tunnel_1111_doh7_2020-03-31t22_39_41.258144 quá nhỏ (1 dòng). Bỏ qua.
2026-06-26 03:36:39,895 - [INFO] - 
--- [Phase2_DriftTest] Chunk 505/13411: dns2tcp_tunnel_1111_doh7_2020-03-31t23_02_15.138099 ---
2026-06-26 03:36:39,902 - [WARNING] - ⚠️ Chunk dns2tcp_tunnel_1111_doh7_2020-03-31t23_02_15.138099 quá nhỏ (1 dòng). Bỏ qua.
2026-06-26 03:36:39,902 - [INFO] - 
--- [Phase2_DriftTest] Chunk 506/13411: dns2tcp_tunnel_1111_doh7_2020-03-31t23_24_50.115896 ---
2026-06-26 03:36:39,909 - [WARNING] - ⚠️ Chunk dns2tcp_tunnel_1111_doh7_2020-03-31t23_24_50.115896 quá nhỏ (1 dòng). Bỏ qua.
2026-06-26 03:36:39,909 - [INFO] - 
--- [Phase2_DriftTest] Chunk 507/13411: dns2tcp_tunnel_1111_doh7_2020-03-31t23_47_24.304428 ---
2026-06-26 03:36:39,916 - [WARNING] - ⚠️ Chunk dns2tcp_tunnel_1111_doh7_2020-03-31t23_47_24.304428 quá nhỏ (1 dòng). Bỏ qua.
2026-06-26 03:36:39,916 - [INFO] - 
--- [Phase2_DriftTest] Chunk 508/13411: dns2tcp_tunnel_1111_doh7_2020-04-01t00_09_59.046803 ---
2026-06-26 03:36:39,923 - [WARNING] - ⚠️ Chunk dns2tcp_tunnel_1111_doh7_2020-04-01t00_09_59.046803 quá nhỏ (1 dòng). Bỏ qua.
2026-06-26 03:36:39,923 - [INFO] - 
--- [Phase2_DriftTest] Chunk 509/13411: dns2tcp_tunnel_1111_doh7_2020-04-01t00_32_34.858918 ---
2026-06-26 03:36:39,930 - [WARNING] - ⚠️ Chunk dns2tcp_tunnel_1111_doh7_2020-04-01t00_32_34.858918 quá nhỏ (1 dòng). Bỏ qua.
2026-06-26 03:36:39,930 - [INFO] - 
--- [Phase2_DriftTest] Chunk 510/13411: dns2tcp_tunnel_1111_doh7_2020-04-01t00_55_09.140483 ---
2026-06-26 03:36:39,937 - [WARNING] - ⚠️ Chunk dns2tcp_tunnel_1111_doh7_2020-04-01t00_55_09.140483 quá nhỏ (1 dòng). Bỏ qua.
2026-06-26 03:36:39,937 - [INFO] - 
--- [Phase2_DriftTest] Chunk 511/13411: dns2tcp_tunnel_1111_doh7_2020-04-01t01_17_44.649734 ---
2026-06-26 03:36:39,944 - [WARNING] - ⚠️ Chunk dns2tcp_tunnel_1111_doh7_2020-04-01t01_17_44.649734 quá nhỏ (1 dòng). Bỏ qua.
2026-06-26 03:36:39,944 - [INFO] - 
--- [Phase2_DriftTest] Chunk 512/13411: dns2tcp_tunnel_1111_doh7_2020-04-01t01_40_19.396555 ---
2026-06-26 03:36:39,952 - [WARNING] - ⚠️ Chunk dns2tcp_tunnel_1111_doh7_2020-04-01t01_40_19.396555 quá nhỏ (1 dòng). Bỏ qua.
2026-06-26 03:36:39,952 - [INFO] - 
--- [Phase2_DriftTest] Chunk 513/13411: dns2tcp_tunnel_1111_doh7_2020-04-01t02_02_53.596440 ---
2026-06-26 03:36:39,959 - [WARNING] - ⚠️ Chunk dns2tcp_tunnel_1111_doh7_2020-04-01t02_02_53.596440 quá nhỏ (1 dòng). Bỏ qua.
2026-06-26 03:36:39,959 - [INFO] - 
--- [Phase2_DriftTest] Chunk 514/13411: dns2tcp_tunnel_1111_doh7_2020-04-01t02_25_29.768970 ---
2026-06-26 03:36:39,966 - [WARNING] - ⚠️ Chunk dns2tcp_tunnel_1111_doh7_2020-04-01t02_25_29.768970 quá nhỏ (1 dòng). Bỏ qua.
2026-06-26 03:36:39,966 - [INFO] - 
--- [Phase2_DriftTest] Chunk 515/13411: dns2tcp_tunnel_1111_doh7_2020-04-01t02_48_03.381024 ---
2026-06-26 03:36:39,973 - [WARNING] - ⚠️ Chunk dns2tcp_tunnel_1111_doh7_2020-04-01t02_48_03.381024 quá nhỏ (1 dòng). Bỏ qua.
2026-06-26 03:36:39,973 - [INFO] - 
--- [Phase2_DriftTest] Chunk 516/13411: dns2tcp_tunnel_1111_doh7_2020-04-01t03_10_38.149541 ---
2026-06-26 03:36:39,980 - [WARNING] - ⚠️ Chunk dns2tcp_tunnel_1111_doh7_2020-04-01t03_10_38.149541 quá nhỏ (1 dòng). Bỏ qua.
2026-06-26 03:36:39,980 - [INFO] - 
--- [Phase2_DriftTest] Chunk 517/13411: dns2tcp_tunnel_1111_doh7_2020-04-01t03_33_12.759331 ---
2026-06-26 03:36:39,987 - [WARNING] - ⚠️ Chunk dns2tcp_tunnel_1111_doh7_2020-04-01t03_33_12.759331 quá nhỏ (1 dòng). Bỏ qua.
2026-06-26 03:36:39,988 - [INFO] - 
--- [Phase2_DriftTest] Chunk 518/13411: dns2tcp_tunnel_1111_doh7_2020-04-01t03_55_43.894774 ---
2026-06-26 03:36:39,995 - [WARNING] - ⚠️ Chunk dns2tcp_tunnel_1111_doh7_2020-04-01t03_55_43.894774 quá nhỏ (1 dòng). Bỏ qua.
2026-06-26 03:36:39,995 - [INFO] - 
--- [Phase2_DriftTest] Chunk 519/13411: dns2tcp_tunnel_1111_doh7_2020-04-01t04_18_17.402796 ---
2026-06-26 03:36:40,002 - [WARNING] - ⚠️ Chunk dns2tcp_tunnel_1111_doh7_2020-04-01t04_18_17.402796 quá nhỏ (1 dòng). Bỏ qua.
2026-06-26 03:36:40,002 - [INFO] - 
--- [Phase2_DriftTest] Chunk 520/13411: dns2tcp_tunnel_1111_doh7_2020-04-01t04_40_54.043257 ---
2026-06-26 03:36:40,009 - [WARNING] - ⚠️ Chunk dns2tcp_tunnel_1111_doh7_2020-04-01t04_40_54.043257 quá nhỏ (1 dòng). Bỏ qua.
2026-06-26 03:36:40,009 - [INFO] - 
--- [Phase2_DriftTest] Chunk 521/13411: dns2tcp_tunnel_1111_doh7_2020-04-01t05_03_26.305637 ---
2026-06-26 03:36:40,016 - [WARNING] - ⚠️ Chunk dns2tcp_tunnel_1111_doh7_2020-04-01t05_03_26.305637 quá nhỏ (1 dòng). Bỏ qua.
2026-06-26 03:36:40,016 - [INFO] - 
--- [Phase2_DriftTest] Chunk 522/13411: dns2tcp_tunnel_1111_doh7_2020-04-01t05_25_58.288719 ---
2026-06-26 03:36:40,023 - [WARNING] - ⚠️ Chunk dns2tcp_tunnel_1111_doh7_2020-04-01t05_25_58.288719 quá nhỏ (1 dòng). Bỏ qua.
2026-06-26 03:36:40,023 - [INFO] - 
--- [Phase2_DriftTest] Chunk 523/13411: dns2tcp_tunnel_1111_doh7_2020-04-01t05_48_44.161438 ---
2026-06-26 03:36:40,030 - [WARNING] - ⚠️ Chunk dns2tcp_tunnel_1111_doh7_2020-04-01t05_48_44.161438 quá nhỏ (1 dòng). Bỏ qua.
2026-06-26 03:36:40,030 - [INFO] - 
--- [Phase2_DriftTest] Chunk 524/13411: dns2tcp_tunnel_1111_doh7_2020-04-01t06_11_23.393259 ---
2026-06-26 03:36:40,038 - [WARNING] - ⚠️ Chunk dns2tcp_tunnel_1111_doh7_2020-04-01t06_11_23.393259 quá nhỏ (1 dòng). Bỏ qua.
2026-06-26 03:36:40,038 - [INFO] - 
--- [Phase2_DriftTest] Chunk 525/13411: dns2tcp_tunnel_1111_doh7_2020-04-01t06_34_01.201536 ---
2026-06-26 03:36:40,045 - [WARNING] - ⚠️ Chunk dns2tcp_tunnel_1111_doh7_2020-04-01t06_34_01.201536 quá nhỏ (1 dòng). Bỏ qua.
2026-06-26 03:36:40,045 - [INFO] - 
--- [Phase2_DriftTest] Chunk 526/13411: dns2tcp_tunnel_1111_doh7_2020-04-01t06_56_37.084531 ---
2026-06-26 03:36:40,053 - [WARNING] - ⚠️ Chunk dns2tcp_tunnel_1111_doh7_2020-04-01t06_56_37.084531 quá nhỏ (1 dòng). Bỏ qua.
2026-06-26 03:36:40,053 - [INFO] - 
--- [Phase2_DriftTest] Chunk 527/13411: dns2tcp_tunnel_1111_doh7_2020-04-01t07_19_12.083532 ---
2026-06-26 03:36:40,060 - [WARNING] - ⚠️ Chunk dns2tcp_tunnel_1111_doh7_2020-04-01t07_19_12.083532 quá nhỏ (1 dòng). Bỏ qua.
2026-06-26 03:36:40,060 - [INFO] - 
--- [Phase2_DriftTest] Chunk 528/13411: dns2tcp_tunnel_1111_doh7_2020-04-01t07_41_45.694273 ---
2026-06-26 03:36:40,068 - [WARNING] - ⚠️ Chunk dns2tcp_tunnel_1111_doh7_2020-04-01t07_41_45.694273 quá nhỏ (1 dòng). Bỏ qua.
2026-06-26 03:36:40,068 - [INFO] - 
--- [Phase2_DriftTest] Chunk 529/13411: dns2tcp_tunnel_1111_doh7_2020-04-01t08_04_19.917807 ---
2026-06-26 03:36:40,075 - [WARNING] - ⚠️ Chunk dns2tcp_tunnel_1111_doh7_2020-04-01t08_04_19.917807 quá nhỏ (1 dòng). Bỏ qua.
2026-06-26 03:36:40,075 - [INFO] - 
--- [Phase2_DriftTest] Chunk 530/13411: dns2tcp_tunnel_1111_doh7_2020-04-01t08_26_50.543068 ---
2026-06-26 03:36:40,083 - [WARNING] - ⚠️ Chunk dns2tcp_tunnel_1111_doh7_2020-04-01t08_26_50.543068 quá nhỏ (1 dòng). Bỏ qua.
2026-06-26 03:36:40,083 - [INFO] - 
--- [Phase2_DriftTest] Chunk 531/13411: dns2tcp_tunnel_1111_doh7_2020-04-01t08_49_23.025860 ---
2026-06-26 03:36:40,090 - [WARNING] - ⚠️ Chunk dns2tcp_tunnel_1111_doh7_2020-04-01t08_49_23.025860 quá nhỏ (1 dòng). Bỏ qua.
2026-06-26 03:36:40,090 - [INFO] - 
--- [Phase2_DriftTest] Chunk 532/13411: dns2tcp_tunnel_1111_doh7_2020-04-01t09_11_56.895540 ---
2026-06-26 03:36:40,097 - [WARNING] - ⚠️ Chunk dns2tcp_tunnel_1111_doh7_2020-04-01t09_11_56.895540 quá nhỏ (1 dòng). Bỏ qua.
2026-06-26 03:36:40,097 - [INFO] - 
--- [Phase2_DriftTest] Chunk 533/13411: dns2tcp_tunnel_1111_doh7_2020-04-01t09_34_31.047403 ---
2026-06-26 03:36:40,104 - [WARNING] - ⚠️ Chunk dns2tcp_tunnel_1111_doh7_2020-04-01t09_34_31.047403 quá nhỏ (1 dòng). Bỏ qua.
2026-06-26 03:36:40,104 - [INFO] - 
--- [Phase2_DriftTest] Chunk 534/13411: dns2tcp_tunnel_1111_doh7_2020-04-01t09_57_03.224362 ---
2026-06-26 03:36:40,111 - [WARNING] - ⚠️ Chunk dns2tcp_tunnel_1111_doh7_2020-04-01t09_57_03.224362 quá nhỏ (1 dòng). Bỏ qua.
2026-06-26 03:36:40,111 - [INFO] - 
--- [Phase2_DriftTest] Chunk 535/13411: dns2tcp_tunnel_1111_doh7_2020-04-01t10_19_38.919956 ---
2026-06-26 03:36:40,117 - [WARNING] - ⚠️ Chunk dns2tcp_tunnel_1111_doh7_2020-04-01t10_19_38.919956 quá nhỏ (1 dòng). Bỏ qua.
2026-06-26 03:36:40,118 - [INFO] - 
--- [Phase2_DriftTest] Chunk 536/13411: dns2tcp_tunnel_1111_doh7_2020-04-01t10_42_11.147712 ---
2026-06-26 03:36:40,124 - [WARNING] - ⚠️ Chunk dns2tcp_tunnel_1111_doh7_2020-04-01t10_42_11.147712 quá nhỏ (1 dòng). Bỏ qua.
2026-06-26 03:36:40,125 - [INFO] - 
--- [Phase2_DriftTest] Chunk 537/13411: dns2tcp_tunnel_1111_doh7_2020-04-01t11_04_41.397974 ---
2026-06-26 03:36:40,132 - [WARNING] - ⚠️ Chunk dns2tcp_tunnel_1111_doh7_2020-04-01t11_04_41.397974 quá nhỏ (1 dòng). Bỏ qua.
2026-06-26 03:36:40,132 - [INFO] - 
--- [Phase2_DriftTest] Chunk 538/13411: dns2tcp_tunnel_1111_doh7_2020-04-01t11_27_09.995081 ---
2026-06-26 03:36:40,138 - [WARNING] - ⚠️ Chunk dns2tcp_tunnel_1111_doh7_2020-04-01t11_27_09.995081 quá nhỏ (1 dòng). Bỏ qua.
2026-06-26 03:36:40,139 - [INFO] - 
--- [Phase2_DriftTest] Chunk 539/13411: dns2tcp_tunnel_1111_doh7_2020-04-01t11_49_38.658932 ---
2026-06-26 03:36:40,145 - [WARNING] - ⚠️ Chunk dns2tcp_tunnel_1111_doh7_2020-04-01t11_49_38.658932 quá nhỏ (1 dòng). Bỏ qua.
2026-06-26 03:36:40,146 - [INFO] - 
--- [Phase2_DriftTest] Chunk 540/13411: dns2tcp_tunnel_1111_doh7_2020-04-01t12_12_06.636371 ---
2026-06-26 03:36:40,152 - [WARNING] - ⚠️ Chunk dns2tcp_tunnel_1111_doh7_2020-04-01t12_12_06.636371 quá nhỏ (1 dòng). Bỏ qua.
2026-06-26 03:36:40,152 - [INFO] - 
--- [Phase2_DriftTest] Chunk 541/13411: dns2tcp_tunnel_1111_doh7_2020-04-01t12_34_34.749812 ---
2026-06-26 03:36:40,159 - [WARNING] - ⚠️ Chunk dns2tcp_tunnel_1111_doh7_2020-04-01t12_34_34.749812 quá nhỏ (1 dòng). Bỏ qua.
2026-06-26 03:36:40,160 - [INFO] - 
--- [Phase2_DriftTest] Chunk 542/13411: dns2tcp_tunnel_1111_doh7_2020-04-01t12_57_04.070592 ---
2026-06-26 03:36:40,166 - [WARNING] - ⚠️ Chunk dns2tcp_tunnel_1111_doh7_2020-04-01t12_57_04.070592 quá nhỏ (1 dòng). Bỏ qua.
2026-06-26 03:36:40,166 - [INFO] - 
--- [Phase2_DriftTest] Chunk 543/13411: dns2tcp_tunnel_1111_doh7_2020-04-01t13_19_32.922221 ---
2026-06-26 03:36:40,173 - [WARNING] - ⚠️ Chunk dns2tcp_tunnel_1111_doh7_2020-04-01t13_19_32.922221 quá nhỏ (1 dòng). Bỏ qua.
2026-06-26 03:36:40,173 - [INFO] - 
--- [Phase2_DriftTest] Chunk 544/13411: dns2tcp_tunnel_1111_doh7_2020-04-01t13_42_05.373172 ---
2026-06-26 03:36:40,180 - [WARNING] - ⚠️ Chunk dns2tcp_tunnel_1111_doh7_2020-04-01t13_42_05.373172 quá nhỏ (1 dòng). Bỏ qua.
2026-06-26 03:36:40,181 - [INFO] - 
--- [Phase2_DriftTest] Chunk 545/13411: dns2tcp_tunnel_1111_doh7_2020-04-01t14_04_39.652468 ---
2026-06-26 03:36:40,187 - [WARNING] - ⚠️ Chunk dns2tcp_tunnel_1111_doh7_2020-04-01t14_04_39.652468 quá nhỏ (1 dòng). Bỏ qua.
2026-06-26 03:36:40,187 - [INFO] - 
--- [Phase2_DriftTest] Chunk 546/13411: dns2tcp_tunnel_1111_doh7_2020-04-01t14_27_12.148461 ---
2026-06-26 03:36:40,194 - [WARNING] - ⚠️ Chunk dns2tcp_tunnel_1111_doh7_2020-04-01t14_27_12.148461 quá nhỏ (1 dòng). Bỏ qua.
2026-06-26 03:36:40,194 - [INFO] - 
--- [Phase2_DriftTest] Chunk 547/13411: dns2tcp_tunnel_1111_doh7_2020-04-01t14_49_47.605681 ---
2026-06-26 03:36:40,201 - [WARNING] - ⚠️ Chunk dns2tcp_tunnel_1111_doh7_2020-04-01t14_49_47.605681 quá nhỏ (1 dòng). Bỏ qua.
2026-06-26 03:36:40,201 - [INFO] - 
--- [Phase2_DriftTest] Chunk 548/13411: dns2tcp_tunnel_1111_doh7_2020-04-01t15_12_20.548799 ---
2026-06-26 03:36:40,208 - [WARNING] - ⚠️ Chunk dns2tcp_tunnel_1111_doh7_2020-04-01t15_12_20.548799 quá nhỏ (1 dòng). Bỏ qua.
2026-06-26 03:36:40,208 - [INFO] - 
--- [Phase2_DriftTest] Chunk 549/13411: dns2tcp_tunnel_1111_doh7_2020-04-01t15_34_52.113543 ---
2026-06-26 03:36:40,215 - [WARNING] - ⚠️ Chunk dns2tcp_tunnel_1111_doh7_2020-04-01t15_34_52.113543 quá nhỏ (1 dòng). Bỏ qua.
2026-06-26 03:36:40,215 - [INFO] - 
--- [Phase2_DriftTest] Chunk 550/13411: dns2tcp_tunnel_1111_doh7_2020-04-01t15_57_23.499835 ---
2026-06-26 03:36:40,222 - [WARNING] - ⚠️ Chunk dns2tcp_tunnel_1111_doh7_2020-04-01t15_57_23.499835 quá nhỏ (1 dòng). Bỏ qua.
2026-06-26 03:36:40,222 - [INFO] - 
--- [Phase2_DriftTest] Chunk 551/13411: dns2tcp_tunnel_1111_doh7_2020-04-01t16_19_52.456069 ---
2026-06-26 03:36:40,229 - [WARNING] - ⚠️ Chunk dns2tcp_tunnel_1111_doh7_2020-04-01t16_19_52.456069 quá nhỏ (1 dòng). Bỏ qua.
2026-06-26 03:36:40,229 - [INFO] - 
--- [Phase2_DriftTest] Chunk 552/13411: dns2tcp_tunnel_1111_doh7_2020-04-01t16_42_21.704845 ---
2026-06-26 03:36:40,237 - [WARNING] - ⚠️ Chunk dns2tcp_tunnel_1111_doh7_2020-04-01t16_42_21.704845 quá nhỏ (1 dòng). Bỏ qua.
2026-06-26 03:36:40,237 - [INFO] - 
--- [Phase2_DriftTest] Chunk 553/13411: dns2tcp_tunnel_1111_doh7_2020-04-01t17_04_52.152810 ---
2026-06-26 03:36:40,244 - [WARNING] - ⚠️ Chunk dns2tcp_tunnel_1111_doh7_2020-04-01t17_04_52.152810 quá nhỏ (1 dòng). Bỏ qua.
2026-06-26 03:36:40,245 - [INFO] - 
--- [Phase2_DriftTest] Chunk 554/13411: dns2tcp_tunnel_1111_doh7_2020-04-01t17_27_21.263457 ---
2026-06-26 03:36:40,252 - [WARNING] - ⚠️ Chunk dns2tcp_tunnel_1111_doh7_2020-04-01t17_27_21.263457 quá nhỏ (1 dòng). Bỏ qua.
2026-06-26 03:36:40,252 - [INFO] - 
--- [Phase2_DriftTest] Chunk 555/13411: dns2tcp_tunnel_1111_doh7_2020-04-01t17_49_57.228270 ---
2026-06-26 03:36:40,258 - [WARNING] - ⚠️ Chunk dns2tcp_tunnel_1111_doh7_2020-04-01t17_49_57.228270 quá nhỏ (1 dòng). Bỏ qua.
2026-06-26 03:36:40,258 - [INFO] - 
--- [Phase2_DriftTest] Chunk 556/13411: dns2tcp_tunnel_1111_doh7_2020-04-01t18_12_33.985301 ---
2026-06-26 03:36:40,265 - [WARNING] - ⚠️ Chunk dns2tcp_tunnel_1111_doh7_2020-04-01t18_12_33.985301 quá nhỏ (1 dòng). Bỏ qua.
2026-06-26 03:36:40,265 - [INFO] - 
--- [Phase2_DriftTest] Chunk 557/13411: dns2tcp_tunnel_1111_doh7_2020-04-01t18_35_12.087668 ---
2026-06-26 03:36:40,272 - [WARNING] - ⚠️ Chunk dns2tcp_tunnel_1111_doh7_2020-04-01t18_35_12.087668 quá nhỏ (1 dòng). Bỏ qua.
2026-06-26 03:36:40,273 - [INFO] - 
--- [Phase2_DriftTest] Chunk 558/13411: dns2tcp_tunnel_1111_doh7_2020-04-01t18_57_47.715421 ---
2026-06-26 03:36:40,279 - [WARNING] - ⚠️ Chunk dns2tcp_tunnel_1111_doh7_2020-04-01t18_57_47.715421 quá nhỏ (1 dòng). Bỏ qua.
2026-06-26 03:36:40,279 - [INFO] - 
--- [Phase2_DriftTest] Chunk 559/13411: dns2tcp_tunnel_1111_doh7_2020-04-01t19_20_20.159652 ---
2026-06-26 03:36:40,285 - [WARNING] - ⚠️ Chunk dns2tcp_tunnel_1111_doh7_2020-04-01t19_20_20.159652 quá nhỏ (1 dòng). Bỏ qua.
2026-06-26 03:36:40,285 - [INFO] - 
--- [Phase2_DriftTest] Chunk 560/13411: dns2tcp_tunnel_1111_doh7_2020-04-01t19_42_55.753694 ---
2026-06-26 03:36:40,291 - [WARNING] - ⚠️ Chunk dns2tcp_tunnel_1111_doh7_2020-04-01t19_42_55.753694 quá nhỏ (1 dòng). Bỏ qua.
2026-06-26 03:36:40,291 - [INFO] - 
--- [Phase2_DriftTest] Chunk 561/13411: dns2tcp_tunnel_1111_doh7_2020-04-01t20_05_26.686256 ---
2026-06-26 03:36:40,298 - [WARNING] - ⚠️ Chunk dns2tcp_tunnel_1111_doh7_2020-04-01t20_05_26.686256 quá nhỏ (1 dòng). Bỏ qua.
2026-06-26 03:36:40,298 - [INFO] - 
--- [Phase2_DriftTest] Chunk 562/13411: dns2tcp_tunnel_1111_doh7_2020-04-01t20_27_56.141538 ---
2026-06-26 03:36:40,305 - [WARNING] - ⚠️ Chunk dns2tcp_tunnel_1111_doh7_2020-04-01t20_27_56.141538 quá nhỏ (1 dòng). Bỏ qua.
2026-06-26 03:36:40,305 - [INFO] - 
--- [Phase2_DriftTest] Chunk 563/13411: dns2tcp_tunnel_1111_doh7_2020-04-01t20_50_25.054792 ---
2026-06-26 03:36:40,312 - [WARNING] - ⚠️ Chunk dns2tcp_tunnel_1111_doh7_2020-04-01t20_50_25.054792 quá nhỏ (1 dòng). Bỏ qua.
2026-06-26 03:36:40,312 - [INFO] - 
--- [Phase2_DriftTest] Chunk 564/13411: dns2tcp_tunnel_1111_doh7_2020-04-01t21_12_54.732184 ---
2026-06-26 03:36:40,321 - [WARNING] - ⚠️ Chunk dns2tcp_tunnel_1111_doh7_2020-04-01t21_12_54.732184 quá nhỏ (1 dòng). Bỏ qua.
2026-06-26 03:36:40,321 - [INFO] - 
--- [Phase2_DriftTest] Chunk 565/13411: dns2tcp_tunnel_1111_doh7_2020-04-01t21_35_24.646013 ---
2026-06-26 03:36:40,328 - [WARNING] - ⚠️ Chunk dns2tcp_tunnel_1111_doh7_2020-04-01t21_35_24.646013 quá nhỏ (1 dòng). Bỏ qua.
2026-06-26 03:36:40,328 - [INFO] - 
--- [Phase2_DriftTest] Chunk 566/13411: dns2tcp_tunnel_1111_doh7_2020-04-01t21_57_58.120218 ---
2026-06-26 03:36:40,335 - [WARNING] - ⚠️ Chunk dns2tcp_tunnel_1111_doh7_2020-04-01t21_57_58.120218 quá nhỏ (1 dòng). Bỏ qua.
2026-06-26 03:36:40,336 - [INFO] - 
--- [Phase2_DriftTest] Chunk 567/13411: dns2tcp_tunnel_1111_doh7_2020-04-01t22_20_32.217790 ---
2026-06-26 03:36:40,342 - [WARNING] - ⚠️ Chunk dns2tcp_tunnel_1111_doh7_2020-04-01t22_20_32.217790 quá nhỏ (1 dòng). Bỏ qua.
2026-06-26 03:36:40,342 - [INFO] - 
--- [Phase2_DriftTest] Chunk 568/13411: dns2tcp_tunnel_1111_doh7_2020-04-01t22_43_04.297284 ---
2026-06-26 03:36:40,349 - [WARNING] - ⚠️ Chunk dns2tcp_tunnel_1111_doh7_2020-04-01t22_43_04.297284 quá nhỏ (1 dòng). Bỏ qua.
2026-06-26 03:36:40,349 - [INFO] - 
--- [Phase2_DriftTest] Chunk 569/13411: dns2tcp_tunnel_1111_doh7_2020-04-01t23_05_37.921519 ---
2026-06-26 03:36:40,356 - [WARNING] - ⚠️ Chunk dns2tcp_tunnel_1111_doh7_2020-04-01t23_05_37.921519 quá nhỏ (1 dòng). Bỏ qua.
2026-06-26 03:36:40,356 - [INFO] - 
--- [Phase2_DriftTest] Chunk 570/13411: dns2tcp_tunnel_1111_doh7_2020-04-01t23_28_10.800266 ---
2026-06-26 03:36:40,363 - [WARNING] - ⚠️ Chunk dns2tcp_tunnel_1111_doh7_2020-04-01t23_28_10.800266 quá nhỏ (1 dòng). Bỏ qua.
2026-06-26 03:36:40,363 - [INFO] - 
--- [Phase2_DriftTest] Chunk 571/13411: dns2tcp_tunnel_1111_doh7_2020-04-01t23_50_43.421471 ---
2026-06-26 03:36:40,370 - [WARNING] - ⚠️ Chunk dns2tcp_tunnel_1111_doh7_2020-04-01t23_50_43.421471 quá nhỏ (1 dòng). Bỏ qua.
2026-06-26 03:36:40,370 - [INFO] - 
--- [Phase2_DriftTest] Chunk 572/13411: dns2tcp_tunnel_1111_doh8_2020-03-31t21_54_35.759542 ---
2026-06-26 03:36:40,377 - [WARNING] - ⚠️ Chunk dns2tcp_tunnel_1111_doh8_2020-03-31t21_54_35.759542 quá nhỏ (1 dòng). Bỏ qua.
2026-06-26 03:36:40,377 - [INFO] - 
--- [Phase2_DriftTest] Chunk 573/13411: dns2tcp_tunnel_1111_doh8_2020-03-31t22_17_07.345372 ---
2026-06-26 03:36:40,385 - [WARNING] - ⚠️ Chunk dns2tcp_tunnel_1111_doh8_2020-03-31t22_17_07.345372 quá nhỏ (1 dòng). Bỏ qua.
2026-06-26 03:36:40,385 - [INFO] - 
--- [Phase2_DriftTest] Chunk 574/13411: dns2tcp_tunnel_1111_doh8_2020-03-31t22_39_42.447041 ---
2026-06-26 03:36:40,391 - [WARNING] - ⚠️ Chunk dns2tcp_tunnel_1111_doh8_2020-03-31t22_39_42.447041 quá nhỏ (1 dòng). Bỏ qua.
2026-06-26 03:36:40,391 - [INFO] - 
--- [Phase2_DriftTest] Chunk 575/13411: dns2tcp_tunnel_1111_doh8_2020-03-31t23_02_15.787936 ---
2026-06-26 03:36:40,398 - [WARNING] - ⚠️ Chunk dns2tcp_tunnel_1111_doh8_2020-03-31t23_02_15.787936 quá nhỏ (1 dòng). Bỏ qua.
2026-06-26 03:36:40,398 - [INFO] - 
--- [Phase2_DriftTest] Chunk 576/13411: dns2tcp_tunnel_1111_doh8_2020-03-31t23_24_51.050524 ---
2026-06-26 03:36:40,405 - [WARNING] - ⚠️ Chunk dns2tcp_tunnel_1111_doh8_2020-03-31t23_24_51.050524 quá nhỏ (1 dòng). Bỏ qua.
2026-06-26 03:36:40,405 - [INFO] - 
--- [Phase2_DriftTest] Chunk 577/13411: dns2tcp_tunnel_1111_doh8_2020-03-31t23_47_25.183023 ---
2026-06-26 03:36:40,412 - [WARNING] - ⚠️ Chunk dns2tcp_tunnel_1111_doh8_2020-03-31t23_47_25.183023 quá nhỏ (1 dòng). Bỏ qua.
2026-06-26 03:36:40,412 - [INFO] - 
--- [Phase2_DriftTest] Chunk 578/13411: dns2tcp_tunnel_1111_doh8_2020-04-01t00_09_59.706471 ---
2026-06-26 03:36:40,419 - [WARNING] - ⚠️ Chunk dns2tcp_tunnel_1111_doh8_2020-04-01t00_09_59.706471 quá nhỏ (1 dòng). Bỏ qua.
2026-06-26 03:36:40,420 - [INFO] - 
--- [Phase2_DriftTest] Chunk 579/13411: dns2tcp_tunnel_1111_doh8_2020-04-01t00_32_35.420325 ---
2026-06-26 03:36:40,426 - [WARNING] - ⚠️ Chunk dns2tcp_tunnel_1111_doh8_2020-04-01t00_32_35.420325 quá nhỏ (1 dòng). Bỏ qua.
2026-06-26 03:36:40,426 - [INFO] - 
--- [Phase2_DriftTest] Chunk 580/13411: dns2tcp_tunnel_1111_doh8_2020-04-01t00_55_09.945188 ---
2026-06-26 03:36:40,433 - [WARNING] - ⚠️ Chunk dns2tcp_tunnel_1111_doh8_2020-04-01t00_55_09.945188 quá nhỏ (1 dòng). Bỏ qua.
2026-06-26 03:36:40,433 - [INFO] - 
--- [Phase2_DriftTest] Chunk 581/13411: dns2tcp_tunnel_1111_doh8_2020-04-01t01_17_45.307955 ---
2026-06-26 03:36:40,440 - [WARNING] - ⚠️ Chunk dns2tcp_tunnel_1111_doh8_2020-04-01t01_17_45.307955 quá nhỏ (1 dòng). Bỏ qua.
2026-06-26 03:36:40,440 - [INFO] - 
--- [Phase2_DriftTest] Chunk 582/13411: dns2tcp_tunnel_1111_doh8_2020-04-01t01_40_20.142590 ---
2026-06-26 03:36:40,449 - [WARNING] - ⚠️ Chunk dns2tcp_tunnel_1111_doh8_2020-04-01t01_40_20.142590 quá nhỏ (1 dòng). Bỏ qua.
2026-06-26 03:36:40,449 - [INFO] - 
--- [Phase2_DriftTest] Chunk 583/13411: dns2tcp_tunnel_1111_doh8_2020-04-01t02_02_54.288453 ---
2026-06-26 03:36:40,455 - [WARNING] - ⚠️ Chunk dns2tcp_tunnel_1111_doh8_2020-04-01t02_02_54.288453 quá nhỏ (1 dòng). Bỏ qua.
2026-06-26 03:36:40,455 - [INFO] - 
--- [Phase2_DriftTest] Chunk 584/13411: dns2tcp_tunnel_1111_doh8_2020-04-01t02_25_30.530774 ---
2026-06-26 03:36:40,464 - [WARNING] - ⚠️ Chunk dns2tcp_tunnel_1111_doh8_2020-04-01t02_25_30.530774 quá nhỏ (1 dòng). Bỏ qua.
2026-06-26 03:36:40,464 - [INFO] - 
--- [Phase2_DriftTest] Chunk 585/13411: dns2tcp_tunnel_1111_doh8_2020-04-01t02_48_04.115716 ---
2026-06-26 03:36:40,472 - [WARNING] - ⚠️ Chunk dns2tcp_tunnel_1111_doh8_2020-04-01t02_48_04.115716 quá nhỏ (1 dòng). Bỏ qua.
2026-06-26 03:36:40,472 - [INFO] - 
--- [Phase2_DriftTest] Chunk 586/13411: dns2tcp_tunnel_1111_doh8_2020-04-01t03_10_38.839196 ---
2026-06-26 03:36:40,479 - [WARNING] - ⚠️ Chunk dns2tcp_tunnel_1111_doh8_2020-04-01t03_10_38.839196 quá nhỏ (1 dòng). Bỏ qua.
2026-06-26 03:36:40,479 - [INFO] - 
--- [Phase2_DriftTest] Chunk 587/13411: dns2tcp_tunnel_1111_doh8_2020-04-01t03_33_13.564504 ---
2026-06-26 03:36:40,485 - [WARNING] - ⚠️ Chunk dns2tcp_tunnel_1111_doh8_2020-04-01t03_33_13.564504 quá nhỏ (1 dòng). Bỏ qua.
2026-06-26 03:36:40,486 - [INFO] - 
--- [Phase2_DriftTest] Chunk 588/13411: dns2tcp_tunnel_1111_doh8_2020-04-01t03_55_44.650040 ---
2026-06-26 03:36:40,492 - [WARNING] - ⚠️ Chunk dns2tcp_tunnel_1111_doh8_2020-04-01t03_55_44.650040 quá nhỏ (1 dòng). Bỏ qua.
2026-06-26 03:36:40,493 - [INFO] - 
--- [Phase2_DriftTest] Chunk 589/13411: dns2tcp_tunnel_1111_doh8_2020-04-01t04_18_18.169426 ---
2026-06-26 03:36:40,499 - [WARNING] - ⚠️ Chunk dns2tcp_tunnel_1111_doh8_2020-04-01t04_18_18.169426 quá nhỏ (1 dòng). Bỏ qua.
2026-06-26 03:36:40,500 - [INFO] - 
--- [Phase2_DriftTest] Chunk 590/13411: dns2tcp_tunnel_1111_doh8_2020-04-01t04_40_54.734280 ---
2026-06-26 03:36:40,507 - [WARNING] - ⚠️ Chunk dns2tcp_tunnel_1111_doh8_2020-04-01t04_40_54.734280 quá nhỏ (1 dòng). Bỏ qua.
2026-06-26 03:36:40,507 - [INFO] - 
--- [Phase2_DriftTest] Chunk 591/13411: dns2tcp_tunnel_1111_doh8_2020-04-01t05_03_27.078795 ---
2026-06-26 03:36:40,514 - [WARNING] - ⚠️ Chunk dns2tcp_tunnel_1111_doh8_2020-04-01t05_03_27.078795 quá nhỏ (1 dòng). Bỏ qua.
2026-06-26 03:36:40,514 - [INFO] - 
--- [Phase2_DriftTest] Chunk 592/13411: dns2tcp_tunnel_1111_doh8_2020-04-01t05_25_58.999459 ---
2026-06-26 03:36:40,521 - [WARNING] - ⚠️ Chunk dns2tcp_tunnel_1111_doh8_2020-04-01t05_25_58.999459 quá nhỏ (1 dòng). Bỏ qua.
2026-06-26 03:36:40,522 - [INFO] - 
--- [Phase2_DriftTest] Chunk 593/13411: dns2tcp_tunnel_1111_doh8_2020-04-01t05_48_45.132720 ---
2026-06-26 03:36:40,528 - [WARNING] - ⚠️ Chunk dns2tcp_tunnel_1111_doh8_2020-04-01t05_48_45.132720 quá nhỏ (1 dòng). Bỏ qua.
2026-06-26 03:36:40,528 - [INFO] - 
--- [Phase2_DriftTest] Chunk 594/13411: dns2tcp_tunnel_1111_doh8_2020-04-01t06_11_24.157001 ---
2026-06-26 03:36:40,535 - [WARNING] - ⚠️ Chunk dns2tcp_tunnel_1111_doh8_2020-04-01t06_11_24.157001 quá nhỏ (1 dòng). Bỏ qua.
2026-06-26 03:36:40,535 - [INFO] - 
--- [Phase2_DriftTest] Chunk 595/13411: dns2tcp_tunnel_1111_doh8_2020-04-01t06_34_01.967351 ---
2026-06-26 03:36:40,544 - [WARNING] - ⚠️ Chunk dns2tcp_tunnel_1111_doh8_2020-04-01t06_34_01.967351 quá nhỏ (1 dòng). Bỏ qua.
2026-06-26 03:36:40,544 - [INFO] - 
--- [Phase2_DriftTest] Chunk 596/13411: dns2tcp_tunnel_1111_doh8_2020-04-01t06_56_37.848050 ---
2026-06-26 03:36:40,552 - [WARNING] - ⚠️ Chunk dns2tcp_tunnel_1111_doh8_2020-04-01t06_56_37.848050 quá nhỏ (1 dòng). Bỏ qua.
2026-06-26 03:36:40,552 - [INFO] - 
--- [Phase2_DriftTest] Chunk 597/13411: dns2tcp_tunnel_1111_doh8_2020-04-01t07_19_12.978289 ---
2026-06-26 03:36:40,559 - [WARNING] - ⚠️ Chunk dns2tcp_tunnel_1111_doh8_2020-04-01t07_19_12.978289 quá nhỏ (1 dòng). Bỏ qua.
2026-06-26 03:36:40,559 - [INFO] - 
--- [Phase2_DriftTest] Chunk 598/13411: dns2tcp_tunnel_1111_doh8_2020-04-01t07_41_46.255041 ---
2026-06-26 03:36:40,566 - [WARNING] - ⚠️ Chunk dns2tcp_tunnel_1111_doh8_2020-04-01t07_41_46.255041 quá nhỏ (1 dòng). Bỏ qua.
2026-06-26 03:36:40,566 - [INFO] - 
--- [Phase2_DriftTest] Chunk 599/13411: dns2tcp_tunnel_1111_doh8_2020-04-01t08_04_20.525107 ---
2026-06-26 03:36:40,573 - [WARNING] - ⚠️ Chunk dns2tcp_tunnel_1111_doh8_2020-04-01t08_04_20.525107 quá nhỏ (1 dòng). Bỏ qua.
2026-06-26 03:36:40,573 - [INFO] - 
--- [Phase2_DriftTest] Chunk 600/13411: dns2tcp_tunnel_1111_doh8_2020-04-01t08_26_51.433389 ---
2026-06-26 03:36:40,580 - [WARNING] - ⚠️ Chunk dns2tcp_tunnel_1111_doh8_2020-04-01t08_26_51.433389 quá nhỏ (1 dòng). Bỏ qua.
2026-06-26 03:36:40,580 - [INFO] - 
--- [Phase2_DriftTest] Chunk 601/13411: dns2tcp_tunnel_1111_doh8_2020-04-01t08_49_23.809553 ---
2026-06-26 03:36:40,587 - [WARNING] - ⚠️ Chunk dns2tcp_tunnel_1111_doh8_2020-04-01t08_49_23.809553 quá nhỏ (1 dòng). Bỏ qua.
2026-06-26 03:36:40,587 - [INFO] - 
--- [Phase2_DriftTest] Chunk 602/13411: dns2tcp_tunnel_1111_doh8_2020-04-01t09_11_57.551574 ---
2026-06-26 03:36:40,595 - [WARNING] - ⚠️ Chunk dns2tcp_tunnel_1111_doh8_2020-04-01t09_11_57.551574 quá nhỏ (1 dòng). Bỏ qua.
2026-06-26 03:36:40,595 - [INFO] - 
--- [Phase2_DriftTest] Chunk 603/13411: dns2tcp_tunnel_1111_doh8_2020-04-01t09_34_31.650224 ---
2026-06-26 03:36:40,608 - [WARNING] - ⚠️ Chunk dns2tcp_tunnel_1111_doh8_2020-04-01t09_34_31.650224 quá nhỏ (1 dòng). Bỏ qua.
2026-06-26 03:36:40,608 - [INFO] - 
--- [Phase2_DriftTest] Chunk 604/13411: dns2tcp_tunnel_1111_doh8_2020-04-01t09_57_03.761809 ---
2026-06-26 03:36:40,616 - [WARNING] - ⚠️ Chunk dns2tcp_tunnel_1111_doh8_2020-04-01t09_57_03.761809 quá nhỏ (1 dòng). Bỏ qua.
2026-06-26 03:36:40,616 - [INFO] - 
--- [Phase2_DriftTest] Chunk 605/13411: dns2tcp_tunnel_1111_doh8_2020-04-01t10_19_39.611366 ---
2026-06-26 03:36:40,623 - [WARNING] - ⚠️ Chunk dns2tcp_tunnel_1111_doh8_2020-04-01t10_19_39.611366 quá nhỏ (1 dòng). Bỏ qua.
2026-06-26 03:36:40,623 - [INFO] - 
--- [Phase2_DriftTest] Chunk 606/13411: dns2tcp_tunnel_1111_doh8_2020-04-01t10_42_11.794427 ---
2026-06-26 03:36:40,630 - [WARNING] - ⚠️ Chunk dns2tcp_tunnel_1111_doh8_2020-04-01t10_42_11.794427 quá nhỏ (1 dòng). Bỏ qua.
2026-06-26 03:36:40,630 - [INFO] - 
--- [Phase2_DriftTest] Chunk 607/13411: dns2tcp_tunnel_1111_doh8_2020-04-01t11_04_41.998562 ---
2026-06-26 03:36:40,637 - [WARNING] - ⚠️ Chunk dns2tcp_tunnel_1111_doh8_2020-04-01t11_04_41.998562 quá nhỏ (1 dòng). Bỏ qua.
2026-06-26 03:36:40,637 - [INFO] - 
--- [Phase2_DriftTest] Chunk 608/13411: dns2tcp_tunnel_1111_doh8_2020-04-01t11_27_10.596853 ---
2026-06-26 03:36:40,644 - [WARNING] - ⚠️ Chunk dns2tcp_tunnel_1111_doh8_2020-04-01t11_27_10.596853 quá nhỏ (1 dòng). Bỏ qua.
2026-06-26 03:36:40,644 - [INFO] - 
--- [Phase2_DriftTest] Chunk 609/13411: dns2tcp_tunnel_1111_doh8_2020-04-01t11_49_39.261387 ---
2026-06-26 03:36:40,651 - [WARNING] - ⚠️ Chunk dns2tcp_tunnel_1111_doh8_2020-04-01t11_49_39.261387 quá nhỏ (1 dòng). Bỏ qua.
2026-06-26 03:36:40,651 - [INFO] - 
--- [Phase2_DriftTest] Chunk 610/13411: dns2tcp_tunnel_1111_doh8_2020-04-01t12_12_07.238667 ---
2026-06-26 03:36:40,659 - [WARNING] - ⚠️ Chunk dns2tcp_tunnel_1111_doh8_2020-04-01t12_12_07.238667 quá nhỏ (1 dòng). Bỏ qua.
2026-06-26 03:36:40,659 - [INFO] - 
--- [Phase2_DriftTest] Chunk 611/13411: dns2tcp_tunnel_1111_doh8_2020-04-01t12_34_35.356269 ---
2026-06-26 03:36:40,666 - [WARNING] - ⚠️ Chunk dns2tcp_tunnel_1111_doh8_2020-04-01t12_34_35.356269 quá nhỏ (1 dòng). Bỏ qua.
2026-06-26 03:36:40,666 - [INFO] - 
--- [Phase2_DriftTest] Chunk 612/13411: dns2tcp_tunnel_1111_doh8_2020-04-01t12_57_04.659273 ---
2026-06-26 03:36:40,673 - [WARNING] - ⚠️ Chunk dns2tcp_tunnel_1111_doh8_2020-04-01t12_57_04.659273 quá nhỏ (1 dòng). Bỏ qua.
2026-06-26 03:36:40,673 - [INFO] - 
--- [Phase2_DriftTest] Chunk 613/13411: dns2tcp_tunnel_1111_doh8_2020-04-01t13_19_33.574108 ---
2026-06-26 03:36:40,680 - [WARNING] - ⚠️ Chunk dns2tcp_tunnel_1111_doh8_2020-04-01t13_19_33.574108 quá nhỏ (1 dòng). Bỏ qua.
2026-06-26 03:36:40,680 - [INFO] - 
--- [Phase2_DriftTest] Chunk 614/13411: dns2tcp_tunnel_1111_doh8_2020-04-01t13_42_06.278712 ---
2026-06-26 03:36:40,687 - [WARNING] - ⚠️ Chunk dns2tcp_tunnel_1111_doh8_2020-04-01t13_42_06.278712 quá nhỏ (1 dòng). Bỏ qua.
2026-06-26 03:36:40,687 - [INFO] - 
--- [Phase2_DriftTest] Chunk 615/13411: dns2tcp_tunnel_1111_doh8_2020-04-01t14_04_40.752191 ---
2026-06-26 03:36:40,694 - [WARNING] - ⚠️ Chunk dns2tcp_tunnel_1111_doh8_2020-04-01t14_04_40.752191 quá nhỏ (1 dòng). Bỏ qua.
2026-06-26 03:36:40,694 - [INFO] - 
--- [Phase2_DriftTest] Chunk 616/13411: dns2tcp_tunnel_1111_doh8_2020-04-01t14_27_12.942468 ---
2026-06-26 03:36:40,701 - [WARNING] - ⚠️ Chunk dns2tcp_tunnel_1111_doh8_2020-04-01t14_27_12.942468 quá nhỏ (1 dòng). Bỏ qua.
2026-06-26 03:36:40,701 - [INFO] - 
--- [Phase2_DriftTest] Chunk 617/13411: dns2tcp_tunnel_1111_doh8_2020-04-01t14_49_48.217437 ---
2026-06-26 03:36:40,708 - [WARNING] - ⚠️ Chunk dns2tcp_tunnel_1111_doh8_2020-04-01t14_49_48.217437 quá nhỏ (1 dòng). Bỏ qua.
2026-06-26 03:36:40,708 - [INFO] - 
--- [Phase2_DriftTest] Chunk 618/13411: dns2tcp_tunnel_1111_doh8_2020-04-01t15_12_21.242801 ---
2026-06-26 03:36:40,715 - [WARNING] - ⚠️ Chunk dns2tcp_tunnel_1111_doh8_2020-04-01t15_12_21.242801 quá nhỏ (1 dòng). Bỏ qua.
2026-06-26 03:36:40,715 - [INFO] - 
--- [Phase2_DriftTest] Chunk 619/13411: dns2tcp_tunnel_1111_doh8_2020-04-01t15_34_52.871536 ---
2026-06-26 03:36:40,722 - [WARNING] - ⚠️ Chunk dns2tcp_tunnel_1111_doh8_2020-04-01t15_34_52.871536 quá nhỏ (1 dòng). Bỏ qua.
2026-06-26 03:36:40,722 - [INFO] - 
--- [Phase2_DriftTest] Chunk 620/13411: dns2tcp_tunnel_1111_doh8_2020-04-01t15_57_24.167733 ---
2026-06-26 03:36:40,729 - [WARNING] - ⚠️ Chunk dns2tcp_tunnel_1111_doh8_2020-04-01t15_57_24.167733 quá nhỏ (1 dòng). Bỏ qua.
2026-06-26 03:36:40,729 - [INFO] - 
--- [Phase2_DriftTest] Chunk 621/13411: dns2tcp_tunnel_1111_doh8_2020-04-01t16_19_53.040765 ---
2026-06-26 03:36:40,736 - [WARNING] - ⚠️ Chunk dns2tcp_tunnel_1111_doh8_2020-04-01t16_19_53.040765 quá nhỏ (1 dòng). Bỏ qua.
2026-06-26 03:36:40,736 - [INFO] - 
--- [Phase2_DriftTest] Chunk 622/13411: dns2tcp_tunnel_1111_doh8_2020-04-01t16_42_22.423205 ---
2026-06-26 03:36:40,742 - [WARNING] - ⚠️ Chunk dns2tcp_tunnel_1111_doh8_2020-04-01t16_42_22.423205 quá nhỏ (1 dòng). Bỏ qua.
2026-06-26 03:36:40,742 - [INFO] - 
--- [Phase2_DriftTest] Chunk 623/13411: dns2tcp_tunnel_1111_doh8_2020-04-01t17_04_52.741672 ---
2026-06-26 03:36:40,749 - [WARNING] - ⚠️ Chunk dns2tcp_tunnel_1111_doh8_2020-04-01t17_04_52.741672 quá nhỏ (1 dòng). Bỏ qua.
2026-06-26 03:36:40,749 - [INFO] - 
--- [Phase2_DriftTest] Chunk 624/13411: dns2tcp_tunnel_1111_doh8_2020-04-01t17_27_21.896874 ---
2026-06-26 03:36:40,756 - [WARNING] - ⚠️ Chunk dns2tcp_tunnel_1111_doh8_2020-04-01t17_27_21.896874 quá nhỏ (1 dòng). Bỏ qua.
2026-06-26 03:36:40,756 - [INFO] - 
--- [Phase2_DriftTest] Chunk 625/13411: dns2tcp_tunnel_1111_doh8_2020-04-01t17_49_58.067877 ---
2026-06-26 03:36:40,763 - [WARNING] - ⚠️ Chunk dns2tcp_tunnel_1111_doh8_2020-04-01t17_49_58.067877 quá nhỏ (1 dòng). Bỏ qua.
2026-06-26 03:36:40,763 - [INFO] - 
--- [Phase2_DriftTest] Chunk 626/13411: dns2tcp_tunnel_1111_doh8_2020-04-01t18_12_35.054631 ---
2026-06-26 03:36:40,770 - [WARNING] - ⚠️ Chunk dns2tcp_tunnel_1111_doh8_2020-04-01t18_12_35.054631 quá nhỏ (1 dòng). Bỏ qua.
2026-06-26 03:36:40,770 - [INFO] - 
--- [Phase2_DriftTest] Chunk 627/13411: dns2tcp_tunnel_1111_doh8_2020-04-01t18_35_13.104045 ---
2026-06-26 03:36:40,776 - [WARNING] - ⚠️ Chunk dns2tcp_tunnel_1111_doh8_2020-04-01t18_35_13.104045 quá nhỏ (1 dòng). Bỏ qua.
2026-06-26 03:36:40,776 - [INFO] - 
--- [Phase2_DriftTest] Chunk 628/13411: dns2tcp_tunnel_1111_doh8_2020-04-01t18_57_48.930632 ---
2026-06-26 03:36:40,783 - [WARNING] - ⚠️ Chunk dns2tcp_tunnel_1111_doh8_2020-04-01t18_57_48.930632 quá nhỏ (1 dòng). Bỏ qua.
2026-06-26 03:36:40,783 - [INFO] - 
--- [Phase2_DriftTest] Chunk 629/13411: dns2tcp_tunnel_1111_doh8_2020-04-01t19_20_20.765494 ---
2026-06-26 03:36:40,790 - [WARNING] - ⚠️ Chunk dns2tcp_tunnel_1111_doh8_2020-04-01t19_20_20.765494 quá nhỏ (1 dòng). Bỏ qua.
2026-06-26 03:36:40,790 - [INFO] - 
--- [Phase2_DriftTest] Chunk 630/13411: dns2tcp_tunnel_1111_doh8_2020-04-01t19_42_56.529087 ---
2026-06-26 03:36:40,797 - [WARNING] - ⚠️ Chunk dns2tcp_tunnel_1111_doh8_2020-04-01t19_42_56.529087 quá nhỏ (1 dòng). Bỏ qua.
2026-06-26 03:36:40,797 - [INFO] - 
--- [Phase2_DriftTest] Chunk 631/13411: dns2tcp_tunnel_1111_doh8_2020-04-01t20_05_27.282165 ---
2026-06-26 03:36:40,804 - [WARNING] - ⚠️ Chunk dns2tcp_tunnel_1111_doh8_2020-04-01t20_05_27.282165 quá nhỏ (1 dòng). Bỏ qua.
2026-06-26 03:36:40,804 - [INFO] - 
--- [Phase2_DriftTest] Chunk 632/13411: dns2tcp_tunnel_1111_doh8_2020-04-01t20_27_56.754084 ---
2026-06-26 03:36:40,811 - [WARNING] - ⚠️ Chunk dns2tcp_tunnel_1111_doh8_2020-04-01t20_27_56.754084 quá nhỏ (1 dòng). Bỏ qua.
2026-06-26 03:36:40,811 - [INFO] - 
--- [Phase2_DriftTest] Chunk 633/13411: dns2tcp_tunnel_1111_doh8_2020-04-01t20_50_25.605970 ---
2026-06-26 03:36:40,817 - [WARNING] - ⚠️ Chunk dns2tcp_tunnel_1111_doh8_2020-04-01t20_50_25.605970 quá nhỏ (1 dòng). Bỏ qua.
2026-06-26 03:36:40,817 - [INFO] - 
--- [Phase2_DriftTest] Chunk 634/13411: dns2tcp_tunnel_1111_doh8_2020-04-01t21_12_55.317594 ---
2026-06-26 03:36:40,824 - [WARNING] - ⚠️ Chunk dns2tcp_tunnel_1111_doh8_2020-04-01t21_12_55.317594 quá nhỏ (1 dòng). Bỏ qua.
2026-06-26 03:36:40,824 - [INFO] - 
--- [Phase2_DriftTest] Chunk 635/13411: dns2tcp_tunnel_1111_doh8_2020-04-01t21_35_25.307670 ---
2026-06-26 03:36:40,832 - [WARNING] - ⚠️ Chunk dns2tcp_tunnel_1111_doh8_2020-04-01t21_35_25.307670 quá nhỏ (1 dòng). Bỏ qua.
2026-06-26 03:36:40,832 - [INFO] - 
--- [Phase2_DriftTest] Chunk 636/13411: dns2tcp_tunnel_1111_doh8_2020-04-01t21_57_59.148686 ---
2026-06-26 03:36:40,838 - [WARNING] - ⚠️ Chunk dns2tcp_tunnel_1111_doh8_2020-04-01t21_57_59.148686 quá nhỏ (1 dòng). Bỏ qua.
2026-06-26 03:36:40,838 - [INFO] - 
--- [Phase2_DriftTest] Chunk 637/13411: dns2tcp_tunnel_1111_doh8_2020-04-01t22_20_32.903725 ---
2026-06-26 03:36:40,845 - [WARNING] - ⚠️ Chunk dns2tcp_tunnel_1111_doh8_2020-04-01t22_20_32.903725 quá nhỏ (1 dòng). Bỏ qua.
2026-06-26 03:36:40,845 - [INFO] - 
--- [Phase2_DriftTest] Chunk 638/13411: dns2tcp_tunnel_1111_doh8_2020-04-01t22_43_05.075784 ---
2026-06-26 03:36:40,852 - [WARNING] - ⚠️ Chunk dns2tcp_tunnel_1111_doh8_2020-04-01t22_43_05.075784 quá nhỏ (1 dòng). Bỏ qua.
2026-06-26 03:36:40,852 - [INFO] - 
--- [Phase2_DriftTest] Chunk 639/13411: dns2tcp_tunnel_1111_doh8_2020-04-01t23_05_38.598516 ---
2026-06-26 03:36:40,859 - [WARNING] - ⚠️ Chunk dns2tcp_tunnel_1111_doh8_2020-04-01t23_05_38.598516 quá nhỏ (1 dòng). Bỏ qua.
2026-06-26 03:36:40,859 - [INFO] - 
--- [Phase2_DriftTest] Chunk 640/13411: dns2tcp_tunnel_1111_doh8_2020-04-01t23_28_11.389443 ---
2026-06-26 03:36:40,866 - [WARNING] - ⚠️ Chunk dns2tcp_tunnel_1111_doh8_2020-04-01t23_28_11.389443 quá nhỏ (1 dòng). Bỏ qua.
2026-06-26 03:36:40,867 - [INFO] - 
--- [Phase2_DriftTest] Chunk 641/13411: dns2tcp_tunnel_1111_doh8_2020-04-01t23_50_44.077722 ---
2026-06-26 03:36:40,874 - [WARNING] - ⚠️ Chunk dns2tcp_tunnel_1111_doh8_2020-04-01t23_50_44.077722 quá nhỏ (1 dòng). Bỏ qua.
2026-06-26 03:36:40,874 - [INFO] - 
--- [Phase2_DriftTest] Chunk 642/13411: dns2tcp_tunnel_1111_doh9_2020-03-31t21_54_36.233605 ---
2026-06-26 03:36:40,881 - [WARNING] - ⚠️ Chunk dns2tcp_tunnel_1111_doh9_2020-03-31t21_54_36.233605 quá nhỏ (1 dòng). Bỏ qua.
2026-06-26 03:36:40,881 - [INFO] - 
--- [Phase2_DriftTest] Chunk 643/13411: dns2tcp_tunnel_1111_doh9_2020-03-31t22_17_08.044723 ---
2026-06-26 03:36:40,891 - [WARNING] - ⚠️ Chunk dns2tcp_tunnel_1111_doh9_2020-03-31t22_17_08.044723 quá nhỏ (1 dòng). Bỏ qua.
2026-06-26 03:36:40,892 - [INFO] - 
--- [Phase2_DriftTest] Chunk 644/13411: dns2tcp_tunnel_1111_doh9_2020-03-31t22_39_43.136220 ---
2026-06-26 03:36:40,902 - [WARNING] - ⚠️ Chunk dns2tcp_tunnel_1111_doh9_2020-03-31t22_39_43.136220 quá nhỏ (1 dòng). Bỏ qua.
2026-06-26 03:36:40,902 - [INFO] - 
--- [Phase2_DriftTest] Chunk 645/13411: dns2tcp_tunnel_1111_doh9_2020-03-31t23_02_16.646197 ---
2026-06-26 03:36:40,909 - [WARNING] - ⚠️ Chunk dns2tcp_tunnel_1111_doh9_2020-03-31t23_02_16.646197 quá nhỏ (1 dòng). Bỏ qua.
2026-06-26 03:36:40,909 - [INFO] - 
--- [Phase2_DriftTest] Chunk 646/13411: dns2tcp_tunnel_1111_doh9_2020-03-31t23_24_51.690132 ---
2026-06-26 03:36:40,916 - [WARNING] - ⚠️ Chunk dns2tcp_tunnel_1111_doh9_2020-03-31t23_24_51.690132 quá nhỏ (1 dòng). Bỏ qua.
2026-06-26 03:36:40,916 - [INFO] - 
--- [Phase2_DriftTest] Chunk 647/13411: dns2tcp_tunnel_1111_doh9_2020-03-31t23_47_26.009991 ---
2026-06-26 03:36:40,923 - [WARNING] - ⚠️ Chunk dns2tcp_tunnel_1111_doh9_2020-03-31t23_47_26.009991 quá nhỏ (1 dòng). Bỏ qua.
2026-06-26 03:36:40,923 - [INFO] - 
--- [Phase2_DriftTest] Chunk 648/13411: dns2tcp_tunnel_1111_doh9_2020-04-01t00_10_00.265593 ---
2026-06-26 03:36:40,930 - [WARNING] - ⚠️ Chunk dns2tcp_tunnel_1111_doh9_2020-04-01t00_10_00.265593 quá nhỏ (1 dòng). Bỏ qua.
2026-06-26 03:36:40,930 - [INFO] - 
--- [Phase2_DriftTest] Chunk 649/13411: dns2tcp_tunnel_1111_doh9_2020-04-01t00_32_36.008764 ---
2026-06-26 03:36:40,936 - [WARNING] - ⚠️ Chunk dns2tcp_tunnel_1111_doh9_2020-04-01t00_32_36.008764 quá nhỏ (1 dòng). Bỏ qua.
2026-06-26 03:36:40,937 - [INFO] - 
--- [Phase2_DriftTest] Chunk 650/13411: dns2tcp_tunnel_1111_doh9_2020-04-01t00_55_10.909260 ---
2026-06-26 03:36:40,944 - [WARNING] - ⚠️ Chunk dns2tcp_tunnel_1111_doh9_2020-04-01t00_55_10.909260 quá nhỏ (1 dòng). Bỏ qua.
2026-06-26 03:36:40,944 - [INFO] - 
--- [Phase2_DriftTest] Chunk 651/13411: dns2tcp_tunnel_1111_doh9_2020-04-01t01_17_46.079638 ---
2026-06-26 03:36:40,951 - [WARNING] - ⚠️ Chunk dns2tcp_tunnel_1111_doh9_2020-04-01t01_17_46.079638 quá nhỏ (1 dòng). Bỏ qua.
2026-06-26 03:36:40,951 - [INFO] - 
--- [Phase2_DriftTest] Chunk 652/13411: dns2tcp_tunnel_1111_doh9_2020-04-01t01_40_20.700834 ---
2026-06-26 03:36:40,958 - [WARNING] - ⚠️ Chunk dns2tcp_tunnel_1111_doh9_2020-04-01t01_40_20.700834 quá nhỏ (1 dòng). Bỏ qua.
2026-06-26 03:36:40,958 - [INFO] - 
--- [Phase2_DriftTest] Chunk 653/13411: dns2tcp_tunnel_1111_doh9_2020-04-01t02_02_55.003491 ---
2026-06-26 03:36:40,964 - [WARNING] - ⚠️ Chunk dns2tcp_tunnel_1111_doh9_2020-04-01t02_02_55.003491 quá nhỏ (1 dòng). Bỏ qua.
2026-06-26 03:36:40,965 - [INFO] - 
--- [Phase2_DriftTest] Chunk 654/13411: dns2tcp_tunnel_1111_doh9_2020-04-01t02_25_31.117572 ---
2026-06-26 03:36:40,971 - [WARNING] - ⚠️ Chunk dns2tcp_tunnel_1111_doh9_2020-04-01t02_25_31.117572 quá nhỏ (1 dòng). Bỏ qua.
2026-06-26 03:36:40,971 - [INFO] - 
--- [Phase2_DriftTest] Chunk 655/13411: dns2tcp_tunnel_1111_doh9_2020-04-01t02_48_05.287666 ---
2026-06-26 03:36:40,978 - [WARNING] - ⚠️ Chunk dns2tcp_tunnel_1111_doh9_2020-04-01t02_48_05.287666 quá nhỏ (1 dòng). Bỏ qua.
2026-06-26 03:36:40,978 - [INFO] - 
--- [Phase2_DriftTest] Chunk 656/13411: dns2tcp_tunnel_1111_doh9_2020-04-01t03_10_39.502076 ---
2026-06-26 03:36:40,985 - [WARNING] - ⚠️ Chunk dns2tcp_tunnel_1111_doh9_2020-04-01t03_10_39.502076 quá nhỏ (1 dòng). Bỏ qua.
2026-06-26 03:36:40,985 - [INFO] - 
--- [Phase2_DriftTest] Chunk 657/13411: dns2tcp_tunnel_1111_doh9_2020-04-01t03_33_14.335249 ---
2026-06-26 03:36:40,993 - [WARNING] - ⚠️ Chunk dns2tcp_tunnel_1111_doh9_2020-04-01t03_33_14.335249 quá nhỏ (1 dòng). Bỏ qua.
2026-06-26 03:36:40,993 - [INFO] - 
--- [Phase2_DriftTest] Chunk 658/13411: dns2tcp_tunnel_1111_doh9_2020-04-01t03_55_45.373753 ---
2026-06-26 03:36:41,000 - [WARNING] - ⚠️ Chunk dns2tcp_tunnel_1111_doh9_2020-04-01t03_55_45.373753 quá nhỏ (1 dòng). Bỏ qua.
2026-06-26 03:36:41,000 - [INFO] - 
--- [Phase2_DriftTest] Chunk 659/13411: dns2tcp_tunnel_1111_doh9_2020-04-01t04_18_19.112152 ---
2026-06-26 03:36:41,006 - [WARNING] - ⚠️ Chunk dns2tcp_tunnel_1111_doh9_2020-04-01t04_18_19.112152 quá nhỏ (1 dòng). Bỏ qua.
2026-06-26 03:36:41,006 - [INFO] - 
--- [Phase2_DriftTest] Chunk 660/13411: dns2tcp_tunnel_1111_doh9_2020-04-01t04_40_55.435264 ---
2026-06-26 03:36:41,012 - [WARNING] - ⚠️ Chunk dns2tcp_tunnel_1111_doh9_2020-04-01t04_40_55.435264 quá nhỏ (1 dòng). Bỏ qua.
2026-06-26 03:36:41,013 - [INFO] - 
--- [Phase2_DriftTest] Chunk 661/13411: dns2tcp_tunnel_1111_doh9_2020-04-01t05_03_27.809989 ---
2026-06-26 03:36:41,020 - [WARNING] - ⚠️ Chunk dns2tcp_tunnel_1111_doh9_2020-04-01t05_03_27.809989 quá nhỏ (1 dòng). Bỏ qua.
2026-06-26 03:36:41,020 - [INFO] - 
--- [Phase2_DriftTest] Chunk 662/13411: dns2tcp_tunnel_1111_doh9_2020-04-01t05_25_59.622706 ---
2026-06-26 03:36:41,027 - [WARNING] - ⚠️ Chunk dns2tcp_tunnel_1111_doh9_2020-04-01t05_25_59.622706 quá nhỏ (1 dòng). Bỏ qua.
2026-06-26 03:36:41,027 - [INFO] - 
--- [Phase2_DriftTest] Chunk 663/13411: dns2tcp_tunnel_1111_doh9_2020-04-01t05_48_45.816472 ---
2026-06-26 03:36:41,034 - [WARNING] - ⚠️ Chunk dns2tcp_tunnel_1111_doh9_2020-04-01t05_48_45.816472 quá nhỏ (1 dòng). Bỏ qua.
2026-06-26 03:36:41,034 - [INFO] - 
--- [Phase2_DriftTest] Chunk 664/13411: dns2tcp_tunnel_1111_doh9_2020-04-01t06_11_24.815959 ---
2026-06-26 03:36:41,041 - [WARNING] - ⚠️ Chunk dns2tcp_tunnel_1111_doh9_2020-04-01t06_11_24.815959 quá nhỏ (1 dòng). Bỏ qua.
2026-06-26 03:36:41,041 - [INFO] - 
--- [Phase2_DriftTest] Chunk 665/13411: dns2tcp_tunnel_1111_doh9_2020-04-01t06_34_02.587887 ---
2026-06-26 03:36:41,048 - [WARNING] - ⚠️ Chunk dns2tcp_tunnel_1111_doh9_2020-04-01t06_34_02.587887 quá nhỏ (1 dòng). Bỏ qua.
2026-06-26 03:36:41,048 - [INFO] - 
--- [Phase2_DriftTest] Chunk 666/13411: dns2tcp_tunnel_1111_doh9_2020-04-01t06_56_38.351947 ---
2026-06-26 03:36:41,055 - [WARNING] - ⚠️ Chunk dns2tcp_tunnel_1111_doh9_2020-04-01t06_56_38.351947 quá nhỏ (1 dòng). Bỏ qua.
2026-06-26 03:36:41,055 - [INFO] - 
--- [Phase2_DriftTest] Chunk 667/13411: dns2tcp_tunnel_1111_doh9_2020-04-01t07_19_13.583665 ---
2026-06-26 03:36:41,062 - [WARNING] - ⚠️ Chunk dns2tcp_tunnel_1111_doh9_2020-04-01t07_19_13.583665 quá nhỏ (1 dòng). Bỏ qua.
2026-06-26 03:36:41,062 - [INFO] - 
--- [Phase2_DriftTest] Chunk 668/13411: dns2tcp_tunnel_1111_doh9_2020-04-01t07_41_46.909994 ---
2026-06-26 03:36:41,069 - [WARNING] - ⚠️ Chunk dns2tcp_tunnel_1111_doh9_2020-04-01t07_41_46.909994 quá nhỏ (1 dòng). Bỏ qua.
2026-06-26 03:36:41,069 - [INFO] - 
--- [Phase2_DriftTest] Chunk 669/13411: dns2tcp_tunnel_1111_doh9_2020-04-01t08_04_21.235650 ---
2026-06-26 03:36:41,076 - [WARNING] - ⚠️ Chunk dns2tcp_tunnel_1111_doh9_2020-04-01t08_04_21.235650 quá nhỏ (1 dòng). Bỏ qua.
2026-06-26 03:36:41,076 - [INFO] - 
--- [Phase2_DriftTest] Chunk 670/13411: dns2tcp_tunnel_1111_doh9_2020-04-01t08_26_52.023155 ---
2026-06-26 03:36:41,083 - [WARNING] - ⚠️ Chunk dns2tcp_tunnel_1111_doh9_2020-04-01t08_26_52.023155 quá nhỏ (1 dòng). Bỏ qua.
2026-06-26 03:36:41,083 - [INFO] - 
--- [Phase2_DriftTest] Chunk 671/13411: dns2tcp_tunnel_1111_doh9_2020-04-01t08_49_24.551922 ---
2026-06-26 03:36:41,089 - [WARNING] - ⚠️ Chunk dns2tcp_tunnel_1111_doh9_2020-04-01t08_49_24.551922 quá nhỏ (1 dòng). Bỏ qua.
2026-06-26 03:36:41,090 - [INFO] - 
--- [Phase2_DriftTest] Chunk 672/13411: dns2tcp_tunnel_1111_doh9_2020-04-01t09_11_58.129435 ---
2026-06-26 03:36:41,096 - [WARNING] - ⚠️ Chunk dns2tcp_tunnel_1111_doh9_2020-04-01t09_11_58.129435 quá nhỏ (1 dòng). Bỏ qua.
2026-06-26 03:36:41,096 - [INFO] - 
--- [Phase2_DriftTest] Chunk 673/13411: dns2tcp_tunnel_1111_doh9_2020-04-01t09_34_32.391364 ---
2026-06-26 03:36:41,103 - [WARNING] - ⚠️ Chunk dns2tcp_tunnel_1111_doh9_2020-04-01t09_34_32.391364 quá nhỏ (1 dòng). Bỏ qua.
2026-06-26 03:36:41,103 - [INFO] - 
--- [Phase2_DriftTest] Chunk 674/13411: dns2tcp_tunnel_1111_doh9_2020-04-01t09_57_04.566217 ---
2026-06-26 03:36:41,110 - [WARNING] - ⚠️ Chunk dns2tcp_tunnel_1111_doh9_2020-04-01t09_57_04.566217 quá nhỏ (1 dòng). Bỏ qua.
2026-06-26 03:36:41,110 - [INFO] - 
--- [Phase2_DriftTest] Chunk 675/13411: dns2tcp_tunnel_1111_doh9_2020-04-01t10_19_40.192943 ---
2026-06-26 03:36:41,117 - [WARNING] - ⚠️ Chunk dns2tcp_tunnel_1111_doh9_2020-04-01t10_19_40.192943 quá nhỏ (1 dòng). Bỏ qua.
2026-06-26 03:36:41,117 - [INFO] - 
--- [Phase2_DriftTest] Chunk 676/13411: dns2tcp_tunnel_1111_doh9_2020-04-01t10_42_12.577149 ---
2026-06-26 03:36:41,124 - [WARNING] - ⚠️ Chunk dns2tcp_tunnel_1111_doh9_2020-04-01t10_42_12.577149 quá nhỏ (1 dòng). Bỏ qua.
2026-06-26 03:36:41,124 - [INFO] - 
--- [Phase2_DriftTest] Chunk 677/13411: dns2tcp_tunnel_1111_doh9_2020-04-01t11_04_42.573004 ---
2026-06-26 03:36:41,131 - [WARNING] - ⚠️ Chunk dns2tcp_tunnel_1111_doh9_2020-04-01t11_04_42.573004 quá nhỏ (1 dòng). Bỏ qua.
2026-06-26 03:36:41,131 - [INFO] - 
--- [Phase2_DriftTest] Chunk 678/13411: dns2tcp_tunnel_1111_doh9_2020-04-01t11_27_11.249671 ---
2026-06-26 03:36:41,137 - [WARNING] - ⚠️ Chunk dns2tcp_tunnel_1111_doh9_2020-04-01t11_27_11.249671 quá nhỏ (1 dòng). Bỏ qua.
2026-06-26 03:36:41,138 - [INFO] - 
--- [Phase2_DriftTest] Chunk 679/13411: dns2tcp_tunnel_1111_doh9_2020-04-01t11_49_39.819707 ---
2026-06-26 03:36:41,149 - [WARNING] - ⚠️ Chunk dns2tcp_tunnel_1111_doh9_2020-04-01t11_49_39.819707 quá nhỏ (1 dòng). Bỏ qua.
2026-06-26 03:36:41,149 - [INFO] - 
--- [Phase2_DriftTest] Chunk 680/13411: dns2tcp_tunnel_1111_doh9_2020-04-01t12_12_07.809841 ---
2026-06-26 03:36:41,160 - [WARNING] - ⚠️ Chunk dns2tcp_tunnel_1111_doh9_2020-04-01t12_12_07.809841 quá nhỏ (1 dòng). Bỏ qua.
2026-06-26 03:36:41,160 - [INFO] - 
--- [Phase2_DriftTest] Chunk 681/13411: dns2tcp_tunnel_1111_doh9_2020-04-01t12_34_35.904642 ---
2026-06-26 03:36:41,168 - [WARNING] - ⚠️ Chunk dns2tcp_tunnel_1111_doh9_2020-04-01t12_34_35.904642 quá nhỏ (1 dòng). Bỏ qua.
2026-06-26 03:36:41,168 - [INFO] - 
--- [Phase2_DriftTest] Chunk 682/13411: dns2tcp_tunnel_1111_doh9_2020-04-01t12_57_05.215338 ---
2026-06-26 03:36:41,174 - [WARNING] - ⚠️ Chunk dns2tcp_tunnel_1111_doh9_2020-04-01t12_57_05.215338 quá nhỏ (1 dòng). Bỏ qua.
2026-06-26 03:36:41,174 - [INFO] - 
--- [Phase2_DriftTest] Chunk 683/13411: dns2tcp_tunnel_1111_doh9_2020-04-01t13_19_34.141431 ---
2026-06-26 03:36:41,181 - [WARNING] - ⚠️ Chunk dns2tcp_tunnel_1111_doh9_2020-04-01t13_19_34.141431 quá nhỏ (1 dòng). Bỏ qua.
2026-06-26 03:36:41,181 - [INFO] - 
--- [Phase2_DriftTest] Chunk 684/13411: dns2tcp_tunnel_1111_doh9_2020-04-01t13_42_07.163530 ---
2026-06-26 03:36:41,187 - [WARNING] - ⚠️ Chunk dns2tcp_tunnel_1111_doh9_2020-04-01t13_42_07.163530 quá nhỏ (1 dòng). Bỏ qua.
2026-06-26 03:36:41,187 - [INFO] - 
--- [Phase2_DriftTest] Chunk 685/13411: dns2tcp_tunnel_1111_doh9_2020-04-01t14_04_41.460522 ---
2026-06-26 03:36:41,194 - [WARNING] - ⚠️ Chunk dns2tcp_tunnel_1111_doh9_2020-04-01t14_04_41.460522 quá nhỏ (1 dòng). Bỏ qua.
2026-06-26 03:36:41,194 - [INFO] - 
--- [Phase2_DriftTest] Chunk 686/13411: dns2tcp_tunnel_1111_doh9_2020-04-01t14_27_13.787506 ---
2026-06-26 03:36:41,201 - [WARNING] - ⚠️ Chunk dns2tcp_tunnel_1111_doh9_2020-04-01t14_27_13.787506 quá nhỏ (1 dòng). Bỏ qua.
2026-06-26 03:36:41,201 - [INFO] - 
--- [Phase2_DriftTest] Chunk 687/13411: dns2tcp_tunnel_1111_doh9_2020-04-01t14_49_48.769087 ---
2026-06-26 03:36:41,207 - [WARNING] - ⚠️ Chunk dns2tcp_tunnel_1111_doh9_2020-04-01t14_49_48.769087 quá nhỏ (1 dòng). Bỏ qua.
2026-06-26 03:36:41,207 - [INFO] - 
--- [Phase2_DriftTest] Chunk 688/13411: dns2tcp_tunnel_1111_doh9_2020-04-01t15_12_22.379998 ---
2026-06-26 03:36:41,214 - [WARNING] - ⚠️ Chunk dns2tcp_tunnel_1111_doh9_2020-04-01t15_12_22.379998 quá nhỏ (1 dòng). Bỏ qua.
2026-06-26 03:36:41,214 - [INFO] - 
--- [Phase2_DriftTest] Chunk 689/13411: dns2tcp_tunnel_1111_doh9_2020-04-01t15_34_53.551218 ---
2026-06-26 03:36:41,220 - [WARNING] - ⚠️ Chunk dns2tcp_tunnel_1111_doh9_2020-04-01t15_34_53.551218 quá nhỏ (1 dòng). Bỏ qua.
2026-06-26 03:36:41,221 - [INFO] - 
--- [Phase2_DriftTest] Chunk 690/13411: dns2tcp_tunnel_1111_doh9_2020-04-01t15_57_24.930180 ---
2026-06-26 03:36:41,228 - [WARNING] - ⚠️ Chunk dns2tcp_tunnel_1111_doh9_2020-04-01t15_57_24.930180 quá nhỏ (1 dòng). Bỏ qua.
2026-06-26 03:36:41,228 - [INFO] - 
--- [Phase2_DriftTest] Chunk 691/13411: dns2tcp_tunnel_1111_doh9_2020-04-01t16_19_53.543418 ---
2026-06-26 03:36:41,235 - [WARNING] - ⚠️ Chunk dns2tcp_tunnel_1111_doh9_2020-04-01t16_19_53.543418 quá nhỏ (1 dòng). Bỏ qua.
2026-06-26 03:36:41,235 - [INFO] - 
--- [Phase2_DriftTest] Chunk 692/13411: dns2tcp_tunnel_1111_doh9_2020-04-01t16_42_23.007218 ---
2026-06-26 03:36:41,242 - [WARNING] - ⚠️ Chunk dns2tcp_tunnel_1111_doh9_2020-04-01t16_42_23.007218 quá nhỏ (1 dòng). Bỏ qua.
2026-06-26 03:36:41,242 - [INFO] - 
--- [Phase2_DriftTest] Chunk 693/13411: dns2tcp_tunnel_1111_doh9_2020-04-01t17_04_53.300629 ---
2026-06-26 03:36:41,248 - [WARNING] - ⚠️ Chunk dns2tcp_tunnel_1111_doh9_2020-04-01t17_04_53.300629 quá nhỏ (1 dòng). Bỏ qua.
2026-06-26 03:36:41,248 - [INFO] - 
--- [Phase2_DriftTest] Chunk 694/13411: dns2tcp_tunnel_1111_doh9_2020-04-01t17_27_22.476369 ---
2026-06-26 03:36:41,255 - [WARNING] - ⚠️ Chunk dns2tcp_tunnel_1111_doh9_2020-04-01t17_27_22.476369 quá nhỏ (1 dòng). Bỏ qua.
2026-06-26 03:36:41,255 - [INFO] - 
--- [Phase2_DriftTest] Chunk 695/13411: dns2tcp_tunnel_1111_doh9_2020-04-01t17_49_58.876584 ---
2026-06-26 03:36:41,262 - [WARNING] - ⚠️ Chunk dns2tcp_tunnel_1111_doh9_2020-04-01t17_49_58.876584 quá nhỏ (1 dòng). Bỏ qua.
2026-06-26 03:36:41,262 - [INFO] - 
--- [Phase2_DriftTest] Chunk 696/13411: dns2tcp_tunnel_1111_doh9_2020-04-01t18_12_35.809640 ---
2026-06-26 03:36:41,269 - [WARNING] - ⚠️ Chunk dns2tcp_tunnel_1111_doh9_2020-04-01t18_12_35.809640 quá nhỏ (1 dòng). Bỏ qua.
2026-06-26 03:36:41,269 - [INFO] - 
--- [Phase2_DriftTest] Chunk 697/13411: dns2tcp_tunnel_1111_doh9_2020-04-01t18_35_13.924048 ---
2026-06-26 03:36:41,276 - [WARNING] - ⚠️ Chunk dns2tcp_tunnel_1111_doh9_2020-04-01t18_35_13.924048 quá nhỏ (1 dòng). Bỏ qua.
2026-06-26 03:36:41,276 - [INFO] - 
--- [Phase2_DriftTest] Chunk 698/13411: dns2tcp_tunnel_1111_doh9_2020-04-01t18_57_49.739401 ---
2026-06-26 03:36:41,283 - [WARNING] - ⚠️ Chunk dns2tcp_tunnel_1111_doh9_2020-04-01t18_57_49.739401 quá nhỏ (1 dòng). Bỏ qua.
2026-06-26 03:36:41,283 - [INFO] - 
--- [Phase2_DriftTest] Chunk 699/13411: dns2tcp_tunnel_1111_doh9_2020-04-01t19_20_21.342153 ---
2026-06-26 03:36:41,290 - [WARNING] - ⚠️ Chunk dns2tcp_tunnel_1111_doh9_2020-04-01t19_20_21.342153 quá nhỏ (1 dòng). Bỏ qua.
2026-06-26 03:36:41,290 - [INFO] - 
--- [Phase2_DriftTest] Chunk 700/13411: dns2tcp_tunnel_1111_doh9_2020-04-01t19_42_57.237792 ---
2026-06-26 03:36:41,297 - [WARNING] - ⚠️ Chunk dns2tcp_tunnel_1111_doh9_2020-04-01t19_42_57.237792 quá nhỏ (1 dòng). Bỏ qua.
2026-06-26 03:36:41,297 - [INFO] - 
--- [Phase2_DriftTest] Chunk 701/13411: dns2tcp_tunnel_1111_doh9_2020-04-01t20_05_27.845063 ---
2026-06-26 03:36:41,304 - [WARNING] - ⚠️ Chunk dns2tcp_tunnel_1111_doh9_2020-04-01t20_05_27.845063 quá nhỏ (1 dòng). Bỏ qua.
2026-06-26 03:36:41,304 - [INFO] - 
--- [Phase2_DriftTest] Chunk 702/13411: dns2tcp_tunnel_1111_doh9_2020-04-01t20_27_57.317844 ---
2026-06-26 03:36:41,311 - [WARNING] - ⚠️ Chunk dns2tcp_tunnel_1111_doh9_2020-04-01t20_27_57.317844 quá nhỏ (1 dòng). Bỏ qua.
2026-06-26 03:36:41,311 - [INFO] - 
--- [Phase2_DriftTest] Chunk 703/13411: dns2tcp_tunnel_1111_doh9_2020-04-01t20_50_26.223379 ---
2026-06-26 03:36:41,318 - [WARNING] - ⚠️ Chunk dns2tcp_tunnel_1111_doh9_2020-04-01t20_50_26.223379 quá nhỏ (1 dòng). Bỏ qua.
2026-06-26 03:36:41,318 - [INFO] - 
--- [Phase2_DriftTest] Chunk 704/13411: dns2tcp_tunnel_1111_doh9_2020-04-01t21_12_55.902317 ---
2026-06-26 03:36:41,325 - [WARNING] - ⚠️ Chunk dns2tcp_tunnel_1111_doh9_2020-04-01t21_12_55.902317 quá nhỏ (1 dòng). Bỏ qua.
2026-06-26 03:36:41,325 - [INFO] - 
--- [Phase2_DriftTest] Chunk 705/13411: dns2tcp_tunnel_1111_doh9_2020-04-01t21_35_25.878358 ---
2026-06-26 03:36:41,331 - [WARNING] - ⚠️ Chunk dns2tcp_tunnel_1111_doh9_2020-04-01t21_35_25.878358 quá nhỏ (1 dòng). Bỏ qua.
2026-06-26 03:36:41,332 - [INFO] - 
--- [Phase2_DriftTest] Chunk 706/13411: dns2tcp_tunnel_1111_doh9_2020-04-01t21_58_00.169039 ---
2026-06-26 03:36:41,339 - [WARNING] - ⚠️ Chunk dns2tcp_tunnel_1111_doh9_2020-04-01t21_58_00.169039 quá nhỏ (1 dòng). Bỏ qua.
2026-06-26 03:36:41,339 - [INFO] - 
--- [Phase2_DriftTest] Chunk 707/13411: dns2tcp_tunnel_1111_doh9_2020-04-01t22_20_33.488041 ---
2026-06-26 03:36:41,346 - [WARNING] - ⚠️ Chunk dns2tcp_tunnel_1111_doh9_2020-04-01t22_20_33.488041 quá nhỏ (1 dòng). Bỏ qua.
2026-06-26 03:36:41,346 - [INFO] - 
--- [Phase2_DriftTest] Chunk 708/13411: dns2tcp_tunnel_1111_doh9_2020-04-01t22_43_05.821853 ---
2026-06-26 03:36:41,353 - [WARNING] - ⚠️ Chunk dns2tcp_tunnel_1111_doh9_2020-04-01t22_43_05.821853 quá nhỏ (1 dòng). Bỏ qua.
2026-06-26 03:36:41,353 - [INFO] - 
--- [Phase2_DriftTest] Chunk 709/13411: dns2tcp_tunnel_1111_doh9_2020-04-01t23_05_39.298303 ---
2026-06-26 03:36:41,360 - [WARNING] - ⚠️ Chunk dns2tcp_tunnel_1111_doh9_2020-04-01t23_05_39.298303 quá nhỏ (1 dòng). Bỏ qua.
2026-06-26 03:36:41,360 - [INFO] - 
--- [Phase2_DriftTest] Chunk 710/13411: dns2tcp_tunnel_1111_doh9_2020-04-01t23_28_12.219523 ---
2026-06-26 03:36:41,367 - [WARNING] - ⚠️ Chunk dns2tcp_tunnel_1111_doh9_2020-04-01t23_28_12.219523 quá nhỏ (1 dòng). Bỏ qua.
2026-06-26 03:36:41,367 - [INFO] - 
--- [Phase2_DriftTest] Chunk 711/13411: dns2tcp_tunnel_1111_doh9_2020-04-01t23_50_44.649924 ---
2026-06-26 03:36:41,373 - [WARNING] - ⚠️ Chunk dns2tcp_tunnel_1111_doh9_2020-04-01t23_50_44.649924 quá nhỏ (1 dòng). Bỏ qua.
2026-06-26 03:36:41,373 - [INFO] - 
--- [Phase2_DriftTest] Chunk 712/13411: dns2tcp_tunnel_99911_doh10_2020-03-30t19_29_01.275487 ---
2026-06-26 03:36:41,380 - [WARNING] - ⚠️ Chunk dns2tcp_tunnel_99911_doh10_2020-03-30t19_29_01.275487 quá nhỏ (1 dòng). Bỏ qua.
2026-06-26 03:36:41,380 - [INFO] - 
--- [Phase2_DriftTest] Chunk 713/13411: dns2tcp_tunnel_99911_doh10_2020-03-30t19_52_00.352354 ---
2026-06-26 03:36:41,390 - [WARNING] - ⚠️ Chunk dns2tcp_tunnel_99911_doh10_2020-03-30t19_52_00.352354 quá nhỏ (1 dòng). Bỏ qua.
2026-06-26 03:36:41,390 - [INFO] - 
--- [Phase2_DriftTest] Chunk 714/13411: dns2tcp_tunnel_99911_doh10_2020-03-30t20_14_53.737987 ---
2026-06-26 03:36:41,398 - [WARNING] - ⚠️ Chunk dns2tcp_tunnel_99911_doh10_2020-03-30t20_14_53.737987 quá nhỏ (6 dòng). Bỏ qua.
2026-06-26 03:36:41,399 - [INFO] - 
--- [Phase2_DriftTest] Chunk 715/13411: dns2tcp_tunnel_99911_doh10_2020-03-30t20_38_28.859919 ---
2026-06-26 03:36:41,406 - [WARNING] - ⚠️ Chunk dns2tcp_tunnel_99911_doh10_2020-03-30t20_38_28.859919 quá nhỏ (6 dòng). Bỏ qua.
2026-06-26 03:36:41,406 - [INFO] - 
--- [Phase2_DriftTest] Chunk 716/13411: dns2tcp_tunnel_99911_doh10_2020-03-30t21_02_04.628792 ---
2026-06-26 03:36:41,413 - [WARNING] - ⚠️ Chunk dns2tcp_tunnel_99911_doh10_2020-03-30t21_02_04.628792 quá nhỏ (5 dòng). Bỏ qua.
2026-06-26 03:36:41,414 - [INFO] - 
--- [Phase2_DriftTest] Chunk 717/13411: dns2tcp_tunnel_99911_doh10_2020-03-30t21_24_57.269335 ---
2026-06-26 03:36:41,421 - [WARNING] - ⚠️ Chunk dns2tcp_tunnel_99911_doh10_2020-03-30t21_24_57.269335 quá nhỏ (8 dòng). Bỏ qua.
2026-06-26 03:36:41,421 - [INFO] - 
--- [Phase2_DriftTest] Chunk 718/13411: dns2tcp_tunnel_99911_doh10_2020-03-30t21_47_44.394911 ---
2026-06-26 03:36:41,428 - [WARNING] - ⚠️ Chunk dns2tcp_tunnel_99911_doh10_2020-03-30t21_47_44.394911 quá nhỏ (6 dòng). Bỏ qua.
2026-06-26 03:36:41,428 - [INFO] - 
--- [Phase2_DriftTest] Chunk 719/13411: dns2tcp_tunnel_99911_doh10_2020-03-30t22_10_23.521383 ---
2026-06-26 03:36:41,437 - [WARNING] - ⚠️ Chunk dns2tcp_tunnel_99911_doh10_2020-03-30t22_10_23.521383 quá nhỏ (9 dòng). Bỏ qua.
2026-06-26 03:36:41,437 - [INFO] - 
--- [Phase2_DriftTest] Chunk 720/13411: dns2tcp_tunnel_99911_doh10_2020-03-30t22_32_59.693494 ---
2026-06-26 03:36:41,445 - [WARNING] - ⚠️ Chunk dns2tcp_tunnel_99911_doh10_2020-03-30t22_32_59.693494 quá nhỏ (7 dòng). Bỏ qua.
2026-06-26 03:36:41,445 - [INFO] - 
--- [Phase2_DriftTest] Chunk 721/13411: dns2tcp_tunnel_99911_doh10_2020-03-30t22_55_36.495418 ---
2026-06-26 03:36:41,453 - [WARNING] - ⚠️ Chunk dns2tcp_tunnel_99911_doh10_2020-03-30t22_55_36.495418 quá nhỏ (7 dòng). Bỏ qua.
2026-06-26 03:36:41,453 - [INFO] - 
--- [Phase2_DriftTest] Chunk 722/13411: dns2tcp_tunnel_99911_doh10_2020-03-30t23_18_08.993977 ---
2026-06-26 03:36:41,460 - [WARNING] - ⚠️ Chunk dns2tcp_tunnel_99911_doh10_2020-03-30t23_18_08.993977 quá nhỏ (7 dòng). Bỏ qua.
2026-06-26 03:36:41,460 - [INFO] - 
--- [Phase2_DriftTest] Chunk 723/13411: dns2tcp_tunnel_99911_doh10_2020-03-30t23_40_42.099501 ---
2026-06-26 03:36:41,467 - [WARNING] - ⚠️ Chunk dns2tcp_tunnel_99911_doh10_2020-03-30t23_40_42.099501 quá nhỏ (7 dòng). Bỏ qua.
2026-06-26 03:36:41,467 - [INFO] - 
--- [Phase2_DriftTest] Chunk 724/13411: dns2tcp_tunnel_99911_doh10_2020-03-31t00_03_18.965975 ---
2026-06-26 03:36:41,475 - [WARNING] - ⚠️ Chunk dns2tcp_tunnel_99911_doh10_2020-03-31t00_03_18.965975 quá nhỏ (7 dòng). Bỏ qua.
2026-06-26 03:36:41,475 - [INFO] - 
--- [Phase2_DriftTest] Chunk 725/13411: dns2tcp_tunnel_99911_doh10_2020-03-31t00_25_53.490166 ---
2026-06-26 03:36:41,482 - [WARNING] - ⚠️ Chunk dns2tcp_tunnel_99911_doh10_2020-03-31t00_25_53.490166 quá nhỏ (7 dòng). Bỏ qua.
2026-06-26 03:36:41,482 - [INFO] - 
--- [Phase2_DriftTest] Chunk 726/13411: dns2tcp_tunnel_99911_doh10_2020-03-31t00_48_32.137398 ---
2026-06-26 03:36:41,489 - [WARNING] - ⚠️ Chunk dns2tcp_tunnel_99911_doh10_2020-03-31t00_48_32.137398 quá nhỏ (7 dòng). Bỏ qua.
2026-06-26 03:36:41,489 - [INFO] - 
--- [Phase2_DriftTest] Chunk 727/13411: dns2tcp_tunnel_99911_doh10_2020-03-31t01_11_11.175423 ---
2026-06-26 03:36:41,496 - [WARNING] - ⚠️ Chunk dns2tcp_tunnel_99911_doh10_2020-03-31t01_11_11.175423 quá nhỏ (7 dòng). Bỏ qua.
2026-06-26 03:36:41,496 - [INFO] - 
--- [Phase2_DriftTest] Chunk 728/13411: dns2tcp_tunnel_99911_doh10_2020-03-31t01_33_50.184478 ---
2026-06-26 03:36:41,503 - [WARNING] - ⚠️ Chunk dns2tcp_tunnel_99911_doh10_2020-03-31t01_33_50.184478 quá nhỏ (7 dòng). Bỏ qua.
2026-06-26 03:36:41,503 - [INFO] - 
--- [Phase2_DriftTest] Chunk 729/13411: dns2tcp_tunnel_99911_doh10_2020-03-31t01_56_28.642906 ---
2026-06-26 03:36:41,510 - [WARNING] - ⚠️ Chunk dns2tcp_tunnel_99911_doh10_2020-03-31t01_56_28.642906 quá nhỏ (7 dòng). Bỏ qua.
2026-06-26 03:36:41,510 - [INFO] - 
--- [Phase2_DriftTest] Chunk 730/13411: dns2tcp_tunnel_99911_doh10_2020-03-31t02_19_08.554448 ---
2026-06-26 03:36:41,517 - [WARNING] - ⚠️ Chunk dns2tcp_tunnel_99911_doh10_2020-03-31t02_19_08.554448 quá nhỏ (7 dòng). Bỏ qua.
2026-06-26 03:36:41,517 - [INFO] - 
--- [Phase2_DriftTest] Chunk 731/13411: dns2tcp_tunnel_99911_doh10_2020-03-31t02_41_47.454073 ---
2026-06-26 03:36:41,524 - [WARNING] - ⚠️ Chunk dns2tcp_tunnel_99911_doh10_2020-03-31t02_41_47.454073 quá nhỏ (7 dòng). Bỏ qua.
2026-06-26 03:36:41,524 - [INFO] - 
--- [Phase2_DriftTest] Chunk 732/13411: dns2tcp_tunnel_99911_doh10_2020-03-31t03_04_21.045929 ---
2026-06-26 03:36:41,531 - [WARNING] - ⚠️ Chunk dns2tcp_tunnel_99911_doh10_2020-03-31t03_04_21.045929 quá nhỏ (7 dòng). Bỏ qua.
2026-06-26 03:36:41,531 - [INFO] - 
--- [Phase2_DriftTest] Chunk 733/13411: dns2tcp_tunnel_99911_doh10_2020-03-31t03_26_55.721687 ---
2026-06-26 03:36:41,537 - [WARNING] - ⚠️ Chunk dns2tcp_tunnel_99911_doh10_2020-03-31t03_26_55.721687 quá nhỏ (7 dòng). Bỏ qua.
2026-06-26 03:36:41,538 - [INFO] - 
--- [Phase2_DriftTest] Chunk 734/13411: dns2tcp_tunnel_99911_doh10_2020-03-31t03_49_30.072131 ---
2026-06-26 03:36:41,545 - [WARNING] - ⚠️ Chunk dns2tcp_tunnel_99911_doh10_2020-03-31t03_49_30.072131 quá nhỏ (8 dòng). Bỏ qua.
2026-06-26 03:36:41,545 - [INFO] - 
--- [Phase2_DriftTest] Chunk 735/13411: dns2tcp_tunnel_99911_doh10_2020-03-31t04_12_03.540198 ---
2026-06-26 03:36:41,551 - [WARNING] - ⚠️ Chunk dns2tcp_tunnel_99911_doh10_2020-03-31t04_12_03.540198 quá nhỏ (7 dòng). Bỏ qua.
2026-06-26 03:36:41,552 - [INFO] - 
--- [Phase2_DriftTest] Chunk 736/13411: dns2tcp_tunnel_99911_doh10_2020-03-31t04_34_37.279160 ---
2026-06-26 03:36:41,558 - [WARNING] - ⚠️ Chunk dns2tcp_tunnel_99911_doh10_2020-03-31t04_34_37.279160 quá nhỏ (7 dòng). Bỏ qua.
2026-06-26 03:36:41,558 - [INFO] - 
--- [Phase2_DriftTest] Chunk 737/13411: dns2tcp_tunnel_99911_doh10_2020-03-31t04_57_14.936835 ---
2026-06-26 03:36:41,564 - [WARNING] - ⚠️ Chunk dns2tcp_tunnel_99911_doh10_2020-03-31t04_57_14.936835 quá nhỏ (7 dòng). Bỏ qua.
2026-06-26 03:36:41,565 - [INFO] - 
--- [Phase2_DriftTest] Chunk 738/13411: dns2tcp_tunnel_99911_doh10_2020-03-31t05_19_52.677832 ---
2026-06-26 03:36:41,571 - [WARNING] - ⚠️ Chunk dns2tcp_tunnel_99911_doh10_2020-03-31t05_19_52.677832 quá nhỏ (7 dòng). Bỏ qua.
2026-06-26 03:36:41,571 - [INFO] - 
--- [Phase2_DriftTest] Chunk 739/13411: dns2tcp_tunnel_99911_doh10_2020-03-31t05_42_30.659892 ---
2026-06-26 03:36:41,578 - [WARNING] - ⚠️ Chunk dns2tcp_tunnel_99911_doh10_2020-03-31t05_42_30.659892 quá nhỏ (7 dòng). Bỏ qua.
2026-06-26 03:36:41,578 - [INFO] - 
--- [Phase2_DriftTest] Chunk 740/13411: dns2tcp_tunnel_99911_doh10_2020-03-31t06_05_11.066321 ---
2026-06-26 03:36:41,585 - [WARNING] - ⚠️ Chunk dns2tcp_tunnel_99911_doh10_2020-03-31t06_05_11.066321 quá nhỏ (7 dòng). Bỏ qua.
2026-06-26 03:36:41,585 - [INFO] - 
--- [Phase2_DriftTest] Chunk 741/13411: dns2tcp_tunnel_99911_doh10_2020-03-31t06_27_53.535674 ---
2026-06-26 03:36:41,591 - [WARNING] - ⚠️ Chunk dns2tcp_tunnel_99911_doh10_2020-03-31t06_27_53.535674 quá nhỏ (7 dòng). Bỏ qua.
2026-06-26 03:36:41,591 - [INFO] - 
--- [Phase2_DriftTest] Chunk 742/13411: dns2tcp_tunnel_99911_doh10_2020-03-31t06_50_32.348466 ---
2026-06-26 03:36:41,598 - [WARNING] - ⚠️ Chunk dns2tcp_tunnel_99911_doh10_2020-03-31t06_50_32.348466 quá nhỏ (7 dòng). Bỏ qua.
2026-06-26 03:36:41,598 - [INFO] - 
--- [Phase2_DriftTest] Chunk 743/13411: dns2tcp_tunnel_99911_doh10_2020-03-31t07_13_12.180184 ---
2026-06-26 03:36:41,605 - [WARNING] - ⚠️ Chunk dns2tcp_tunnel_99911_doh10_2020-03-31t07_13_12.180184 quá nhỏ (8 dòng). Bỏ qua.
2026-06-26 03:36:41,605 - [INFO] - 
--- [Phase2_DriftTest] Chunk 744/13411: dns2tcp_tunnel_99911_doh10_2020-03-31t07_35_48.659090 ---
2026-06-26 03:36:41,613 - [WARNING] - ⚠️ Chunk dns2tcp_tunnel_99911_doh10_2020-03-31t07_35_48.659090 quá nhỏ (7 dòng). Bỏ qua.
2026-06-26 03:36:41,613 - [INFO] - 
--- [Phase2_DriftTest] Chunk 745/13411: dns2tcp_tunnel_99911_doh10_2020-03-31t07_58_20.826286 ---
2026-06-26 03:36:41,620 - [WARNING] - ⚠️ Chunk dns2tcp_tunnel_99911_doh10_2020-03-31t07_58_20.826286 quá nhỏ (7 dòng). Bỏ qua.
2026-06-26 03:36:41,620 - [INFO] - 
--- [Phase2_DriftTest] Chunk 746/13411: dns2tcp_tunnel_99911_doh10_2020-03-31t08_20_56.860006 ---
2026-06-26 03:36:41,627 - [WARNING] - ⚠️ Chunk dns2tcp_tunnel_99911_doh10_2020-03-31t08_20_56.860006 quá nhỏ (7 dòng). Bỏ qua.
2026-06-26 03:36:41,627 - [INFO] - 
--- [Phase2_DriftTest] Chunk 747/13411: dns2tcp_tunnel_99911_doh10_2020-03-31t08_43_35.388576 ---
2026-06-26 03:36:41,634 - [WARNING] - ⚠️ Chunk dns2tcp_tunnel_99911_doh10_2020-03-31t08_43_35.388576 quá nhỏ (7 dòng). Bỏ qua.
2026-06-26 03:36:41,634 - [INFO] - 
--- [Phase2_DriftTest] Chunk 748/13411: dns2tcp_tunnel_99911_doh10_2020-03-31t09_06_14.156546 ---
2026-06-26 03:36:41,641 - [WARNING] - ⚠️ Chunk dns2tcp_tunnel_99911_doh10_2020-03-31t09_06_14.156546 quá nhỏ (7 dòng). Bỏ qua.
2026-06-26 03:36:41,641 - [INFO] - 
--- [Phase2_DriftTest] Chunk 749/13411: dns2tcp_tunnel_99911_doh10_2020-03-31t09_28_54.227384 ---
2026-06-26 03:36:41,649 - [WARNING] - ⚠️ Chunk dns2tcp_tunnel_99911_doh10_2020-03-31t09_28_54.227384 quá nhỏ (7 dòng). Bỏ qua.
2026-06-26 03:36:41,649 - [INFO] - 
--- [Phase2_DriftTest] Chunk 750/13411: dns2tcp_tunnel_99911_doh10_2020-03-31t09_51_39.782772 ---
2026-06-26 03:36:41,658 - [WARNING] - ⚠️ Chunk dns2tcp_tunnel_99911_doh10_2020-03-31t09_51_39.782772 quá nhỏ (7 dòng). Bỏ qua.
2026-06-26 03:36:41,658 - [INFO] - 
--- [Phase2_DriftTest] Chunk 751/13411: dns2tcp_tunnel_99911_doh10_2020-03-31t10_14_24.855361 ---
2026-06-26 03:36:41,664 - [WARNING] - ⚠️ Chunk dns2tcp_tunnel_99911_doh10_2020-03-31t10_14_24.855361 quá nhỏ (7 dòng). Bỏ qua.
2026-06-26 03:36:41,665 - [INFO] - 
--- [Phase2_DriftTest] Chunk 752/13411: dns2tcp_tunnel_99911_doh10_2020-03-31t10_37_07.841741 ---
2026-06-26 03:36:41,672 - [WARNING] - ⚠️ Chunk dns2tcp_tunnel_99911_doh10_2020-03-31t10_37_07.841741 quá nhỏ (7 dòng). Bỏ qua.
2026-06-26 03:36:41,672 - [INFO] - 
--- [Phase2_DriftTest] Chunk 753/13411: dns2tcp_tunnel_99911_doh10_2020-03-31t10_59_53.217370 ---
2026-06-26 03:36:41,679 - [WARNING] - ⚠️ Chunk dns2tcp_tunnel_99911_doh10_2020-03-31t10_59_53.217370 quá nhỏ (7 dòng). Bỏ qua.
2026-06-26 03:36:41,679 - [INFO] - 
--- [Phase2_DriftTest] Chunk 754/13411: dns2tcp_tunnel_99911_doh10_2020-03-31t11_22_31.430399 ---
2026-06-26 03:36:41,686 - [WARNING] - ⚠️ Chunk dns2tcp_tunnel_99911_doh10_2020-03-31t11_22_31.430399 quá nhỏ (7 dòng). Bỏ qua.
2026-06-26 03:36:41,686 - [INFO] - 
--- [Phase2_DriftTest] Chunk 755/13411: dns2tcp_tunnel_99911_doh10_2020-03-31t11_45_12.596724 ---
2026-06-26 03:36:41,693 - [WARNING] - ⚠️ Chunk dns2tcp_tunnel_99911_doh10_2020-03-31t11_45_12.596724 quá nhỏ (7 dòng). Bỏ qua.
2026-06-26 03:36:41,693 - [INFO] - 
--- [Phase2_DriftTest] Chunk 756/13411: dns2tcp_tunnel_99911_doh10_2020-03-31t12_07_52.822495 ---
2026-06-26 03:36:41,700 - [WARNING] - ⚠️ Chunk dns2tcp_tunnel_99911_doh10_2020-03-31t12_07_52.822495 quá nhỏ (7 dòng). Bỏ qua.
2026-06-26 03:36:41,700 - [INFO] - 
--- [Phase2_DriftTest] Chunk 757/13411: dns2tcp_tunnel_99911_doh10_2020-03-31t12_30_34.308477 ---
2026-06-26 03:36:41,707 - [WARNING] - ⚠️ Chunk dns2tcp_tunnel_99911_doh10_2020-03-31t12_30_34.308477 quá nhỏ (7 dòng). Bỏ qua.
2026-06-26 03:36:41,707 - [INFO] - 
--- [Phase2_DriftTest] Chunk 758/13411: dns2tcp_tunnel_99911_doh10_2020-03-31t12_53_14.723810 ---
2026-06-26 03:36:41,714 - [WARNING] - ⚠️ Chunk dns2tcp_tunnel_99911_doh10_2020-03-31t12_53_14.723810 quá nhỏ (7 dòng). Bỏ qua.
2026-06-26 03:36:41,714 - [INFO] - 
--- [Phase2_DriftTest] Chunk 759/13411: dns2tcp_tunnel_99911_doh10_2020-03-31t13_15_54.813732 ---
2026-06-26 03:36:41,722 - [WARNING] - ⚠️ Chunk dns2tcp_tunnel_99911_doh10_2020-03-31t13_15_54.813732 quá nhỏ (7 dòng). Bỏ qua.
2026-06-26 03:36:41,722 - [INFO] - 
--- [Phase2_DriftTest] Chunk 760/13411: dns2tcp_tunnel_99911_doh10_2020-03-31t13_38_33.840296 ---
2026-06-26 03:36:41,728 - [WARNING] - ⚠️ Chunk dns2tcp_tunnel_99911_doh10_2020-03-31t13_38_33.840296 quá nhỏ (7 dòng). Bỏ qua.
2026-06-26 03:36:41,728 - [INFO] - 
--- [Phase2_DriftTest] Chunk 761/13411: dns2tcp_tunnel_99911_doh10_2020-03-31t14_01_12.320189 ---
2026-06-26 03:36:41,735 - [WARNING] - ⚠️ Chunk dns2tcp_tunnel_99911_doh10_2020-03-31t14_01_12.320189 quá nhỏ (7 dòng). Bỏ qua.
2026-06-26 03:36:41,735 - [INFO] - 
--- [Phase2_DriftTest] Chunk 762/13411: dns2tcp_tunnel_99911_doh10_2020-03-31t14_23_51.114870 ---
2026-06-26 03:36:41,742 - [WARNING] - ⚠️ Chunk dns2tcp_tunnel_99911_doh10_2020-03-31t14_23_51.114870 quá nhỏ (7 dòng). Bỏ qua.
2026-06-26 03:36:41,742 - [INFO] - 
--- [Phase2_DriftTest] Chunk 763/13411: dns2tcp_tunnel_99911_doh10_2020-03-31t14_46_27.651036 ---
2026-06-26 03:36:41,749 - [WARNING] - ⚠️ Chunk dns2tcp_tunnel_99911_doh10_2020-03-31t14_46_27.651036 quá nhỏ (7 dòng). Bỏ qua.
2026-06-26 03:36:41,749 - [INFO] - 
--- [Phase2_DriftTest] Chunk 764/13411: dns2tcp_tunnel_99911_doh10_2020-03-31t15_09_06.290533 ---
2026-06-26 03:36:41,756 - [WARNING] - ⚠️ Chunk dns2tcp_tunnel_99911_doh10_2020-03-31t15_09_06.290533 quá nhỏ (7 dòng). Bỏ qua.
2026-06-26 03:36:41,756 - [INFO] - 
--- [Phase2_DriftTest] Chunk 765/13411: dns2tcp_tunnel_99911_doh10_2020-03-31t15_31_44.477427 ---
2026-06-26 03:36:41,763 - [WARNING] - ⚠️ Chunk dns2tcp_tunnel_99911_doh10_2020-03-31t15_31_44.477427 quá nhỏ (7 dòng). Bỏ qua.
2026-06-26 03:36:41,763 - [INFO] - 
--- [Phase2_DriftTest] Chunk 766/13411: dns2tcp_tunnel_99911_doh10_2020-03-31t15_54_17.732967 ---
2026-06-26 03:36:41,770 - [WARNING] - ⚠️ Chunk dns2tcp_tunnel_99911_doh10_2020-03-31t15_54_17.732967 quá nhỏ (7 dòng). Bỏ qua.
2026-06-26 03:36:41,770 - [INFO] - 
--- [Phase2_DriftTest] Chunk 767/13411: dns2tcp_tunnel_99911_doh10_2020-03-31t16_16_51.526325 ---
2026-06-26 03:36:41,777 - [WARNING] - ⚠️ Chunk dns2tcp_tunnel_99911_doh10_2020-03-31t16_16_51.526325 quá nhỏ (7 dòng). Bỏ qua.
2026-06-26 03:36:41,777 - [INFO] - 
--- [Phase2_DriftTest] Chunk 768/13411: dns2tcp_tunnel_99911_doh10_2020-03-31t16_39_24.523443 ---
2026-06-26 03:36:41,785 - [WARNING] - ⚠️ Chunk dns2tcp_tunnel_99911_doh10_2020-03-31t16_39_24.523443 quá nhỏ (7 dòng). Bỏ qua.
2026-06-26 03:36:41,785 - [INFO] - 
--- [Phase2_DriftTest] Chunk 769/13411: dns2tcp_tunnel_99911_doh10_2020-03-31t17_01_57.407125 ---
2026-06-26 03:36:41,792 - [WARNING] - ⚠️ Chunk dns2tcp_tunnel_99911_doh10_2020-03-31t17_01_57.407125 quá nhỏ (7 dòng). Bỏ qua.
2026-06-26 03:36:41,793 - [INFO] - 
--- [Phase2_DriftTest] Chunk 770/13411: dns2tcp_tunnel_99911_doh10_2020-03-31t17_24_30.546790 ---
2026-06-26 03:36:41,800 - [WARNING] - ⚠️ Chunk dns2tcp_tunnel_99911_doh10_2020-03-31t17_24_30.546790 quá nhỏ (7 dòng). Bỏ qua.
2026-06-26 03:36:41,800 - [INFO] - 
--- [Phase2_DriftTest] Chunk 771/13411: dns2tcp_tunnel_99911_doh10_2020-03-31t17_47_03.145021 ---
2026-06-26 03:36:41,807 - [WARNING] - ⚠️ Chunk dns2tcp_tunnel_99911_doh10_2020-03-31t17_47_03.145021 quá nhỏ (7 dòng). Bỏ qua.
2026-06-26 03:36:41,808 - [INFO] - 
--- [Phase2_DriftTest] Chunk 772/13411: dns2tcp_tunnel_99911_doh10_2020-03-31t18_09_33.908989 ---
2026-06-26 03:36:41,815 - [WARNING] - ⚠️ Chunk dns2tcp_tunnel_99911_doh10_2020-03-31t18_09_33.908989 quá nhỏ (7 dòng). Bỏ qua.
2026-06-26 03:36:41,815 - [INFO] - 
--- [Phase2_DriftTest] Chunk 773/13411: dns2tcp_tunnel_99911_doh10_2020-03-31t18_32_06.093518 ---
2026-06-26 03:36:41,822 - [WARNING] - ⚠️ Chunk dns2tcp_tunnel_99911_doh10_2020-03-31t18_32_06.093518 quá nhỏ (7 dòng). Bỏ qua.
2026-06-26 03:36:41,822 - [INFO] - 
--- [Phase2_DriftTest] Chunk 774/13411: dns2tcp_tunnel_99911_doh10_2020-03-31t18_54_36.472362 ---
2026-06-26 03:36:41,829 - [WARNING] - ⚠️ Chunk dns2tcp_tunnel_99911_doh10_2020-03-31t18_54_36.472362 quá nhỏ (7 dòng). Bỏ qua.
2026-06-26 03:36:41,829 - [INFO] - 
--- [Phase2_DriftTest] Chunk 775/13411: dns2tcp_tunnel_99911_doh10_2020-03-31t19_17_05.392027 ---
2026-06-26 03:36:41,836 - [WARNING] - ⚠️ Chunk dns2tcp_tunnel_99911_doh10_2020-03-31t19_17_05.392027 quá nhỏ (7 dòng). Bỏ qua.
2026-06-26 03:36:41,836 - [INFO] - 
--- [Phase2_DriftTest] Chunk 776/13411: dns2tcp_tunnel_99911_doh10_2020-03-31t19_39_34.462626 ---
2026-06-26 03:36:41,843 - [WARNING] - ⚠️ Chunk dns2tcp_tunnel_99911_doh10_2020-03-31t19_39_34.462626 quá nhỏ (7 dòng). Bỏ qua.
2026-06-26 03:36:41,843 - [INFO] - 
--- [Phase2_DriftTest] Chunk 777/13411: dns2tcp_tunnel_99911_doh10_2020-03-31t20_02_03.323428 ---
2026-06-26 03:36:41,849 - [WARNING] - ⚠️ Chunk dns2tcp_tunnel_99911_doh10_2020-03-31t20_02_03.323428 quá nhỏ (7 dòng). Bỏ qua.
2026-06-26 03:36:41,849 - [INFO] - 
--- [Phase2_DriftTest] Chunk 778/13411: dns2tcp_tunnel_99911_doh10_2020-03-31t20_24_32.210338 ---
2026-06-26 03:36:41,856 - [WARNING] - ⚠️ Chunk dns2tcp_tunnel_99911_doh10_2020-03-31t20_24_32.210338 quá nhỏ (7 dòng). Bỏ qua.
2026-06-26 03:36:41,856 - [INFO] - 
--- [Phase2_DriftTest] Chunk 779/13411: dns2tcp_tunnel_99911_doh10_2020-03-31t20_47_00.848014 ---
2026-06-26 03:36:41,864 - [WARNING] - ⚠️ Chunk dns2tcp_tunnel_99911_doh10_2020-03-31t20_47_00.848014 quá nhỏ (7 dòng). Bỏ qua.
2026-06-26 03:36:41,864 - [INFO] - 
--- [Phase2_DriftTest] Chunk 780/13411: dns2tcp_tunnel_99911_doh10_2020-03-31t21_09_30.164025 ---
2026-06-26 03:36:41,871 - [WARNING] - ⚠️ Chunk dns2tcp_tunnel_99911_doh10_2020-03-31t21_09_30.164025 quá nhỏ (7 dòng). Bỏ qua.
2026-06-26 03:36:41,872 - [INFO] - 
--- [Phase2_DriftTest] Chunk 781/13411: dns2tcp_tunnel_99911_doh10_2020-03-31t21_31_58.774601 ---
2026-06-26 03:36:41,879 - [WARNING] - ⚠️ Chunk dns2tcp_tunnel_99911_doh10_2020-03-31t21_31_58.774601 quá nhỏ (7 dòng). Bỏ qua.
2026-06-26 03:36:41,879 - [INFO] - 
--- [Phase2_DriftTest] Chunk 782/13411: dns2tcp_tunnel_99911_doh1_2020-03-30t19_28_48.469824 ---
2026-06-26 03:36:41,887 - [WARNING] - ⚠️ Chunk dns2tcp_tunnel_99911_doh1_2020-03-30t19_28_48.469824 quá nhỏ (3 dòng). Bỏ qua.
2026-06-26 03:36:41,887 - [INFO] - 
--- [Phase2_DriftTest] Chunk 783/13411: dns2tcp_tunnel_99911_doh1_2020-03-30t19_51_49.103297 ---
2026-06-26 03:36:41,894 - [WARNING] - ⚠️ Chunk dns2tcp_tunnel_99911_doh1_2020-03-30t19_51_49.103297 quá nhỏ (2 dòng). Bỏ qua.
2026-06-26 03:36:41,894 - [INFO] - 
--- [Phase2_DriftTest] Chunk 784/13411: dns2tcp_tunnel_99911_doh1_2020-03-30t20_14_43.990740 ---
2026-06-26 03:36:41,901 - [WARNING] - ⚠️ Chunk dns2tcp_tunnel_99911_doh1_2020-03-30t20_14_43.990740 quá nhỏ (2 dòng). Bỏ qua.
2026-06-26 03:36:41,901 - [INFO] - 
--- [Phase2_DriftTest] Chunk 785/13411: dns2tcp_tunnel_99911_doh1_2020-03-30t20_38_05.584040 ---
2026-06-26 03:36:43,693 - [INFO] - 📊 [TEST] F1-macro trên dns2tcp_tunnel_99911_doh1_2020-03-30t20_38_05.584040: 0.0000 | Entropy: 0.8813
2026-06-26 03:36:43,693 - [INFO] - 
              precision    recall  f1-score   support

      Benign     0.0000    0.0000    0.0000       0.0
      Botnet     0.0000    0.0000    0.0000       0.0
 Brute_Force     0.0000    0.0000    0.0000       0.0
        DDoS     0.0000    0.0000    0.0000       0.0
         DoS     0.0000    0.0000    0.0000       0.0
Infiltration     0.0000    0.0000    0.0000       0.0
Other_Attack     0.0000    0.0000    0.0000       3.0
    PortScan     0.0000    0.0000    0.0000       0.0
  Web_Attack     0.0000    0.0000    0.0000       0.0

   micro avg     0.0000    0.0000    0.0000       3.0
   macro avg     0.0000    0.0000    0.0000       3.0
weighted avg     0.0000    0.0000    0.0000       3.0

2026-06-26 03:36:45,480 - [INFO] -       [Fine-tune] Epoch 1/1 - Loss: 0.0065
2026-06-26 03:36:47,257 - [INFO] - 📈 S_rep: 0.938566 (Ngưỡng: 0.833860) 
2026-06-26 03:36:47,258 - [INFO] - 📈 S_KAN: 0.012777 (Ngưỡng: 0.005000) 
2026-06-26 03:36:47,258 - [INFO] - 🎯 Kết luận: Type III: Severe Concept Drift → 🔴 DRIFT DETECTED!
2026-06-26 03:36:47,258 - [WARNING] - ⚠️ CẢNH BÁO: POTENTIAL NOVEL ATTACK DETECTED! (Confidence Entropy vượt ngưỡng P95)
2026-06-26 03:36:47,258 - [INFO] - ⚡ Kích hoạt chế độ THÍCH NGHI SÂU (Mix Buffer)...
