Experiment,Chunk_Index,F1_Macro
Full_Drift-TKAN,0,0.0000
Full_Drift-TKAN,1,0.0000
Full_Drift-TKAN,2,0.1392
Full_Drift-TKAN,3,0.1236
Full_Drift-TKAN,4,0.1229
Full_Drift-TKAN,5,0.1610
Full_Drift-TKAN,6,0.1207
Full_Drift-TKAN,7,0.1662
Full_Drift-TKAN,8,0.1663
Full_Drift-TKAN,9,0.1710
Full_Drift-TKAN,10,0.0000
Full_Drift-TKAN,11,0.0000
Full_Drift-TKAN,12,0.0000
Full_Drift-TKAN,13,0.0000
Full_Drift-TKAN,14,0.0000
Full_Drift-TKAN,15,0.0000
Full_Drift-TKAN,16,0.0000
Full_Drift-TKAN,17,0.0000
Full_Drift-TKAN,18,0.0000
Full_Drift-TKAN,19,0.0000
Full_Drift-TKAN,20,0.0000
Full_Drift-TKAN,21,0.0000
Full_Drift-TKAN,22,0.0000
Full_Drift-TKAN,23,0.0000
Full_Drift-TKAN,24,0.0000
Full_Drift-TKAN,25,0.0000
Full_Drift-TKAN,26,0.0000
Full_Drift-TKAN,27,0.0000
Full_Drift-TKAN,28,0.0000
Full_Drift-TKAN,29,0.0000
Full_Drift-TKAN,30,0.0000
Full_Drift-TKAN,31,0.0000
Full_Drift-TKAN,32,0.0000
Full_Drift-TKAN,33,0.0000
Full_Drift-TKAN,34,0.0000
Full_Drift-TKAN,35,0.0000
Full_Drift-TKAN,36,0.0000
Full_Drift-TKAN,37,0.0000
Full_Drift-TKAN,38,0.0000
Full_Drift-TKAN,39,0.0000
Full_Drift-TKAN,40,0.0000
Full_Drift-TKAN,41,0.0000
Full_Drift-TKAN,42,0.0000
Full_Drift-TKAN,43,0.0000
Full_Drift-TKAN,44,0.0000
Full_Drift-TKAN,45,0.0000
Full_Drift-TKAN,46,0.0000
Full_Drift-TKAN,47,0.0000
Full_Drift-TKAN,48,0.0000
Full_Drift-TKAN,49,0.0000
Full_Drift-TKAN,50,0.0000
Full_Drift-TKAN,51,0.0000
Full_Drift-TKAN,52,0.0000
Full_Drift-TKAN,53,0.0000
Full_Drift-TKAN,54,0.0000
Full_Drift-TKAN,55,0.0000
Full_Drift-TKAN,56,0.0000
Full_Drift-TKAN,57,0.0000
Full_Drift-TKAN,58,0.0000
Full_Drift-TKAN,59,0.0000
Full_Drift-TKAN,60,0.0000
Full_Drift-TKAN,61,0.0000
Full_Drift-TKAN,62,0.0000
Full_Drift-TKAN,63,0.0000
Full_Drift-TKAN,64,0.0000
Full_Drift-TKAN,65,0.0000
Full_Drift-TKAN,66,0.0000
Full_Drift-TKAN,67,0.0000
Full_Drift-TKAN,68,0.0000
Full_Drift-TKAN,69,0.0000
Full_Drift-TKAN,70,0.0000
Full_Drift-TKAN,71,0.0000
Full_Drift-TKAN,72,0.0000
Full_Drift-TKAN,73,0.0000
Full_Drift-TKAN,74,0.0000
Full_Drift-TKAN,75,0.0000
Full_Drift-TKAN,76,0.0000
Full_Drift-TKAN,77,0.0000
Full_Drift-TKAN,78,0.0000
Full_Drift-TKAN,79,0.0000
Full_Drift-TKAN,80,0.0000
Full_Drift-TKAN,81,0.0000
Full_Drift-TKAN,82,0.0000
Full_Drift-TKAN,83,0.0000
Full_Drift-TKAN,84,0.0000
Full_Drift-TKAN,85,0.0000
Full_Drift-TKAN,86,0.0000
Full_Drift-TKAN,87,0.0000
Full_Drift-TKAN,88,0.0000
Full_Drift-TKAN,89,0.0000
Full_Drift-TKAN,90,0.0000
Full_Drift-TKAN,91,1.0000
Full_Drift-TKAN,92,1.0000
Full_Drift-TKAN,93,1.0000
Full_Drift-TKAN,94,1.0000
Full_Drift-TKAN,95,1.0000
Full_Drift-TKAN,96,1.0000
Full_Drift-TKAN,97,1.0000
Full_Drift-TKAN,98,1.0000
Full_Drift-TKAN,99,1.0000
Full_Drift-TKAN,100,1.0000
Full_Drift-TKAN,101,1.0000
Full_Drift-TKAN,102,1.0000
Full_Drift-TKAN,103,1.0000
Full_Drift-TKAN,104,1.0000
Full_Drift-TKAN,105,1.0000
Full_Drift-TKAN,106,1.0000
Full_Drift-TKAN,107,1.0000
Full_Drift-TKAN,108,1.0000
Full_Drift-TKAN,109,1.0000
Full_Drift-TKAN,110,1.0000
Full_Drift-TKAN,111,1.0000
Full_Drift-TKAN,112,1.0000
Full_Drift-TKAN,113,1.0000
Full_Drift-TKAN,114,1.0000
Full_Drift-TKAN,115,1.0000
Full_Drift-TKAN,116,1.0000
Full_Drift-TKAN,117,1.0000
Full_Drift-TKAN,118,1.0000
Full_Drift-TKAN,119,1.0000
Full_Drift-TKAN,120,1.0000
Full_Drift-TKAN,121,1.0000
Full_Drift-TKAN,122,1.0000
Full_Drift-TKAN,123,1.0000
Full_Drift-TKAN,124,1.0000
Full_Drift-TKAN,125,1.0000
Full_Drift-TKAN,126,1.0000
Full_Drift-TKAN,127,1.0000
Full_Drift-TKAN,128,1.0000
Full_Drift-TKAN,129,1.0000
Full_Drift-TKAN,130,1.0000
Full_Drift-TKAN,131,1.0000
Full_Drift-TKAN,132,1.0000
Full_Drift-TKAN,133,1.0000
Full_Drift-TKAN,134,1.0000
Full_Drift-TKAN,135,1.0000
Full_Drift-TKAN,136,1.0000
Full_Drift-TKAN,137,1.0000
Full_Drift-TKAN,138,1.0000
Full_Drift-TKAN,139,1.0000
Full_Drift-TKAN,140,1.0000
Full_Drift-TKAN,141,1.0000
Full_Drift-TKAN,142,1.0000
Full_Drift-TKAN,143,1.0000
Full_Drift-TKAN,144,1.0000
Full_Drift-TKAN,145,1.0000
Full_Drift-TKAN,146,1.0000
Full_Drift-TKAN,147,1.0000
Full_Drift-TKAN,148,1.0000
Full_Drift-TKAN,149,1.0000
Full_Drift-TKAN,150,1.0000
Full_Drift-TKAN,151,1.0000
Full_Drift-TKAN,152,1.0000
Full_Drift-TKAN,153,1.0000
Full_Drift-TKAN,154,1.0000
Full_Drift-TKAN,155,1.0000
Full_Drift-TKAN,156,1.0000
Full_Drift-TKAN,157,1.0000
Full_Drift-TKAN,158,1.0000
Full_Drift-TKAN,159,1.0000
Full_Drift-TKAN,160,1.0000
Full_Drift-TKAN,161,1.0000
Full_Drift-TKAN,162,1.0000
Full_Drift-TKAN,163,1.0000
Full_Drift-TKAN,164,1.0000
Full_Drift-TKAN,165,1.0000
Full_Drift-TKAN,166,1.0000
Full_Drift-TKAN,167,1.0000
Full_Drift-TKAN,168,1.0000
Full_Drift-TKAN,169,1.0000
Full_Drift-TKAN,170,1.0000
Full_Drift-TKAN,171,1.0000
Full_Drift-TKAN,172,1.0000
Full_Drift-TKAN,173,1.0000
Full_Drift-TKAN,174,1.0000
Full_Drift-TKAN,175,1.0000
Full_Drift-TKAN,176,1.0000
Full_Drift-TKAN,177,1.0000
Full_Drift-TKAN,178,1.0000
Full_Drift-TKAN,179,1.0000
Full_Drift-TKAN,180,1.0000
Full_Drift-TKAN,181,1.0000
Full_Drift-TKAN,182,1.0000
Full_Drift-TKAN,183,1.0000
Full_Drift-TKAN,184,1.0000
Full_Drift-TKAN,185,1.0000
Full_Drift-TKAN,186,1.0000
Full_Drift-TKAN,187,1.0000
Full_Drift-TKAN,188,1.0000
Full_Drift-TKAN,189,1.0000
Full_Drift-TKAN,190,1.0000
Full_Drift-TKAN,191,1.0000
Full_Drift-TKAN,192,1.0000
Full_Drift-TKAN,193,1.0000
Full_Drift-TKAN,194,1.0000
Full_Drift-TKAN,195,1.0000
Full_Drift-TKAN,196,1.0000
Full_Drift-TKAN,197,1.0000
Full_Drift-TKAN,198,1.0000
Full_Drift-TKAN,199,1.0000
Full_Drift-TKAN,200,1.0000
Full_Drift-TKAN,201,1.0000
Full_Drift-TKAN,202,1.0000
Full_Drift-TKAN,203,1.0000
Full_Drift-TKAN,204,1.0000
Full_Drift-TKAN,205,1.0000
Full_Drift-TKAN,206,1.0000
Full_Drift-TKAN,207,1.0000
Full_Drift-TKAN,208,1.0000
Full_Drift-TKAN,209,1.0000
Full_Drift-TKAN,210,1.0000
Full_Drift-TKAN,211,1.0000
Full_Drift-TKAN,212,1.0000
Full_Drift-TKAN,213,1.0000
Full_Drift-TKAN,214,1.0000
Full_Drift-TKAN,215,1.0000
Full_Drift-TKAN,216,1.0000
Full_Drift-TKAN,217,1.0000
Full_Drift-TKAN,218,1.0000
Full_Drift-TKAN,219,1.0000
Full_Drift-TKAN,220,1.0000
Full_Drift-TKAN,221,1.0000
Full_Drift-TKAN,222,1.0000
Full_Drift-TKAN,223,1.0000
Full_Drift-TKAN,224,1.0000
Full_Drift-TKAN,225,1.0000
Full_Drift-TKAN,226,1.0000
Full_Drift-TKAN,227,1.0000
Full_Drift-TKAN,228,1.0000
Full_Drift-TKAN,229,1.0000
Full_Drift-TKAN,230,1.0000
Full_Drift-TKAN,231,1.0000
Full_Drift-TKAN,232,1.0000
Full_Drift-TKAN,233,1.0000
Full_Drift-TKAN,234,1.0000
Full_Drift-TKAN,235,1.0000
Full_Drift-TKAN,236,1.0000
Full_Drift-TKAN,237,1.0000
Full_Drift-TKAN,238,1.0000
Full_Drift-TKAN,239,1.0000
Full_Drift-TKAN,240,1.0000
Full_Drift-TKAN,241,1.0000
Full_Drift-TKAN,242,1.0000
Full_Drift-TKAN,243,1.0000
Full_Drift-TKAN,244,1.0000
Full_Drift-TKAN,245,1.0000
Full_Drift-TKAN,246,1.0000
Full_Drift-TKAN,247,1.0000
Full_Drift-TKAN,248,1.0000
Full_Drift-TKAN,249,1.0000
Full_Drift-TKAN,250,1.0000
Full_Drift-TKAN,251,1.0000
Full_Drift-TKAN,252,1.0000
Full_Drift-TKAN,253,1.0000
Full_Drift-TKAN,254,1.0000
Full_Drift-TKAN,255,1.0000
Full_Drift-TKAN,256,1.0000
Full_Drift-TKAN,257,1.0000
Full_Drift-TKAN,258,1.0000
Full_Drift-TKAN,259,1.0000
Full_Drift-TKAN,260,1.0000
Full_Drift-TKAN,261,1.0000
Full_Drift-TKAN,262,1.0000
Full_Drift-TKAN,263,1.0000
Full_Drift-TKAN,264,1.0000
Full_Drift-TKAN,265,1.0000
Full_Drift-TKAN,266,1.0000
Full_Drift-TKAN,267,1.0000
Full_Drift-TKAN,268,1.0000
Full_Drift-TKAN,269,1.0000
Full_Drift-TKAN,270,1.0000
Full_Drift-TKAN,271,1.0000
Full_Drift-TKAN,272,1.0000
Full_Drift-TKAN,273,1.0000
Full_Drift-TKAN,274,1.0000
Full_Drift-TKAN,275,1.0000
Full_Drift-TKAN,276,1.0000
Full_Drift-TKAN,277,1.0000
Full_Drift-TKAN,278,1.0000
Full_Drift-TKAN,279,1.0000
Full_Drift-TKAN,280,1.0000
Full_Drift-TKAN,281,1.0000
Full_Drift-TKAN,282,1.0000
Full_Drift-TKAN,283,1.0000
Full_Drift-TKAN,284,1.0000
Full_Drift-TKAN,285,1.0000
Full_Drift-TKAN,286,1.0000
Full_Drift-TKAN,287,1.0000
Full_Drift-TKAN,288,1.0000
Full_Drift-TKAN,289,1.0000
Full_Drift-TKAN,290,1.0000
Full_Drift-TKAN,291,1.0000
Full_Drift-TKAN,292,1.0000
Full_Drift-TKAN,293,1.0000
Full_Drift-TKAN,294,1.0000
Full_Drift-TKAN,295,1.0000
Full_Drift-TKAN,296,1.0000
Full_Drift-TKAN,297,1.0000
Full_Drift-TKAN,298,1.0000
Full_Drift-TKAN,299,1.0000
Full_Drift-TKAN,300,1.0000
Full_Drift-TKAN,301,1.0000
Full_Drift-TKAN,302,1.0000
Full_Drift-TKAN,303,1.0000
Full_Drift-TKAN,304,1.0000
Full_Drift-TKAN,305,1.0000
Full_Drift-TKAN,306,1.0000
Full_Drift-TKAN,307,1.0000
Full_Drift-TKAN,308,1.0000
Full_Drift-TKAN,309,1.0000
Full_Drift-TKAN,310,1.0000
Full_Drift-TKAN,311,1.0000
Full_Drift-TKAN,312,1.0000
Full_Drift-TKAN,313,1.0000
Full_Drift-TKAN,314,1.0000
Full_Drift-TKAN,315,1.0000
Full_Drift-TKAN,316,1.0000
Full_Drift-TKAN,317,1.0000
Full_Drift-TKAN,318,1.0000
Full_Drift-TKAN,319,1.0000
Full_Drift-TKAN,320,1.0000
Full_Drift-TKAN,321,1.0000
Full_Drift-TKAN,322,1.0000
Full_Drift-TKAN,323,1.0000
Full_Drift-TKAN,324,1.0000
Full_Drift-TKAN,325,1.0000
Full_Drift-TKAN,326,1.0000
Full_Drift-TKAN,327,1.0000
Full_Drift-TKAN,328,1.0000
Full_Drift-TKAN,329,1.0000
Full_Drift-TKAN,330,1.0000
Full_Drift-TKAN,331,1.0000
Full_Drift-TKAN,332,1.0000
Full_Drift-TKAN,333,1.0000
Full_Drift-TKAN,334,1.0000
Full_Drift-TKAN,335,1.0000
Full_Drift-TKAN,336,1.0000
Full_Drift-TKAN,337,1.0000
Full_Drift-TKAN,338,1.0000
Full_Drift-TKAN,339,1.0000
Full_Drift-TKAN,340,1.0000
Full_Drift-TKAN,341,1.0000
Full_Drift-TKAN,342,1.0000
Full_Drift-TKAN,343,1.0000
Full_Drift-TKAN,344,1.0000
Full_Drift-TKAN,345,1.0000
Full_Drift-TKAN,346,1.0000
Full_Drift-TKAN,347,1.0000
Full_Drift-TKAN,348,1.0000
Full_Drift-TKAN,349,1.0000
Full_Drift-TKAN,350,1.0000
Full_Drift-TKAN,351,1.0000
Full_Drift-TKAN,352,1.0000
Full_Drift-TKAN,353,1.0000
Full_Drift-TKAN,354,1.0000
Full_Drift-TKAN,355,1.0000
Full_Drift-TKAN,356,1.0000
Full_Drift-TKAN,357,1.0000
Full_Drift-TKAN,358,1.0000
Full_Drift-TKAN,359,1.0000
Full_Drift-TKAN,360,1.0000
Full_Drift-TKAN,361,1.0000
Full_Drift-TKAN,362,1.0000
Full_Drift-TKAN,363,1.0000
Full_Drift-TKAN,364,1.0000
Full_Drift-TKAN,365,1.0000
Full_Drift-TKAN,366,1.0000
Full_Drift-TKAN,367,1.0000
Full_Drift-TKAN,368,1.0000
Full_Drift-TKAN,369,1.0000
Full_Drift-TKAN,370,1.0000
Full_Drift-TKAN,371,1.0000
Full_Drift-TKAN,372,1.0000
Full_Drift-TKAN,373,1.0000
Full_Drift-TKAN,374,1.0000
Full_Drift-TKAN,375,1.0000
Full_Drift-TKAN,376,1.0000
Full_Drift-TKAN,377,1.0000
Full_Drift-TKAN,378,1.0000
Full_Drift-TKAN,379,1.0000
Full_Drift-TKAN,380,1.0000
Full_Drift-TKAN,381,1.0000
Full_Drift-TKAN,382,1.0000
Full_Drift-TKAN,383,1.0000
Full_Drift-TKAN,384,1.0000
Full_Drift-TKAN,385,1.0000
Full_Drift-TKAN,386,1.0000
Full_Drift-TKAN,387,1.0000
Full_Drift-TKAN,388,1.0000
Full_Drift-TKAN,389,1.0000
Full_Drift-TKAN,390,1.0000
Full_Drift-TKAN,391,1.0000
Full_Drift-TKAN,392,1.0000
Full_Drift-TKAN,393,1.0000
Full_Drift-TKAN,394,1.0000
Full_Drift-TKAN,395,1.0000
Full_Drift-TKAN,396,1.0000
Full_Drift-TKAN,397,1.0000
Full_Drift-TKAN,398,1.0000
Full_Drift-TKAN,399,1.0000
Full_Drift-TKAN,400,1.0000
Full_Drift-TKAN,401,1.0000
Full_Drift-TKAN,402,1.0000
Full_Drift-TKAN,403,1.0000
Full_Drift-TKAN,404,1.0000
Full_Drift-TKAN,405,1.0000
Full_Drift-TKAN,406,1.0000
Full_Drift-TKAN,407,1.0000
Full_Drift-TKAN,408,1.0000
Full_Drift-TKAN,409,1.0000
Full_Drift-TKAN,410,1.0000
Full_Drift-TKAN,411,1.0000
Full_Drift-TKAN,412,1.0000
Full_Drift-TKAN,413,1.0000
Full_Drift-TKAN,414,1.0000
Full_Drift-TKAN,415,1.0000
Full_Drift-TKAN,416,1.0000
Full_Drift-TKAN,417,1.0000
Full_Drift-TKAN,418,1.0000
Full_Drift-TKAN,419,1.0000
Full_Drift-TKAN,420,1.0000
Full_Drift-TKAN,421,1.0000
Full_Drift-TKAN,422,1.0000
Full_Drift-TKAN,423,1.0000
Full_Drift-TKAN,424,1.0000
Full_Drift-TKAN,425,1.0000
Full_Drift-TKAN,426,1.0000
Full_Drift-TKAN,427,1.0000
Full_Drift-TKAN,428,1.0000
Full_Drift-TKAN,429,1.0000
Full_Drift-TKAN,430,1.0000
Full_Drift-TKAN,431,1.0000
Full_Drift-TKAN,432,1.0000
Full_Drift-TKAN,433,1.0000
Full_Drift-TKAN,434,1.0000
Full_Drift-TKAN,435,1.0000
Full_Drift-TKAN,436,1.0000
Full_Drift-TKAN,437,1.0000
Full_Drift-TKAN,438,1.0000
Full_Drift-TKAN,439,1.0000
Full_Drift-TKAN,440,1.0000
Full_Drift-TKAN,441,1.0000
Full_Drift-TKAN,442,1.0000
Full_Drift-TKAN,443,1.0000
Full_Drift-TKAN,444,1.0000
Full_Drift-TKAN,445,1.0000
Full_Drift-TKAN,446,1.0000
Full_Drift-TKAN,447,1.0000
Full_Drift-TKAN,448,1.0000
Full_Drift-TKAN,449,1.0000
Full_Drift-TKAN,450,1.0000
Full_Drift-TKAN,451,1.0000
Full_Drift-TKAN,452,1.0000
Full_Drift-TKAN,453,1.0000
Full_Drift-TKAN,454,1.0000
Full_Drift-TKAN,455,1.0000
Full_Drift-TKAN,456,1.0000
Full_Drift-TKAN,457,1.0000
Full_Drift-TKAN,458,1.0000
Full_Drift-TKAN,459,1.0000
Full_Drift-TKAN,460,1.0000
Full_Drift-TKAN,461,1.0000
Full_Drift-TKAN,462,1.0000
Full_Drift-TKAN,463,1.0000
Full_Drift-TKAN,464,1.0000
Full_Drift-TKAN,465,1.0000
Full_Drift-TKAN,466,1.0000
Full_Drift-TKAN,467,1.0000
Full_Drift-TKAN,468,1.0000
Full_Drift-TKAN,469,1.0000
Full_Drift-TKAN,470,1.0000
Full_Drift-TKAN,471,1.0000
Full_Drift-TKAN,472,1.0000
Full_Drift-TKAN,473,1.0000
Full_Drift-TKAN,474,1.0000
Full_Drift-TKAN,475,1.0000
Full_Drift-TKAN,476,1.0000
Full_Drift-TKAN,477,1.0000
Full_Drift-TKAN,478,1.0000
Full_Drift-TKAN,479,1.0000
Full_Drift-TKAN,480,1.0000
Full_Drift-TKAN,481,1.0000
Full_Drift-TKAN,482,1.0000
Full_Drift-TKAN,483,1.0000
Full_Drift-TKAN,484,1.0000
Full_Drift-TKAN,485,1.0000
Full_Drift-TKAN,486,1.0000
Full_Drift-TKAN,487,1.0000
Full_Drift-TKAN,488,1.0000
Full_Drift-TKAN,489,1.0000
Full_Drift-TKAN,490,1.0000
Full_Drift-TKAN,491,1.0000
Full_Drift-TKAN,492,1.0000
Full_Drift-TKAN,493,1.0000
Full_Drift-TKAN,494,1.0000
Full_Drift-TKAN,495,1.0000
Full_Drift-TKAN,496,1.0000
Full_Drift-TKAN,497,1.0000
Full_Drift-TKAN,498,1.0000
Full_Drift-TKAN,499,1.0000
Full_Drift-TKAN,500,1.0000
Full_Drift-TKAN,501,1.0000
Full_Drift-TKAN,502,1.0000
Full_Drift-TKAN,503,1.0000
Full_Drift-TKAN,504,1.0000
Full_Drift-TKAN,505,1.0000
Full_Drift-TKAN,506,1.0000
Full_Drift-TKAN,507,1.0000
Full_Drift-TKAN,508,1.0000
Full_Drift-TKAN,509,1.0000
Full_Drift-TKAN,510,1.0000
Full_Drift-TKAN,511,1.0000
Full_Drift-TKAN,512,1.0000
Full_Drift-TKAN,513,1.0000
Full_Drift-TKAN,514,1.0000
Full_Drift-TKAN,515,1.0000
Full_Drift-TKAN,516,1.0000
Full_Drift-TKAN,517,1.0000
Full_Drift-TKAN,518,1.0000
Full_Drift-TKAN,519,1.0000
Full_Drift-TKAN,520,1.0000
Full_Drift-TKAN,521,1.0000
Full_Drift-TKAN,522,1.0000
Full_Drift-TKAN,523,1.0000
Full_Drift-TKAN,524,1.0000
Full_Drift-TKAN,525,1.0000
Full_Drift-TKAN,526,1.0000
Full_Drift-TKAN,527,1.0000
Full_Drift-TKAN,528,1.0000
Full_Drift-TKAN,529,1.0000
Full_Drift-TKAN,530,1.0000
Full_Drift-TKAN,531,1.0000
Full_Drift-TKAN,532,1.0000
Full_Drift-TKAN,533,1.0000
Full_Drift-TKAN,534,1.0000
Full_Drift-TKAN,535,1.0000
Full_Drift-TKAN,536,1.0000
Full_Drift-TKAN,537,1.0000
Full_Drift-TKAN,538,1.0000
Full_Drift-TKAN,539,1.0000
Full_Drift-TKAN,540,1.0000
Full_Drift-TKAN,541,1.0000
Full_Drift-TKAN,542,1.0000
Full_Drift-TKAN,543,1.0000
Full_Drift-TKAN,544,1.0000
Full_Drift-TKAN,545,1.0000
Full_Drift-TKAN,546,1.0000
Full_Drift-TKAN,547,1.0000
Full_Drift-TKAN,548,1.0000
Full_Drift-TKAN,549,1.0000
Full_Drift-TKAN,550,1.0000
Full_Drift-TKAN,551,1.0000
Full_Drift-TKAN,552,1.0000
Full_Drift-TKAN,553,1.0000
Full_Drift-TKAN,554,1.0000
Full_Drift-TKAN,555,1.0000
Full_Drift-TKAN,556,1.0000
Full_Drift-TKAN,557,1.0000
Full_Drift-TKAN,558,1.0000
Full_Drift-TKAN,559,1.0000
Full_Drift-TKAN,560,1.0000
Full_Drift-TKAN,561,1.0000
Full_Drift-TKAN,562,1.0000
Full_Drift-TKAN,563,1.0000
Full_Drift-TKAN,564,1.0000
Full_Drift-TKAN,565,1.0000
Full_Drift-TKAN,566,1.0000
Full_Drift-TKAN,567,1.0000
Full_Drift-TKAN,568,1.0000
Full_Drift-TKAN,569,1.0000
Full_Drift-TKAN,570,1.0000
Full_Drift-TKAN,571,1.0000
Full_Drift-TKAN,572,1.0000
Full_Drift-TKAN,573,1.0000
Full_Drift-TKAN,574,1.0000
Full_Drift-TKAN,575,1.0000
Full_Drift-TKAN,576,1.0000
Full_Drift-TKAN,577,1.0000
Full_Drift-TKAN,578,1.0000
Full_Drift-TKAN,579,1.0000
Full_Drift-TKAN,580,1.0000
Full_Drift-TKAN,581,1.0000
Full_Drift-TKAN,582,1.0000
Full_Drift-TKAN,583,1.0000
Full_Drift-TKAN,584,1.0000
Full_Drift-TKAN,585,1.0000
Full_Drift-TKAN,586,1.0000
Full_Drift-TKAN,587,1.0000
Full_Drift-TKAN,588,1.0000
Full_Drift-TKAN,589,1.0000
Full_Drift-TKAN,590,1.0000
Full_Drift-TKAN,591,1.0000
Full_Drift-TKAN,592,1.0000
Full_Drift-TKAN,593,1.0000
Full_Drift-TKAN,594,1.0000
Full_Drift-TKAN,595,1.0000
Full_Drift-TKAN,596,1.0000
Full_Drift-TKAN,597,1.0000
Full_Drift-TKAN,598,1.0000
Full_Drift-TKAN,599,1.0000
Full_Drift-TKAN,600,1.0000
Full_Drift-TKAN,601,1.0000
Full_Drift-TKAN,602,1.0000
Full_Drift-TKAN,603,1.0000
Full_Drift-TKAN,604,1.0000
Full_Drift-TKAN,605,1.0000
Full_Drift-TKAN,606,1.0000
Full_Drift-TKAN,607,1.0000
Full_Drift-TKAN,608,1.0000
Full_Drift-TKAN,609,1.0000
Full_Drift-TKAN,610,1.0000
Full_Drift-TKAN,611,1.0000
Full_Drift-TKAN,612,1.0000
Full_Drift-TKAN,613,1.0000
Full_Drift-TKAN,614,1.0000
Full_Drift-TKAN,615,1.0000
Full_Drift-TKAN,616,1.0000
Full_Drift-TKAN,617,1.0000
Full_Drift-TKAN,618,1.0000
Full_Drift-TKAN,619,1.0000
Full_Drift-TKAN,620,1.0000
Full_Drift-TKAN,621,1.0000
Full_Drift-TKAN,622,1.0000
Full_Drift-TKAN,623,1.0000
Full_Drift-TKAN,624,1.0000
Full_Drift-TKAN,625,1.0000
Full_Drift-TKAN,626,1.0000
Full_Drift-TKAN,627,1.0000
Full_Drift-TKAN,628,1.0000
Full_Drift-TKAN,629,1.0000
Full_Drift-TKAN,630,1.0000
Full_Drift-TKAN,631,1.0000
Full_Drift-TKAN,632,1.0000
Full_Drift-TKAN,633,1.0000
Full_Drift-TKAN,634,1.0000
Full_Drift-TKAN,635,1.0000
Full_Drift-TKAN,636,1.0000
Full_Drift-TKAN,637,1.0000
Full_Drift-TKAN,638,1.0000
Full_Drift-TKAN,639,1.0000
Full_Drift-TKAN,640,1.0000
Full_Drift-TKAN,641,1.0000
Full_Drift-TKAN,642,1.0000
Full_Drift-TKAN,643,1.0000
Full_Drift-TKAN,644,1.0000
Full_Drift-TKAN,645,1.0000
Full_Drift-TKAN,646,1.0000
Full_Drift-TKAN,647,1.0000
Full_Drift-TKAN,648,1.0000
Full_Drift-TKAN,649,1.0000
Full_Drift-TKAN,650,1.0000
Full_Drift-TKAN,651,1.0000
Full_Drift-TKAN,652,1.0000
Full_Drift-TKAN,653,1.0000
Full_Drift-TKAN,654,1.0000
Full_Drift-TKAN,655,1.0000
Full_Drift-TKAN,656,1.0000
Full_Drift-TKAN,657,1.0000
Full_Drift-TKAN,658,1.0000
Full_Drift-TKAN,659,1.0000
Full_Drift-TKAN,660,1.0000
Full_Drift-TKAN,661,1.0000
Full_Drift-TKAN,662,1.0000
Full_Drift-TKAN,663,1.0000
Full_Drift-TKAN,664,1.0000
Full_Drift-TKAN,665,1.0000
Full_Drift-TKAN,666,1.0000
Full_Drift-TKAN,667,1.0000
Full_Drift-TKAN,668,1.0000
Full_Drift-TKAN,669,1.0000
Full_Drift-TKAN,670,1.0000
Full_Drift-TKAN,671,1.0000
Full_Drift-TKAN,672,1.0000
Full_Drift-TKAN,673,1.0000
Full_Drift-TKAN,674,1.0000
Full_Drift-TKAN,675,1.0000
Full_Drift-TKAN,676,1.0000
Full_Drift-TKAN,677,1.0000
Full_Drift-TKAN,678,1.0000
Full_Drift-TKAN,679,1.0000
Full_Drift-TKAN,680,1.0000
Full_Drift-TKAN,681,1.0000
Full_Drift-TKAN,682,1.0000
Full_Drift-TKAN,683,1.0000
Full_Drift-TKAN,684,1.0000
Full_Drift-TKAN,685,1.0000
Full_Drift-TKAN,686,1.0000
Full_Drift-TKAN,687,1.0000
Full_Drift-TKAN,688,1.0000
Full_Drift-TKAN,689,1.0000
Full_Drift-TKAN,690,1.0000
Full_Drift-TKAN,691,1.0000
Full_Drift-TKAN,692,1.0000
Full_Drift-TKAN,693,1.0000
Full_Drift-TKAN,694,1.0000
Full_Drift-TKAN,695,1.0000
Full_Drift-TKAN,696,1.0000
Full_Drift-TKAN,697,1.0000
Full_Drift-TKAN,698,1.0000
Full_Drift-TKAN,699,1.0000
Full_Drift-TKAN,700,1.0000
Full_Drift-TKAN,701,1.0000
Full_Drift-TKAN,702,1.0000
Full_Drift-TKAN,703,1.0000
Full_Drift-TKAN,704,1.0000
Full_Drift-TKAN,705,1.0000
Full_Drift-TKAN,706,1.0000
Full_Drift-TKAN,707,1.0000
Full_Drift-TKAN,708,1.0000
Full_Drift-TKAN,709,1.0000
Full_Drift-TKAN,710,1.0000
Full_Drift-TKAN,711,1.0000
Full_Drift-TKAN,712,1.0000
Full_Drift-TKAN,713,1.0000
Full_Drift-TKAN,714,1.0000
Full_Drift-TKAN,715,1.0000
Full_Drift-TKAN,716,1.0000
Full_Drift-TKAN,717,1.0000
Full_Drift-TKAN,718,1.0000
Full_Drift-TKAN,719,1.0000
Full_Drift-TKAN,720,1.0000
Full_Drift-TKAN,721,1.0000
Full_Drift-TKAN,722,1.0000
Full_Drift-TKAN,723,1.0000
Full_Drift-TKAN,724,1.0000
Full_Drift-TKAN,725,1.0000
Full_Drift-TKAN,726,1.0000
Full_Drift-TKAN,727,1.0000
Full_Drift-TKAN,728,1.0000
Full_Drift-TKAN,729,1.0000
Full_Drift-TKAN,730,1.0000
Full_Drift-TKAN,731,1.0000
Full_Drift-TKAN,732,1.0000
Full_Drift-TKAN,733,1.0000
Full_Drift-TKAN,734,1.0000
Full_Drift-TKAN,735,1.0000
Full_Drift-TKAN,736,1.0000
Full_Drift-TKAN,737,1.0000
Full_Drift-TKAN,738,1.0000
Full_Drift-TKAN,739,1.0000
Full_Drift-TKAN,740,1.0000
Full_Drift-TKAN,741,1.0000
Full_Drift-TKAN,742,1.0000
Full_Drift-TKAN,743,1.0000
Full_Drift-TKAN,744,1.0000
Full_Drift-TKAN,745,1.0000
Full_Drift-TKAN,746,1.0000
Full_Drift-TKAN,747,1.0000
Full_Drift-TKAN,748,1.0000
Full_Drift-TKAN,749,1.0000
Full_Drift-TKAN,750,1.0000
Full_Drift-TKAN,751,1.0000
Full_Drift-TKAN,752,1.0000
Full_Drift-TKAN,753,1.0000
Full_Drift-TKAN,754,1.0000
Full_Drift-TKAN,755,1.0000
Full_Drift-TKAN,756,1.0000
Full_Drift-TKAN,757,1.0000
Full_Drift-TKAN,758,1.0000
Full_Drift-TKAN,759,1.0000
Full_Drift-TKAN,760,1.0000
Full_Drift-TKAN,761,1.0000
Full_Drift-TKAN,762,1.0000
Full_Drift-TKAN,763,1.0000
Full_Drift-TKAN,764,1.0000
Full_Drift-TKAN,765,1.0000
Full_Drift-TKAN,766,1.0000
Full_Drift-TKAN,767,1.0000
Full_Drift-TKAN,768,1.0000
Full_Drift-TKAN,769,1.0000
Full_Drift-TKAN,770,1.0000
Full_Drift-TKAN,771,1.0000
Full_Drift-TKAN,772,0.0000
Full_Drift-TKAN,773,1.0000
Full_Drift-TKAN,774,0.0000
Full_Drift-TKAN,775,0.0001
Full_Drift-TKAN,776,0.0000
Full_Drift-TKAN,777,0.2396
Full_Drift-TKAN,778,0.2558
Full_Drift-TKAN,779,0.2584
Full_Drift-TKAN,780,0.3329
Full_Drift-TKAN,781,0.4702
Full_Drift-TKAN,782,0.4182
Full_Drift-TKAN,783,0.4210
Full_Drift-TKAN,784,0.3499
Full_Drift-TKAN,785,0.1102
No_KAN_(Linear),0,0.0000
No_KAN_(Linear),1,0.4816
No_KAN_(Linear),2,0.0014
No_KAN_(Linear),3,0.0031
No_KAN_(Linear),4,0.0037
No_KAN_(Linear),5,0.1056
No_KAN_(Linear),6,0.0275
No_KAN_(Linear),7,0.1347
No_KAN_(Linear),8,0.1630
No_KAN_(Linear),9,0.1416
No_KAN_(Linear),10,1.0000
No_KAN_(Linear),11,1.0000
No_KAN_(Linear),12,1.0000
No_KAN_(Linear),13,1.0000
No_KAN_(Linear),14,1.0000
No_KAN_(Linear),15,1.0000
No_KAN_(Linear),16,1.0000
No_KAN_(Linear),17,1.0000
No_KAN_(Linear),18,1.0000
No_KAN_(Linear),19,1.0000
No_KAN_(Linear),20,1.0000
No_KAN_(Linear),21,1.0000
No_KAN_(Linear),22,1.0000
No_KAN_(Linear),23,1.0000
No_KAN_(Linear),24,1.0000
No_KAN_(Linear),25,1.0000
No_KAN_(Linear),26,1.0000
No_KAN_(Linear),27,1.0000
No_KAN_(Linear),28,1.0000
No_KAN_(Linear),29,1.0000
No_KAN_(Linear),30,1.0000
No_KAN_(Linear),31,1.0000
No_KAN_(Linear),32,1.0000
No_KAN_(Linear),33,1.0000
No_KAN_(Linear),34,1.0000
No_KAN_(Linear),35,1.0000
No_KAN_(Linear),36,1.0000
No_KAN_(Linear),37,1.0000
No_KAN_(Linear),38,1.0000
No_KAN_(Linear),39,1.0000
No_KAN_(Linear),40,1.0000
No_KAN_(Linear),41,1.0000
No_KAN_(Linear),42,1.0000
No_KAN_(Linear),43,1.0000
No_KAN_(Linear),44,1.0000
No_KAN_(Linear),45,1.0000
No_KAN_(Linear),46,1.0000
No_KAN_(Linear),47,1.0000
No_KAN_(Linear),48,1.0000
No_KAN_(Linear),49,1.0000
No_KAN_(Linear),50,1.0000
No_KAN_(Linear),51,1.0000
No_KAN_(Linear),52,1.0000
No_KAN_(Linear),53,1.0000
No_KAN_(Linear),54,1.0000
No_KAN_(Linear),55,1.0000
No_KAN_(Linear),56,1.0000
No_KAN_(Linear),57,1.0000
No_KAN_(Linear),58,1.0000
No_KAN_(Linear),59,1.0000
No_KAN_(Linear),60,1.0000
No_KAN_(Linear),61,1.0000
No_KAN_(Linear),62,1.0000
No_KAN_(Linear),63,1.0000
No_KAN_(Linear),64,1.0000
No_KAN_(Linear),65,1.0000
No_KAN_(Linear),66,1.0000
No_KAN_(Linear),67,1.0000
No_KAN_(Linear),68,1.0000
No_KAN_(Linear),69,1.0000
No_KAN_(Linear),70,1.0000
No_KAN_(Linear),71,1.0000
No_KAN_(Linear),72,1.0000
No_KAN_(Linear),73,1.0000
No_KAN_(Linear),74,1.0000
No_KAN_(Linear),75,1.0000
No_KAN_(Linear),76,1.0000
No_KAN_(Linear),77,1.0000
No_KAN_(Linear),78,1.0000
No_KAN_(Linear),79,1.0000
No_KAN_(Linear),80,1.0000
No_KAN_(Linear),81,1.0000
No_KAN_(Linear),82,1.0000
No_KAN_(Linear),83,1.0000
No_KAN_(Linear),84,1.0000
No_KAN_(Linear),85,1.0000
No_KAN_(Linear),86,1.0000
No_KAN_(Linear),87,1.0000
No_KAN_(Linear),88,1.0000
No_KAN_(Linear),89,1.0000
No_KAN_(Linear),90,1.0000
No_KAN_(Linear),91,1.0000
No_KAN_(Linear),92,1.0000
No_KAN_(Linear),93,1.0000
No_KAN_(Linear),94,1.0000
No_KAN_(Linear),95,1.0000
No_KAN_(Linear),96,1.0000
No_KAN_(Linear),97,1.0000
No_KAN_(Linear),98,1.0000
No_KAN_(Linear),99,1.0000
No_KAN_(Linear),100,1.0000
No_KAN_(Linear),101,1.0000
No_KAN_(Linear),102,1.0000
No_KAN_(Linear),103,1.0000
No_KAN_(Linear),104,1.0000
No_KAN_(Linear),105,1.0000
No_KAN_(Linear),106,1.0000
No_KAN_(Linear),107,1.0000
No_KAN_(Linear),108,1.0000
No_KAN_(Linear),109,1.0000
No_KAN_(Linear),110,1.0000
No_KAN_(Linear),111,1.0000
No_KAN_(Linear),112,1.0000
No_KAN_(Linear),113,1.0000
No_KAN_(Linear),114,1.0000
No_KAN_(Linear),115,1.0000
No_KAN_(Linear),116,1.0000
No_KAN_(Linear),117,1.0000
No_KAN_(Linear),118,1.0000
No_KAN_(Linear),119,1.0000
No_KAN_(Linear),120,1.0000
No_KAN_(Linear),121,1.0000
No_KAN_(Linear),122,1.0000
No_KAN_(Linear),123,1.0000
No_KAN_(Linear),124,1.0000
No_KAN_(Linear),125,1.0000
No_KAN_(Linear),126,1.0000
No_KAN_(Linear),127,1.0000
No_KAN_(Linear),128,1.0000
No_KAN_(Linear),129,1.0000
No_KAN_(Linear),130,1.0000
No_KAN_(Linear),131,1.0000
No_KAN_(Linear),132,1.0000
No_KAN_(Linear),133,1.0000
No_KAN_(Linear),134,1.0000
No_KAN_(Linear),135,1.0000
No_KAN_(Linear),136,1.0000
No_KAN_(Linear),137,1.0000
No_KAN_(Linear),138,1.0000
No_KAN_(Linear),139,1.0000
No_KAN_(Linear),140,1.0000
No_KAN_(Linear),141,1.0000
No_KAN_(Linear),142,1.0000
No_KAN_(Linear),143,1.0000
No_KAN_(Linear),144,1.0000
No_KAN_(Linear),145,1.0000
No_KAN_(Linear),146,1.0000
No_KAN_(Linear),147,1.0000
No_KAN_(Linear),148,1.0000
No_KAN_(Linear),149,1.0000
No_KAN_(Linear),150,1.0000
No_KAN_(Linear),151,1.0000
No_KAN_(Linear),152,1.0000
No_KAN_(Linear),153,1.0000
No_KAN_(Linear),154,1.0000
No_KAN_(Linear),155,1.0000
No_KAN_(Linear),156,1.0000
No_KAN_(Linear),157,1.0000
No_KAN_(Linear),158,1.0000
No_KAN_(Linear),159,1.0000
No_KAN_(Linear),160,1.0000
No_KAN_(Linear),161,1.0000
No_KAN_(Linear),162,1.0000
No_KAN_(Linear),163,1.0000
No_KAN_(Linear),164,1.0000
No_KAN_(Linear),165,1.0000
No_KAN_(Linear),166,1.0000
No_KAN_(Linear),167,1.0000
No_KAN_(Linear),168,1.0000
No_KAN_(Linear),169,1.0000
No_KAN_(Linear),170,1.0000
No_KAN_(Linear),171,1.0000
No_KAN_(Linear),172,1.0000
No_KAN_(Linear),173,1.0000
No_KAN_(Linear),174,1.0000
No_KAN_(Linear),175,1.0000
No_KAN_(Linear),176,1.0000
No_KAN_(Linear),177,1.0000
No_KAN_(Linear),178,1.0000
No_KAN_(Linear),179,1.0000
No_KAN_(Linear),180,1.0000
No_KAN_(Linear),181,1.0000
No_KAN_(Linear),182,1.0000
No_KAN_(Linear),183,1.0000
No_KAN_(Linear),184,1.0000
No_KAN_(Linear),185,1.0000
No_KAN_(Linear),186,1.0000
No_KAN_(Linear),187,1.0000
No_KAN_(Linear),188,1.0000
No_KAN_(Linear),189,1.0000
No_KAN_(Linear),190,1.0000
No_KAN_(Linear),191,1.0000
No_KAN_(Linear),192,1.0000
No_KAN_(Linear),193,1.0000
No_KAN_(Linear),194,1.0000
No_KAN_(Linear),195,1.0000
No_KAN_(Linear),196,1.0000
No_KAN_(Linear),197,1.0000
No_KAN_(Linear),198,1.0000
No_KAN_(Linear),199,1.0000
No_KAN_(Linear),200,1.0000
No_KAN_(Linear),201,1.0000
No_KAN_(Linear),202,1.0000
No_KAN_(Linear),203,1.0000
No_KAN_(Linear),204,1.0000
No_KAN_(Linear),205,1.0000
No_KAN_(Linear),206,1.0000
No_KAN_(Linear),207,1.0000
No_KAN_(Linear),208,1.0000
No_KAN_(Linear),209,1.0000
No_KAN_(Linear),210,1.0000
No_KAN_(Linear),211,1.0000
No_KAN_(Linear),212,1.0000
No_KAN_(Linear),213,1.0000
No_KAN_(Linear),214,1.0000
No_KAN_(Linear),215,1.0000
No_KAN_(Linear),216,1.0000
No_KAN_(Linear),217,1.0000
No_KAN_(Linear),218,1.0000
No_KAN_(Linear),219,1.0000
No_KAN_(Linear),220,1.0000
No_KAN_(Linear),221,1.0000
No_KAN_(Linear),222,1.0000
No_KAN_(Linear),223,1.0000
No_KAN_(Linear),224,1.0000
No_KAN_(Linear),225,1.0000
No_KAN_(Linear),226,1.0000
No_KAN_(Linear),227,1.0000
No_KAN_(Linear),228,1.0000
No_KAN_(Linear),229,1.0000
No_KAN_(Linear),230,1.0000
No_KAN_(Linear),231,1.0000
No_KAN_(Linear),232,1.0000
No_KAN_(Linear),233,1.0000
No_KAN_(Linear),234,1.0000
No_KAN_(Linear),235,1.0000
No_KAN_(Linear),236,1.0000
No_KAN_(Linear),237,1.0000
No_KAN_(Linear),238,1.0000
No_KAN_(Linear),239,1.0000
No_KAN_(Linear),240,1.0000
No_KAN_(Linear),241,1.0000
No_KAN_(Linear),242,1.0000
No_KAN_(Linear),243,1.0000
No_KAN_(Linear),244,1.0000
No_KAN_(Linear),245,1.0000
No_KAN_(Linear),246,1.0000
No_KAN_(Linear),247,1.0000
No_KAN_(Linear),248,1.0000
No_KAN_(Linear),249,1.0000
No_KAN_(Linear),250,1.0000
No_KAN_(Linear),251,1.0000
No_KAN_(Linear),252,1.0000
No_KAN_(Linear),253,1.0000
No_KAN_(Linear),254,1.0000
No_KAN_(Linear),255,1.0000
No_KAN_(Linear),256,1.0000
No_KAN_(Linear),257,1.0000
No_KAN_(Linear),258,1.0000
No_KAN_(Linear),259,1.0000
No_KAN_(Linear),260,1.0000
No_KAN_(Linear),261,1.0000
No_KAN_(Linear),262,1.0000
No_KAN_(Linear),263,1.0000
No_KAN_(Linear),264,1.0000
No_KAN_(Linear),265,1.0000
No_KAN_(Linear),266,1.0000
No_KAN_(Linear),267,1.0000
No_KAN_(Linear),268,1.0000
No_KAN_(Linear),269,1.0000
No_KAN_(Linear),270,1.0000
No_KAN_(Linear),271,1.0000
No_KAN_(Linear),272,1.0000
No_KAN_(Linear),273,1.0000
No_KAN_(Linear),274,1.0000
No_KAN_(Linear),275,1.0000
No_KAN_(Linear),276,1.0000
No_KAN_(Linear),277,1.0000
No_KAN_(Linear),278,1.0000
No_KAN_(Linear),279,1.0000
No_KAN_(Linear),280,1.0000
No_KAN_(Linear),281,1.0000
No_KAN_(Linear),282,1.0000
No_KAN_(Linear),283,1.0000
No_KAN_(Linear),284,1.0000
No_KAN_(Linear),285,1.0000
No_KAN_(Linear),286,1.0000
No_KAN_(Linear),287,1.0000
No_KAN_(Linear),288,1.0000
No_KAN_(Linear),289,1.0000
No_KAN_(Linear),290,1.0000
No_KAN_(Linear),291,1.0000
No_KAN_(Linear),292,1.0000
No_KAN_(Linear),293,1.0000
No_KAN_(Linear),294,1.0000
No_KAN_(Linear),295,1.0000
No_KAN_(Linear),296,1.0000
No_KAN_(Linear),297,1.0000
No_KAN_(Linear),298,1.0000
No_KAN_(Linear),299,1.0000
No_KAN_(Linear),300,1.0000
No_KAN_(Linear),301,1.0000
No_KAN_(Linear),302,1.0000
No_KAN_(Linear),303,1.0000
No_KAN_(Linear),304,1.0000
No_KAN_(Linear),305,1.0000
No_KAN_(Linear),306,1.0000
No_KAN_(Linear),307,1.0000
No_KAN_(Linear),308,1.0000
No_KAN_(Linear),309,1.0000
No_KAN_(Linear),310,1.0000
No_KAN_(Linear),311,1.0000
No_KAN_(Linear),312,1.0000
No_KAN_(Linear),313,1.0000
No_KAN_(Linear),314,1.0000
No_KAN_(Linear),315,1.0000
No_KAN_(Linear),316,1.0000
No_KAN_(Linear),317,1.0000
No_KAN_(Linear),318,1.0000
No_KAN_(Linear),319,1.0000
No_KAN_(Linear),320,1.0000
No_KAN_(Linear),321,1.0000
No_KAN_(Linear),322,1.0000
No_KAN_(Linear),323,1.0000
No_KAN_(Linear),324,1.0000
No_KAN_(Linear),325,1.0000
No_KAN_(Linear),326,1.0000
No_KAN_(Linear),327,1.0000
No_KAN_(Linear),328,1.0000
No_KAN_(Linear),329,1.0000
No_KAN_(Linear),330,1.0000
No_KAN_(Linear),331,1.0000
No_KAN_(Linear),332,1.0000
No_KAN_(Linear),333,1.0000
No_KAN_(Linear),334,1.0000
No_KAN_(Linear),335,1.0000
No_KAN_(Linear),336,1.0000
No_KAN_(Linear),337,1.0000
No_KAN_(Linear),338,1.0000
No_KAN_(Linear),339,1.0000
No_KAN_(Linear),340,1.0000
No_KAN_(Linear),341,1.0000
No_KAN_(Linear),342,1.0000
No_KAN_(Linear),343,1.0000
No_KAN_(Linear),344,1.0000
No_KAN_(Linear),345,1.0000
No_KAN_(Linear),346,1.0000
No_KAN_(Linear),347,1.0000
No_KAN_(Linear),348,1.0000
No_KAN_(Linear),349,1.0000
No_KAN_(Linear),350,1.0000
No_KAN_(Linear),351,1.0000
No_KAN_(Linear),352,1.0000
No_KAN_(Linear),353,1.0000
No_KAN_(Linear),354,1.0000
No_KAN_(Linear),355,1.0000
No_KAN_(Linear),356,1.0000
No_KAN_(Linear),357,1.0000
No_KAN_(Linear),358,1.0000
No_KAN_(Linear),359,1.0000
No_KAN_(Linear),360,1.0000
No_KAN_(Linear),361,1.0000
No_KAN_(Linear),362,1.0000
No_KAN_(Linear),363,1.0000
No_KAN_(Linear),364,1.0000
No_KAN_(Linear),365,1.0000
No_KAN_(Linear),366,1.0000
No_KAN_(Linear),367,1.0000
No_KAN_(Linear),368,1.0000
No_KAN_(Linear),369,1.0000
No_KAN_(Linear),370,1.0000
No_KAN_(Linear),371,1.0000
No_KAN_(Linear),372,1.0000
No_KAN_(Linear),373,1.0000
No_KAN_(Linear),374,1.0000
No_KAN_(Linear),375,1.0000
No_KAN_(Linear),376,1.0000
No_KAN_(Linear),377,1.0000
No_KAN_(Linear),378,1.0000
No_KAN_(Linear),379,1.0000
No_KAN_(Linear),380,1.0000
No_KAN_(Linear),381,1.0000
No_KAN_(Linear),382,1.0000
No_KAN_(Linear),383,1.0000
No_KAN_(Linear),384,1.0000
No_KAN_(Linear),385,1.0000
No_KAN_(Linear),386,1.0000
No_KAN_(Linear),387,1.0000
No_KAN_(Linear),388,1.0000
No_KAN_(Linear),389,1.0000
No_KAN_(Linear),390,1.0000
No_KAN_(Linear),391,1.0000
No_KAN_(Linear),392,1.0000
No_KAN_(Linear),393,1.0000
No_KAN_(Linear),394,1.0000
No_KAN_(Linear),395,1.0000
No_KAN_(Linear),396,1.0000
No_KAN_(Linear),397,1.0000
No_KAN_(Linear),398,1.0000
No_KAN_(Linear),399,1.0000
No_KAN_(Linear),400,1.0000
No_KAN_(Linear),401,1.0000
No_KAN_(Linear),402,1.0000
No_KAN_(Linear),403,1.0000
No_KAN_(Linear),404,1.0000
No_KAN_(Linear),405,1.0000
No_KAN_(Linear),406,1.0000
No_KAN_(Linear),407,1.0000
No_KAN_(Linear),408,1.0000
No_KAN_(Linear),409,1.0000
No_KAN_(Linear),410,1.0000
No_KAN_(Linear),411,1.0000
No_KAN_(Linear),412,1.0000
No_KAN_(Linear),413,1.0000
No_KAN_(Linear),414,1.0000
No_KAN_(Linear),415,1.0000
No_KAN_(Linear),416,1.0000
No_KAN_(Linear),417,1.0000
No_KAN_(Linear),418,1.0000
No_KAN_(Linear),419,1.0000
No_KAN_(Linear),420,1.0000
No_KAN_(Linear),421,1.0000
No_KAN_(Linear),422,1.0000
No_KAN_(Linear),423,1.0000
No_KAN_(Linear),424,1.0000
No_KAN_(Linear),425,1.0000
No_KAN_(Linear),426,1.0000
No_KAN_(Linear),427,1.0000
No_KAN_(Linear),428,1.0000
No_KAN_(Linear),429,1.0000
No_KAN_(Linear),430,1.0000
No_KAN_(Linear),431,1.0000
No_KAN_(Linear),432,1.0000
No_KAN_(Linear),433,1.0000
No_KAN_(Linear),434,1.0000
No_KAN_(Linear),435,1.0000
No_KAN_(Linear),436,1.0000
No_KAN_(Linear),437,1.0000
No_KAN_(Linear),438,1.0000
No_KAN_(Linear),439,1.0000
No_KAN_(Linear),440,1.0000
No_KAN_(Linear),441,1.0000
No_KAN_(Linear),442,1.0000
No_KAN_(Linear),443,1.0000
No_KAN_(Linear),444,1.0000
No_KAN_(Linear),445,1.0000
No_KAN_(Linear),446,1.0000
No_KAN_(Linear),447,1.0000
No_KAN_(Linear),448,1.0000
No_KAN_(Linear),449,1.0000
No_KAN_(Linear),450,1.0000
No_KAN_(Linear),451,1.0000
No_KAN_(Linear),452,1.0000
No_KAN_(Linear),453,1.0000
No_KAN_(Linear),454,1.0000
No_KAN_(Linear),455,1.0000
No_KAN_(Linear),456,1.0000
No_KAN_(Linear),457,1.0000
No_KAN_(Linear),458,1.0000
No_KAN_(Linear),459,1.0000
No_KAN_(Linear),460,1.0000
No_KAN_(Linear),461,1.0000
No_KAN_(Linear),462,1.0000
No_KAN_(Linear),463,1.0000
No_KAN_(Linear),464,1.0000
No_KAN_(Linear),465,1.0000
No_KAN_(Linear),466,1.0000
No_KAN_(Linear),467,1.0000
No_KAN_(Linear),468,1.0000
No_KAN_(Linear),469,1.0000
No_KAN_(Linear),470,1.0000
No_KAN_(Linear),471,1.0000
No_KAN_(Linear),472,1.0000
No_KAN_(Linear),473,1.0000
No_KAN_(Linear),474,1.0000
No_KAN_(Linear),475,1.0000
No_KAN_(Linear),476,1.0000
No_KAN_(Linear),477,1.0000
No_KAN_(Linear),478,1.0000
No_KAN_(Linear),479,1.0000
No_KAN_(Linear),480,1.0000
No_KAN_(Linear),481,1.0000
No_KAN_(Linear),482,1.0000
No_KAN_(Linear),483,1.0000
No_KAN_(Linear),484,1.0000
No_KAN_(Linear),485,1.0000
No_KAN_(Linear),486,1.0000
No_KAN_(Linear),487,1.0000
No_KAN_(Linear),488,1.0000
No_KAN_(Linear),489,1.0000
No_KAN_(Linear),490,1.0000
No_KAN_(Linear),491,1.0000
No_KAN_(Linear),492,1.0000
No_KAN_(Linear),493,1.0000
No_KAN_(Linear),494,1.0000
No_KAN_(Linear),495,1.0000
No_KAN_(Linear),496,1.0000
No_KAN_(Linear),497,1.0000
No_KAN_(Linear),498,1.0000
No_KAN_(Linear),499,1.0000
No_KAN_(Linear),500,1.0000
No_KAN_(Linear),501,1.0000
No_KAN_(Linear),502,1.0000
No_KAN_(Linear),503,1.0000
No_KAN_(Linear),504,1.0000
No_KAN_(Linear),505,1.0000
No_KAN_(Linear),506,1.0000
No_KAN_(Linear),507,1.0000
No_KAN_(Linear),508,1.0000
No_KAN_(Linear),509,1.0000
No_KAN_(Linear),510,1.0000
No_KAN_(Linear),511,1.0000
No_KAN_(Linear),512,1.0000
No_KAN_(Linear),513,1.0000
No_KAN_(Linear),514,1.0000
No_KAN_(Linear),515,1.0000
No_KAN_(Linear),516,1.0000
No_KAN_(Linear),517,1.0000
No_KAN_(Linear),518,1.0000
No_KAN_(Linear),519,1.0000
No_KAN_(Linear),520,1.0000
No_KAN_(Linear),521,1.0000
No_KAN_(Linear),522,1.0000
No_KAN_(Linear),523,1.0000
No_KAN_(Linear),524,1.0000
No_KAN_(Linear),525,1.0000
No_KAN_(Linear),526,1.0000
No_KAN_(Linear),527,1.0000
No_KAN_(Linear),528,1.0000
No_KAN_(Linear),529,1.0000
No_KAN_(Linear),530,1.0000
No_KAN_(Linear),531,1.0000
No_KAN_(Linear),532,1.0000
No_KAN_(Linear),533,1.0000
No_KAN_(Linear),534,1.0000
No_KAN_(Linear),535,1.0000
No_KAN_(Linear),536,1.0000
No_KAN_(Linear),537,1.0000
No_KAN_(Linear),538,1.0000
No_KAN_(Linear),539,1.0000
No_KAN_(Linear),540,1.0000
No_KAN_(Linear),541,1.0000
No_KAN_(Linear),542,1.0000
No_KAN_(Linear),543,1.0000
No_KAN_(Linear),544,1.0000
No_KAN_(Linear),545,1.0000
No_KAN_(Linear),546,1.0000
No_KAN_(Linear),547,1.0000
No_KAN_(Linear),548,1.0000
No_KAN_(Linear),549,1.0000
No_KAN_(Linear),550,1.0000
No_KAN_(Linear),551,1.0000
No_KAN_(Linear),552,1.0000
No_KAN_(Linear),553,1.0000
No_KAN_(Linear),554,1.0000
No_KAN_(Linear),555,1.0000
No_KAN_(Linear),556,1.0000
No_KAN_(Linear),557,1.0000
No_KAN_(Linear),558,1.0000
No_KAN_(Linear),559,1.0000
No_KAN_(Linear),560,1.0000
No_KAN_(Linear),561,1.0000
No_KAN_(Linear),562,1.0000
No_KAN_(Linear),563,1.0000
No_KAN_(Linear),564,1.0000
No_KAN_(Linear),565,1.0000
No_KAN_(Linear),566,1.0000
No_KAN_(Linear),567,1.0000
No_KAN_(Linear),568,1.0000
No_KAN_(Linear),569,1.0000
No_KAN_(Linear),570,1.0000
No_KAN_(Linear),571,1.0000
No_KAN_(Linear),572,1.0000
No_KAN_(Linear),573,1.0000
No_KAN_(Linear),574,1.0000
No_KAN_(Linear),575,1.0000
No_KAN_(Linear),576,1.0000
No_KAN_(Linear),577,1.0000
No_KAN_(Linear),578,1.0000
No_KAN_(Linear),579,1.0000
No_KAN_(Linear),580,1.0000
No_KAN_(Linear),581,1.0000
No_KAN_(Linear),582,1.0000
No_KAN_(Linear),583,1.0000
No_KAN_(Linear),584,1.0000
No_KAN_(Linear),585,1.0000
No_KAN_(Linear),586,1.0000
No_KAN_(Linear),587,1.0000
No_KAN_(Linear),588,1.0000
No_KAN_(Linear),589,1.0000
No_KAN_(Linear),590,1.0000
No_KAN_(Linear),591,1.0000
No_KAN_(Linear),592,1.0000
No_KAN_(Linear),593,1.0000
No_KAN_(Linear),594,1.0000
No_KAN_(Linear),595,1.0000
No_KAN_(Linear),596,1.0000
No_KAN_(Linear),597,1.0000
No_KAN_(Linear),598,1.0000
No_KAN_(Linear),599,1.0000
No_KAN_(Linear),600,1.0000
No_KAN_(Linear),601,1.0000
No_KAN_(Linear),602,1.0000
No_KAN_(Linear),603,1.0000
No_KAN_(Linear),604,1.0000
No_KAN_(Linear),605,1.0000
No_KAN_(Linear),606,1.0000
No_KAN_(Linear),607,1.0000
No_KAN_(Linear),608,1.0000
No_KAN_(Linear),609,1.0000
No_KAN_(Linear),610,1.0000
No_KAN_(Linear),611,1.0000
No_KAN_(Linear),612,1.0000
No_KAN_(Linear),613,1.0000
No_KAN_(Linear),614,1.0000
No_KAN_(Linear),615,1.0000
No_KAN_(Linear),616,1.0000
No_KAN_(Linear),617,1.0000
No_KAN_(Linear),618,1.0000
No_KAN_(Linear),619,1.0000
No_KAN_(Linear),620,1.0000
No_KAN_(Linear),621,1.0000
No_KAN_(Linear),622,1.0000
No_KAN_(Linear),623,1.0000
No_KAN_(Linear),624,1.0000
No_KAN_(Linear),625,1.0000
No_KAN_(Linear),626,1.0000
No_KAN_(Linear),627,1.0000
No_KAN_(Linear),628,1.0000
No_KAN_(Linear),629,1.0000
No_KAN_(Linear),630,1.0000
No_KAN_(Linear),631,1.0000
No_KAN_(Linear),632,1.0000
No_KAN_(Linear),633,1.0000
No_KAN_(Linear),634,1.0000
No_KAN_(Linear),635,1.0000
No_KAN_(Linear),636,1.0000
No_KAN_(Linear),637,1.0000
No_KAN_(Linear),638,1.0000
No_KAN_(Linear),639,1.0000
No_KAN_(Linear),640,1.0000
No_KAN_(Linear),641,1.0000
No_KAN_(Linear),642,1.0000
No_KAN_(Linear),643,1.0000
No_KAN_(Linear),644,1.0000
No_KAN_(Linear),645,1.0000
No_KAN_(Linear),646,1.0000
No_KAN_(Linear),647,1.0000
No_KAN_(Linear),648,1.0000
No_KAN_(Linear),649,1.0000
No_KAN_(Linear),650,1.0000
No_KAN_(Linear),651,1.0000
No_KAN_(Linear),652,1.0000
No_KAN_(Linear),653,1.0000
No_KAN_(Linear),654,1.0000
No_KAN_(Linear),655,1.0000
No_KAN_(Linear),656,1.0000
No_KAN_(Linear),657,1.0000
No_KAN_(Linear),658,1.0000
No_KAN_(Linear),659,1.0000
No_KAN_(Linear),660,1.0000
No_KAN_(Linear),661,1.0000
No_KAN_(Linear),662,1.0000
No_KAN_(Linear),663,1.0000
No_KAN_(Linear),664,1.0000
No_KAN_(Linear),665,1.0000
No_KAN_(Linear),666,1.0000
No_KAN_(Linear),667,1.0000
No_KAN_(Linear),668,1.0000
No_KAN_(Linear),669,1.0000
No_KAN_(Linear),670,1.0000
No_KAN_(Linear),671,1.0000
No_KAN_(Linear),672,1.0000
No_KAN_(Linear),673,1.0000
No_KAN_(Linear),674,1.0000
No_KAN_(Linear),675,1.0000
No_KAN_(Linear),676,1.0000
No_KAN_(Linear),677,1.0000
No_KAN_(Linear),678,1.0000
No_KAN_(Linear),679,1.0000
No_KAN_(Linear),680,1.0000
No_KAN_(Linear),681,1.0000
No_KAN_(Linear),682,1.0000
No_KAN_(Linear),683,1.0000
No_KAN_(Linear),684,1.0000
No_KAN_(Linear),685,1.0000
No_KAN_(Linear),686,1.0000
No_KAN_(Linear),687,1.0000
No_KAN_(Linear),688,1.0000
No_KAN_(Linear),689,1.0000
No_KAN_(Linear),690,1.0000
No_KAN_(Linear),691,1.0000
No_KAN_(Linear),692,1.0000
No_KAN_(Linear),693,1.0000
No_KAN_(Linear),694,1.0000
No_KAN_(Linear),695,1.0000
No_KAN_(Linear),696,1.0000
No_KAN_(Linear),697,1.0000
No_KAN_(Linear),698,1.0000
No_KAN_(Linear),699,1.0000
No_KAN_(Linear),700,1.0000
No_KAN_(Linear),701,1.0000
No_KAN_(Linear),702,1.0000
No_KAN_(Linear),703,1.0000
No_KAN_(Linear),704,1.0000
No_KAN_(Linear),705,1.0000
No_KAN_(Linear),706,1.0000
No_KAN_(Linear),707,1.0000
No_KAN_(Linear),708,1.0000
No_KAN_(Linear),709,1.0000
No_KAN_(Linear),710,1.0000
No_KAN_(Linear),711,1.0000
No_KAN_(Linear),712,1.0000
No_KAN_(Linear),713,1.0000
No_KAN_(Linear),714,1.0000
No_KAN_(Linear),715,1.0000
No_KAN_(Linear),716,1.0000
No_KAN_(Linear),717,1.0000
No_KAN_(Linear),718,1.0000
No_KAN_(Linear),719,1.0000
No_KAN_(Linear),720,1.0000
No_KAN_(Linear),721,1.0000
No_KAN_(Linear),722,1.0000
No_KAN_(Linear),723,1.0000
No_KAN_(Linear),724,1.0000
No_KAN_(Linear),725,1.0000
No_KAN_(Linear),726,1.0000
No_KAN_(Linear),727,1.0000
No_KAN_(Linear),728,1.0000
No_KAN_(Linear),729,1.0000
No_KAN_(Linear),730,1.0000
No_KAN_(Linear),731,1.0000
No_KAN_(Linear),732,1.0000
No_KAN_(Linear),733,1.0000
No_KAN_(Linear),734,1.0000
No_KAN_(Linear),735,1.0000
No_KAN_(Linear),736,1.0000
No_KAN_(Linear),737,1.0000
No_KAN_(Linear),738,1.0000
No_KAN_(Linear),739,1.0000
No_KAN_(Linear),740,1.0000
No_KAN_(Linear),741,1.0000
No_KAN_(Linear),742,1.0000
No_KAN_(Linear),743,1.0000
No_KAN_(Linear),744,1.0000
No_KAN_(Linear),745,1.0000
No_KAN_(Linear),746,1.0000
No_KAN_(Linear),747,1.0000
No_KAN_(Linear),748,1.0000
No_KAN_(Linear),749,1.0000
No_KAN_(Linear),750,1.0000
No_KAN_(Linear),751,1.0000
No_KAN_(Linear),752,1.0000
No_KAN_(Linear),753,1.0000
No_KAN_(Linear),754,1.0000
No_KAN_(Linear),755,1.0000
No_KAN_(Linear),756,1.0000
No_KAN_(Linear),757,1.0000
No_KAN_(Linear),758,1.0000
No_KAN_(Linear),759,1.0000
No_KAN_(Linear),760,1.0000
No_KAN_(Linear),761,1.0000
No_KAN_(Linear),762,1.0000
No_KAN_(Linear),763,1.0000
No_KAN_(Linear),764,1.0000
No_KAN_(Linear),765,1.0000
No_KAN_(Linear),766,1.0000
No_KAN_(Linear),767,1.0000
No_KAN_(Linear),768,1.0000
No_KAN_(Linear),769,1.0000
No_KAN_(Linear),770,1.0000
No_KAN_(Linear),771,1.0000
No_KAN_(Linear),772,0.0000
No_KAN_(Linear),773,1.0000
No_KAN_(Linear),774,0.0001
No_KAN_(Linear),775,0.0021
No_KAN_(Linear),776,0.0001
No_KAN_(Linear),777,0.1506
No_KAN_(Linear),778,0.1708
No_KAN_(Linear),779,0.4999
No_KAN_(Linear),780,0.4999
No_KAN_(Linear),781,0.4702
No_KAN_(Linear),782,0.4182
No_KAN_(Linear),783,0.4210
No_KAN_(Linear),784,0.3499
No_KAN_(Linear),785,0.1102
EMA_alpha=0.90,0,0.0000
EMA_alpha=0.90,1,0.0000
EMA_alpha=0.90,2,0.1392
EMA_alpha=0.90,3,0.1236
EMA_alpha=0.90,4,0.1229
EMA_alpha=0.90,5,0.1610
EMA_alpha=0.90,6,0.1207
EMA_alpha=0.90,7,0.1662
EMA_alpha=0.90,8,0.1663
EMA_alpha=0.90,9,0.1710
EMA_alpha=0.90,10,0.0000
EMA_alpha=0.90,11,0.0000
EMA_alpha=0.90,12,0.0000
EMA_alpha=0.90,13,0.0000
EMA_alpha=0.90,14,0.0000
EMA_alpha=0.90,15,0.0000
EMA_alpha=0.90,16,0.0000
EMA_alpha=0.90,17,0.0000
EMA_alpha=0.90,18,0.0000
EMA_alpha=0.90,19,0.0000
EMA_alpha=0.90,20,0.0000
EMA_alpha=0.90,21,0.0000
EMA_alpha=0.90,22,0.0000
EMA_alpha=0.90,23,0.0000
EMA_alpha=0.90,24,0.0000
EMA_alpha=0.90,25,0.0000
EMA_alpha=0.90,26,0.0000
EMA_alpha=0.90,27,0.0000
EMA_alpha=0.90,28,0.0000
EMA_alpha=0.90,29,0.0000
EMA_alpha=0.90,30,0.0000
EMA_alpha=0.90,31,0.0000
EMA_alpha=0.90,32,0.0000
EMA_alpha=0.90,33,0.0000
EMA_alpha=0.90,34,0.0000
EMA_alpha=0.90,35,0.0000
EMA_alpha=0.90,36,0.0000
EMA_alpha=0.90,37,0.0000
EMA_alpha=0.90,38,0.0000
EMA_alpha=0.90,39,0.0000
EMA_alpha=0.90,40,0.0000
EMA_alpha=0.90,41,0.0000
EMA_alpha=0.90,42,0.0000
EMA_alpha=0.90,43,0.0000
EMA_alpha=0.90,44,0.0000
EMA_alpha=0.90,45,0.0000
EMA_alpha=0.90,46,0.0000
EMA_alpha=0.90,47,0.0000
EMA_alpha=0.90,48,0.0000
EMA_alpha=0.90,49,0.0000
EMA_alpha=0.90,50,0.0000
EMA_alpha=0.90,51,0.0000
EMA_alpha=0.90,52,0.0000
EMA_alpha=0.90,53,0.0000
EMA_alpha=0.90,54,0.0000
EMA_alpha=0.90,55,0.0000
EMA_alpha=0.90,56,0.0000
EMA_alpha=0.90,57,0.0000
EMA_alpha=0.90,58,0.0000
EMA_alpha=0.90,59,0.0000
EMA_alpha=0.90,60,0.0000
EMA_alpha=0.90,61,0.0000
EMA_alpha=0.90,62,0.0000
EMA_alpha=0.90,63,0.0000
EMA_alpha=0.90,64,0.0000
EMA_alpha=0.90,65,0.0000
EMA_alpha=0.90,66,0.0000
EMA_alpha=0.90,67,0.0000
EMA_alpha=0.90,68,0.0000
EMA_alpha=0.90,69,0.0000
EMA_alpha=0.90,70,0.0000
EMA_alpha=0.90,71,0.0000
EMA_alpha=0.90,72,0.0000
EMA_alpha=0.90,73,0.0000
EMA_alpha=0.90,74,0.0000
EMA_alpha=0.90,75,0.0000
EMA_alpha=0.90,76,0.0000
EMA_alpha=0.90,77,0.0000
EMA_alpha=0.90,78,0.0000
EMA_alpha=0.90,79,0.0000
EMA_alpha=0.90,80,0.0000
EMA_alpha=0.90,81,0.0000
EMA_alpha=0.90,82,0.0000
EMA_alpha=0.90,83,0.0000
EMA_alpha=0.90,84,0.0000
EMA_alpha=0.90,85,0.0000
EMA_alpha=0.90,86,0.0000
EMA_alpha=0.90,87,0.0000
EMA_alpha=0.90,88,0.0000
EMA_alpha=0.90,89,0.0000
EMA_alpha=0.90,90,0.0000
EMA_alpha=0.90,91,0.0000
EMA_alpha=0.90,92,0.0000
EMA_alpha=0.90,93,0.0000
EMA_alpha=0.90,94,0.0000
EMA_alpha=0.90,95,0.0000
EMA_alpha=0.90,96,0.0000
EMA_alpha=0.90,97,0.0000
EMA_alpha=0.90,98,0.0000
EMA_alpha=0.90,99,0.0000
EMA_alpha=0.90,100,0.0000
EMA_alpha=0.90,101,0.0000
EMA_alpha=0.90,102,0.0000
EMA_alpha=0.90,103,0.0000
EMA_alpha=0.90,104,0.0000
EMA_alpha=0.90,105,0.0000
EMA_alpha=0.90,106,0.0000
EMA_alpha=0.90,107,0.0000
EMA_alpha=0.90,108,0.0000
EMA_alpha=0.90,109,0.0000
EMA_alpha=0.90,110,0.0000
EMA_alpha=0.90,111,0.0000
EMA_alpha=0.90,112,0.0000
EMA_alpha=0.90,113,0.0000
EMA_alpha=0.90,114,0.0000
EMA_alpha=0.90,115,0.0000
EMA_alpha=0.90,116,0.0000
EMA_alpha=0.90,117,0.0000
EMA_alpha=0.90,118,0.0000
EMA_alpha=0.90,119,0.0000
EMA_alpha=0.90,120,0.0000
EMA_alpha=0.90,121,0.0000
EMA_alpha=0.90,122,0.0000
EMA_alpha=0.90,123,0.0000
EMA_alpha=0.90,124,0.0000
EMA_alpha=0.90,125,0.0000
EMA_alpha=0.90,126,0.0000
EMA_alpha=0.90,127,0.0000
EMA_alpha=0.90,128,0.0000
EMA_alpha=0.90,129,0.0000
EMA_alpha=0.90,130,0.0000
EMA_alpha=0.90,131,0.0000
EMA_alpha=0.90,132,0.0000
EMA_alpha=0.90,133,0.0000
EMA_alpha=0.90,134,0.0000
EMA_alpha=0.90,135,0.0000
EMA_alpha=0.90,136,0.0000
EMA_alpha=0.90,137,0.0000
EMA_alpha=0.90,138,0.0000
EMA_alpha=0.90,139,0.0000
EMA_alpha=0.90,140,0.0000
EMA_alpha=0.90,141,0.0000
EMA_alpha=0.90,142,0.0000
EMA_alpha=0.90,143,0.0000
EMA_alpha=0.90,144,0.0000
EMA_alpha=0.90,145,0.0000
EMA_alpha=0.90,146,0.0000
EMA_alpha=0.90,147,0.0000
EMA_alpha=0.90,148,0.0000
EMA_alpha=0.90,149,0.0000
EMA_alpha=0.90,150,0.0000
EMA_alpha=0.90,151,0.0000
EMA_alpha=0.90,152,0.0000
EMA_alpha=0.90,153,0.0000
EMA_alpha=0.90,154,0.0000
EMA_alpha=0.90,155,0.0000
EMA_alpha=0.90,156,0.0000
EMA_alpha=0.90,157,0.0000
EMA_alpha=0.90,158,0.0000
EMA_alpha=0.90,159,0.0000
EMA_alpha=0.90,160,0.0000
EMA_alpha=0.90,161,0.0000
EMA_alpha=0.90,162,0.0000
EMA_alpha=0.90,163,0.0000
EMA_alpha=0.90,164,0.0000
EMA_alpha=0.90,165,0.0000
EMA_alpha=0.90,166,0.0000
EMA_alpha=0.90,167,0.0000
EMA_alpha=0.90,168,0.0000
EMA_alpha=0.90,169,0.0000
EMA_alpha=0.90,170,0.0000
EMA_alpha=0.90,171,0.0000
EMA_alpha=0.90,172,0.0000
EMA_alpha=0.90,173,0.0000
EMA_alpha=0.90,174,0.0000
EMA_alpha=0.90,175,0.0000
EMA_alpha=0.90,176,0.0000
EMA_alpha=0.90,177,0.0000
EMA_alpha=0.90,178,0.0000
EMA_alpha=0.90,179,0.0000
EMA_alpha=0.90,180,0.0000
EMA_alpha=0.90,181,0.0000
EMA_alpha=0.90,182,0.0000
EMA_alpha=0.90,183,0.0000
EMA_alpha=0.90,184,0.0000
EMA_alpha=0.90,185,0.0000
EMA_alpha=0.90,186,0.0000
EMA_alpha=0.90,187,0.0000
EMA_alpha=0.90,188,0.0000
EMA_alpha=0.90,189,0.0000
EMA_alpha=0.90,190,0.0000
EMA_alpha=0.90,191,0.0000
EMA_alpha=0.90,192,0.0000
EMA_alpha=0.90,193,0.0000
EMA_alpha=0.90,194,0.0000
EMA_alpha=0.90,195,0.0000
EMA_alpha=0.90,196,0.0000
EMA_alpha=0.90,197,0.0000
EMA_alpha=0.90,198,0.0000
EMA_alpha=0.90,199,0.0000
EMA_alpha=0.90,200,0.0000
EMA_alpha=0.90,201,0.0000
EMA_alpha=0.90,202,0.0000
EMA_alpha=0.90,203,0.0000
EMA_alpha=0.90,204,0.0000
EMA_alpha=0.90,205,0.0000
EMA_alpha=0.90,206,0.0000
EMA_alpha=0.90,207,0.0000
EMA_alpha=0.90,208,0.0000
EMA_alpha=0.90,209,0.0000
EMA_alpha=0.90,210,0.0000
EMA_alpha=0.90,211,0.0000
EMA_alpha=0.90,212,0.0000
EMA_alpha=0.90,213,0.0000
EMA_alpha=0.90,214,0.0000
EMA_alpha=0.90,215,0.0000
EMA_alpha=0.90,216,0.0000
EMA_alpha=0.90,217,0.0000
EMA_alpha=0.90,218,0.0000
EMA_alpha=0.90,219,0.0000
EMA_alpha=0.90,220,0.0000
EMA_alpha=0.90,221,0.0000
EMA_alpha=0.90,222,0.0000
EMA_alpha=0.90,223,0.0000
EMA_alpha=0.90,224,0.0000
EMA_alpha=0.90,225,0.0000
EMA_alpha=0.90,226,0.0000
EMA_alpha=0.90,227,0.0000
EMA_alpha=0.90,228,0.0000
EMA_alpha=0.90,229,0.0000
EMA_alpha=0.90,230,0.0000
EMA_alpha=0.90,231,0.0000
EMA_alpha=0.90,232,0.0000
EMA_alpha=0.90,233,0.0000
EMA_alpha=0.90,234,0.0000
EMA_alpha=0.90,235,0.0000
EMA_alpha=0.90,236,0.0000
EMA_alpha=0.90,237,0.0000
EMA_alpha=0.90,238,0.0000
EMA_alpha=0.90,239,0.0000
EMA_alpha=0.90,240,0.0000
EMA_alpha=0.90,241,0.0000
EMA_alpha=0.90,242,0.0000
EMA_alpha=0.90,243,0.0000
EMA_alpha=0.90,244,0.0000
EMA_alpha=0.90,245,0.0000
EMA_alpha=0.90,246,0.0000
EMA_alpha=0.90,247,0.0000
EMA_alpha=0.90,248,0.0000
EMA_alpha=0.90,249,0.0000
EMA_alpha=0.90,250,0.0000
EMA_alpha=0.90,251,0.0000
EMA_alpha=0.90,252,0.0000
EMA_alpha=0.90,253,0.0000
EMA_alpha=0.90,254,0.0000
EMA_alpha=0.90,255,0.0000
EMA_alpha=0.90,256,0.0000
EMA_alpha=0.90,257,0.0000
EMA_alpha=0.90,258,0.0000
EMA_alpha=0.90,259,0.0000
EMA_alpha=0.90,260,0.0000
EMA_alpha=0.90,261,0.0000
EMA_alpha=0.90,262,0.0000
EMA_alpha=0.90,263,0.0000
EMA_alpha=0.90,264,0.0000
EMA_alpha=0.90,265,0.0000
EMA_alpha=0.90,266,0.0000
EMA_alpha=0.90,267,0.0000
EMA_alpha=0.90,268,0.0000
EMA_alpha=0.90,269,0.0000
EMA_alpha=0.90,270,0.0000
EMA_alpha=0.90,271,0.0000
EMA_alpha=0.90,272,0.0000
EMA_alpha=0.90,273,0.0000
EMA_alpha=0.90,274,0.0000
EMA_alpha=0.90,275,0.0000
EMA_alpha=0.90,276,0.0000
EMA_alpha=0.90,277,0.0000
EMA_alpha=0.90,278,0.0000
EMA_alpha=0.90,279,0.0000
EMA_alpha=0.90,280,0.0000
EMA_alpha=0.90,281,0.0000
EMA_alpha=0.90,282,0.0000
EMA_alpha=0.90,283,0.0000
EMA_alpha=0.90,284,0.0000
EMA_alpha=0.90,285,0.0000
EMA_alpha=0.90,286,0.0000
EMA_alpha=0.90,287,0.0000
EMA_alpha=0.90,288,0.0000
EMA_alpha=0.90,289,0.0000
EMA_alpha=0.90,290,0.0000
EMA_alpha=0.90,291,0.0000
EMA_alpha=0.90,292,0.0000
EMA_alpha=0.90,293,0.0000
EMA_alpha=0.90,294,0.0000
EMA_alpha=0.90,295,0.0000
EMA_alpha=0.90,296,0.0000
EMA_alpha=0.90,297,0.0000
EMA_alpha=0.90,298,0.0000
EMA_alpha=0.90,299,0.0000
EMA_alpha=0.90,300,0.0000
EMA_alpha=0.90,301,0.0000
EMA_alpha=0.90,302,0.0000
EMA_alpha=0.90,303,0.0000
EMA_alpha=0.90,304,0.0000
EMA_alpha=0.90,305,0.0000
EMA_alpha=0.90,306,0.0000
EMA_alpha=0.90,307,0.0000
EMA_alpha=0.90,308,0.0000
EMA_alpha=0.90,309,0.0000
EMA_alpha=0.90,310,0.0000
EMA_alpha=0.90,311,0.0000
EMA_alpha=0.90,312,0.0000
EMA_alpha=0.90,313,1.0000
EMA_alpha=0.90,314,1.0000
EMA_alpha=0.90,315,1.0000
EMA_alpha=0.90,316,1.0000
EMA_alpha=0.90,317,1.0000
EMA_alpha=0.90,318,1.0000
EMA_alpha=0.90,319,1.0000
EMA_alpha=0.90,320,1.0000
EMA_alpha=0.90,321,1.0000
EMA_alpha=0.90,322,1.0000
EMA_alpha=0.90,323,1.0000
EMA_alpha=0.90,324,1.0000
EMA_alpha=0.90,325,1.0000
EMA_alpha=0.90,326,1.0000
EMA_alpha=0.90,327,1.0000
EMA_alpha=0.90,328,1.0000
EMA_alpha=0.90,329,1.0000
EMA_alpha=0.90,330,1.0000
EMA_alpha=0.90,331,1.0000
EMA_alpha=0.90,332,1.0000
EMA_alpha=0.90,333,1.0000
EMA_alpha=0.90,334,1.0000
EMA_alpha=0.90,335,1.0000
EMA_alpha=0.90,336,1.0000
EMA_alpha=0.90,337,1.0000
EMA_alpha=0.90,338,1.0000
EMA_alpha=0.90,339,1.0000
EMA_alpha=0.90,340,1.0000
EMA_alpha=0.90,341,1.0000
EMA_alpha=0.90,342,1.0000
EMA_alpha=0.90,343,1.0000
EMA_alpha=0.90,344,1.0000
EMA_alpha=0.90,345,1.0000
EMA_alpha=0.90,346,1.0000
EMA_alpha=0.90,347,1.0000
EMA_alpha=0.90,348,1.0000
EMA_alpha=0.90,349,1.0000
EMA_alpha=0.90,350,1.0000
EMA_alpha=0.90,351,1.0000
EMA_alpha=0.90,352,1.0000
EMA_alpha=0.90,353,1.0000
EMA_alpha=0.90,354,1.0000
EMA_alpha=0.90,355,1.0000
EMA_alpha=0.90,356,1.0000
EMA_alpha=0.90,357,1.0000
EMA_alpha=0.90,358,1.0000
EMA_alpha=0.90,359,1.0000
EMA_alpha=0.90,360,1.0000
EMA_alpha=0.90,361,1.0000
EMA_alpha=0.90,362,1.0000
EMA_alpha=0.90,363,1.0000
EMA_alpha=0.90,364,1.0000
EMA_alpha=0.90,365,1.0000
EMA_alpha=0.90,366,1.0000
EMA_alpha=0.90,367,1.0000
EMA_alpha=0.90,368,1.0000
EMA_alpha=0.90,369,1.0000
EMA_alpha=0.90,370,1.0000
EMA_alpha=0.90,371,1.0000
EMA_alpha=0.90,372,1.0000
EMA_alpha=0.90,373,1.0000
EMA_alpha=0.90,374,1.0000
EMA_alpha=0.90,375,1.0000
EMA_alpha=0.90,376,1.0000
EMA_alpha=0.90,377,1.0000
EMA_alpha=0.90,378,1.0000
EMA_alpha=0.90,379,1.0000
EMA_alpha=0.90,380,1.0000
EMA_alpha=0.90,381,1.0000
EMA_alpha=0.90,382,1.0000
EMA_alpha=0.90,383,1.0000
EMA_alpha=0.90,384,1.0000
EMA_alpha=0.90,385,1.0000
EMA_alpha=0.90,386,1.0000
EMA_alpha=0.90,387,1.0000
EMA_alpha=0.90,388,1.0000
EMA_alpha=0.90,389,1.0000
EMA_alpha=0.90,390,1.0000
EMA_alpha=0.90,391,1.0000
EMA_alpha=0.90,392,1.0000
EMA_alpha=0.90,393,1.0000
EMA_alpha=0.90,394,1.0000
EMA_alpha=0.90,395,1.0000
EMA_alpha=0.90,396,1.0000
EMA_alpha=0.90,397,1.0000
EMA_alpha=0.90,398,1.0000
EMA_alpha=0.90,399,1.0000
EMA_alpha=0.90,400,1.0000
EMA_alpha=0.90,401,1.0000
EMA_alpha=0.90,402,1.0000
EMA_alpha=0.90,403,1.0000
EMA_alpha=0.90,404,1.0000
EMA_alpha=0.90,405,1.0000
EMA_alpha=0.90,406,1.0000
EMA_alpha=0.90,407,1.0000
EMA_alpha=0.90,408,1.0000
EMA_alpha=0.90,409,1.0000
EMA_alpha=0.90,410,1.0000
EMA_alpha=0.90,411,1.0000
EMA_alpha=0.90,412,1.0000
EMA_alpha=0.90,413,1.0000
EMA_alpha=0.90,414,1.0000
EMA_alpha=0.90,415,1.0000
EMA_alpha=0.90,416,1.0000
EMA_alpha=0.90,417,1.0000
EMA_alpha=0.90,418,1.0000
EMA_alpha=0.90,419,1.0000
EMA_alpha=0.90,420,1.0000
EMA_alpha=0.90,421,1.0000
EMA_alpha=0.90,422,1.0000
EMA_alpha=0.90,423,1.0000
EMA_alpha=0.90,424,1.0000
EMA_alpha=0.90,425,1.0000
EMA_alpha=0.90,426,1.0000
EMA_alpha=0.90,427,1.0000
EMA_alpha=0.90,428,1.0000
EMA_alpha=0.90,429,1.0000
EMA_alpha=0.90,430,1.0000
EMA_alpha=0.90,431,1.0000
EMA_alpha=0.90,432,1.0000
EMA_alpha=0.90,433,1.0000
EMA_alpha=0.90,434,1.0000
EMA_alpha=0.90,435,1.0000
EMA_alpha=0.90,436,1.0000
EMA_alpha=0.90,437,1.0000
EMA_alpha=0.90,438,1.0000
EMA_alpha=0.90,439,1.0000
EMA_alpha=0.90,440,1.0000
EMA_alpha=0.90,441,1.0000
EMA_alpha=0.90,442,1.0000
EMA_alpha=0.90,443,1.0000
EMA_alpha=0.90,444,1.0000
EMA_alpha=0.90,445,1.0000
EMA_alpha=0.90,446,1.0000
EMA_alpha=0.90,447,1.0000
EMA_alpha=0.90,448,1.0000
EMA_alpha=0.90,449,1.0000
EMA_alpha=0.90,450,1.0000
EMA_alpha=0.90,451,1.0000
EMA_alpha=0.90,452,1.0000
EMA_alpha=0.90,453,1.0000
EMA_alpha=0.90,454,1.0000
EMA_alpha=0.90,455,1.0000
EMA_alpha=0.90,456,1.0000
EMA_alpha=0.90,457,1.0000
EMA_alpha=0.90,458,1.0000
EMA_alpha=0.90,459,1.0000
EMA_alpha=0.90,460,1.0000
EMA_alpha=0.90,461,1.0000
EMA_alpha=0.90,462,1.0000
EMA_alpha=0.90,463,1.0000
EMA_alpha=0.90,464,1.0000
EMA_alpha=0.90,465,1.0000
EMA_alpha=0.90,466,1.0000
EMA_alpha=0.90,467,1.0000
EMA_alpha=0.90,468,1.0000
EMA_alpha=0.90,469,1.0000
EMA_alpha=0.90,470,1.0000
EMA_alpha=0.90,471,1.0000
EMA_alpha=0.90,472,1.0000
EMA_alpha=0.90,473,1.0000
EMA_alpha=0.90,474,1.0000
EMA_alpha=0.90,475,1.0000
EMA_alpha=0.90,476,1.0000
EMA_alpha=0.90,477,1.0000
EMA_alpha=0.90,478,1.0000
EMA_alpha=0.90,479,1.0000
EMA_alpha=0.90,480,1.0000
EMA_alpha=0.90,481,1.0000
EMA_alpha=0.90,482,1.0000
EMA_alpha=0.90,483,1.0000
EMA_alpha=0.90,484,1.0000
EMA_alpha=0.90,485,1.0000
EMA_alpha=0.90,486,1.0000
EMA_alpha=0.90,487,1.0000
EMA_alpha=0.90,488,1.0000
EMA_alpha=0.90,489,1.0000
EMA_alpha=0.90,490,1.0000
EMA_alpha=0.90,491,1.0000
EMA_alpha=0.90,492,1.0000
EMA_alpha=0.90,493,1.0000
EMA_alpha=0.90,494,1.0000
EMA_alpha=0.90,495,1.0000
EMA_alpha=0.90,496,1.0000
EMA_alpha=0.90,497,1.0000
EMA_alpha=0.90,498,1.0000
EMA_alpha=0.90,499,1.0000
EMA_alpha=0.90,500,1.0000
EMA_alpha=0.90,501,1.0000
EMA_alpha=0.90,502,1.0000
EMA_alpha=0.90,503,1.0000
EMA_alpha=0.90,504,1.0000
EMA_alpha=0.90,505,1.0000
EMA_alpha=0.90,506,1.0000
EMA_alpha=0.90,507,1.0000
EMA_alpha=0.90,508,1.0000
EMA_alpha=0.90,509,1.0000
EMA_alpha=0.90,510,1.0000
EMA_alpha=0.90,511,1.0000
EMA_alpha=0.90,512,1.0000
EMA_alpha=0.90,513,1.0000
EMA_alpha=0.90,514,1.0000
EMA_alpha=0.90,515,1.0000
EMA_alpha=0.90,516,1.0000
EMA_alpha=0.90,517,1.0000
EMA_alpha=0.90,518,1.0000
EMA_alpha=0.90,519,1.0000
EMA_alpha=0.90,520,1.0000
EMA_alpha=0.90,521,1.0000
EMA_alpha=0.90,522,1.0000
EMA_alpha=0.90,523,1.0000
EMA_alpha=0.90,524,1.0000
EMA_alpha=0.90,525,1.0000
EMA_alpha=0.90,526,1.0000
EMA_alpha=0.90,527,1.0000
EMA_alpha=0.90,528,1.0000
EMA_alpha=0.90,529,1.0000
EMA_alpha=0.90,530,1.0000
EMA_alpha=0.90,531,1.0000
EMA_alpha=0.90,532,1.0000
EMA_alpha=0.90,533,1.0000
EMA_alpha=0.90,534,1.0000
EMA_alpha=0.90,535,1.0000
EMA_alpha=0.90,536,1.0000
EMA_alpha=0.90,537,1.0000
EMA_alpha=0.90,538,1.0000
EMA_alpha=0.90,539,1.0000
EMA_alpha=0.90,540,1.0000
EMA_alpha=0.90,541,1.0000
EMA_alpha=0.90,542,1.0000
EMA_alpha=0.90,543,1.0000
EMA_alpha=0.90,544,1.0000
EMA_alpha=0.90,545,1.0000
EMA_alpha=0.90,546,1.0000
EMA_alpha=0.90,547,1.0000
EMA_alpha=0.90,548,1.0000
EMA_alpha=0.90,549,1.0000
EMA_alpha=0.90,550,1.0000
EMA_alpha=0.90,551,1.0000
EMA_alpha=0.90,552,1.0000
EMA_alpha=0.90,553,1.0000
EMA_alpha=0.90,554,1.0000
EMA_alpha=0.90,555,1.0000
EMA_alpha=0.90,556,1.0000
EMA_alpha=0.90,557,1.0000
EMA_alpha=0.90,558,1.0000
EMA_alpha=0.90,559,1.0000
EMA_alpha=0.90,560,1.0000
EMA_alpha=0.90,561,1.0000
EMA_alpha=0.90,562,1.0000
EMA_alpha=0.90,563,1.0000
EMA_alpha=0.90,564,1.0000
EMA_alpha=0.90,565,1.0000
EMA_alpha=0.90,566,1.0000
EMA_alpha=0.90,567,1.0000
EMA_alpha=0.90,568,1.0000
EMA_alpha=0.90,569,1.0000
EMA_alpha=0.90,570,1.0000
EMA_alpha=0.90,571,1.0000
EMA_alpha=0.90,572,1.0000
EMA_alpha=0.90,573,1.0000
EMA_alpha=0.90,574,1.0000
EMA_alpha=0.90,575,1.0000
EMA_alpha=0.90,576,1.0000
EMA_alpha=0.90,577,1.0000
EMA_alpha=0.90,578,1.0000
EMA_alpha=0.90,579,1.0000
EMA_alpha=0.90,580,1.0000
EMA_alpha=0.90,581,1.0000
EMA_alpha=0.90,582,1.0000
EMA_alpha=0.90,583,1.0000
EMA_alpha=0.90,584,1.0000
EMA_alpha=0.90,585,1.0000
EMA_alpha=0.90,586,1.0000
EMA_alpha=0.90,587,1.0000
EMA_alpha=0.90,588,1.0000
EMA_alpha=0.90,589,1.0000
EMA_alpha=0.90,590,1.0000
EMA_alpha=0.90,591,1.0000
EMA_alpha=0.90,592,1.0000
EMA_alpha=0.90,593,1.0000
EMA_alpha=0.90,594,1.0000
EMA_alpha=0.90,595,1.0000
EMA_alpha=0.90,596,1.0000
EMA_alpha=0.90,597,1.0000
EMA_alpha=0.90,598,1.0000
EMA_alpha=0.90,599,1.0000
EMA_alpha=0.90,600,1.0000
EMA_alpha=0.90,601,1.0000
EMA_alpha=0.90,602,1.0000
EMA_alpha=0.90,603,1.0000
EMA_alpha=0.90,604,1.0000
EMA_alpha=0.90,605,1.0000
EMA_alpha=0.90,606,1.0000
EMA_alpha=0.90,607,1.0000
EMA_alpha=0.90,608,1.0000
EMA_alpha=0.90,609,1.0000
EMA_alpha=0.90,610,1.0000
EMA_alpha=0.90,611,1.0000
EMA_alpha=0.90,612,1.0000
EMA_alpha=0.90,613,1.0000
EMA_alpha=0.90,614,1.0000
EMA_alpha=0.90,615,1.0000
EMA_alpha=0.90,616,1.0000
EMA_alpha=0.90,617,1.0000
EMA_alpha=0.90,618,1.0000
EMA_alpha=0.90,619,1.0000
EMA_alpha=0.90,620,1.0000
EMA_alpha=0.90,621,1.0000
EMA_alpha=0.90,622,1.0000
EMA_alpha=0.90,623,1.0000
EMA_alpha=0.90,624,1.0000
EMA_alpha=0.90,625,1.0000
EMA_alpha=0.90,626,1.0000
EMA_alpha=0.90,627,1.0000
EMA_alpha=0.90,628,1.0000
EMA_alpha=0.90,629,1.0000
EMA_alpha=0.90,630,1.0000
EMA_alpha=0.90,631,1.0000
EMA_alpha=0.90,632,1.0000
EMA_alpha=0.90,633,1.0000
EMA_alpha=0.90,634,1.0000
EMA_alpha=0.90,635,1.0000
EMA_alpha=0.90,636,1.0000
EMA_alpha=0.90,637,1.0000
EMA_alpha=0.90,638,1.0000
EMA_alpha=0.90,639,1.0000
EMA_alpha=0.90,640,1.0000
EMA_alpha=0.90,641,1.0000
EMA_alpha=0.90,642,1.0000
EMA_alpha=0.90,643,1.0000
EMA_alpha=0.90,644,1.0000
EMA_alpha=0.90,645,1.0000
EMA_alpha=0.90,646,1.0000
EMA_alpha=0.90,647,1.0000
EMA_alpha=0.90,648,1.0000
EMA_alpha=0.90,649,1.0000
EMA_alpha=0.90,650,1.0000
EMA_alpha=0.90,651,1.0000
EMA_alpha=0.90,652,1.0000
EMA_alpha=0.90,653,1.0000
EMA_alpha=0.90,654,1.0000
EMA_alpha=0.90,655,1.0000
EMA_alpha=0.90,656,1.0000
EMA_alpha=0.90,657,1.0000
EMA_alpha=0.90,658,1.0000
EMA_alpha=0.90,659,1.0000
EMA_alpha=0.90,660,1.0000
EMA_alpha=0.90,661,1.0000
EMA_alpha=0.90,662,1.0000
EMA_alpha=0.90,663,1.0000
EMA_alpha=0.90,664,1.0000
EMA_alpha=0.90,665,1.0000
EMA_alpha=0.90,666,1.0000
EMA_alpha=0.90,667,1.0000
EMA_alpha=0.90,668,1.0000
EMA_alpha=0.90,669,1.0000
EMA_alpha=0.90,670,1.0000
EMA_alpha=0.90,671,1.0000
EMA_alpha=0.90,672,1.0000
EMA_alpha=0.90,673,1.0000
EMA_alpha=0.90,674,1.0000
EMA_alpha=0.90,675,1.0000
EMA_alpha=0.90,676,1.0000
EMA_alpha=0.90,677,1.0000
EMA_alpha=0.90,678,1.0000
EMA_alpha=0.90,679,1.0000
EMA_alpha=0.90,680,1.0000
EMA_alpha=0.90,681,1.0000
EMA_alpha=0.90,682,1.0000
EMA_alpha=0.90,683,1.0000
EMA_alpha=0.90,684,1.0000
EMA_alpha=0.90,685,1.0000
EMA_alpha=0.90,686,1.0000
EMA_alpha=0.90,687,1.0000
EMA_alpha=0.90,688,1.0000
EMA_alpha=0.90,689,1.0000
EMA_alpha=0.90,690,1.0000
EMA_alpha=0.90,691,1.0000
EMA_alpha=0.90,692,1.0000
EMA_alpha=0.90,693,1.0000
EMA_alpha=0.90,694,1.0000
EMA_alpha=0.90,695,1.0000
EMA_alpha=0.90,696,1.0000
EMA_alpha=0.90,697,1.0000
EMA_alpha=0.90,698,1.0000
EMA_alpha=0.90,699,1.0000
EMA_alpha=0.90,700,1.0000
EMA_alpha=0.90,701,1.0000
EMA_alpha=0.90,702,1.0000
EMA_alpha=0.90,703,1.0000
EMA_alpha=0.90,704,1.0000
EMA_alpha=0.90,705,1.0000
EMA_alpha=0.90,706,1.0000
EMA_alpha=0.90,707,1.0000
EMA_alpha=0.90,708,1.0000
EMA_alpha=0.90,709,1.0000
EMA_alpha=0.90,710,1.0000
EMA_alpha=0.90,711,1.0000
EMA_alpha=0.90,712,1.0000
EMA_alpha=0.90,713,1.0000
EMA_alpha=0.90,714,1.0000
EMA_alpha=0.90,715,1.0000
EMA_alpha=0.90,716,1.0000
EMA_alpha=0.90,717,1.0000
EMA_alpha=0.90,718,1.0000
EMA_alpha=0.90,719,1.0000
EMA_alpha=0.90,720,1.0000
EMA_alpha=0.90,721,1.0000
EMA_alpha=0.90,722,1.0000
EMA_alpha=0.90,723,1.0000
EMA_alpha=0.90,724,1.0000
EMA_alpha=0.90,725,1.0000
EMA_alpha=0.90,726,1.0000
EMA_alpha=0.90,727,1.0000
EMA_alpha=0.90,728,1.0000
EMA_alpha=0.90,729,1.0000
EMA_alpha=0.90,730,1.0000
EMA_alpha=0.90,731,1.0000
EMA_alpha=0.90,732,1.0000
EMA_alpha=0.90,733,1.0000
EMA_alpha=0.90,734,1.0000
EMA_alpha=0.90,735,1.0000
EMA_alpha=0.90,736,1.0000
EMA_alpha=0.90,737,1.0000
EMA_alpha=0.90,738,1.0000
EMA_alpha=0.90,739,1.0000
EMA_alpha=0.90,740,1.0000
EMA_alpha=0.90,741,1.0000
EMA_alpha=0.90,742,1.0000
EMA_alpha=0.90,743,1.0000
EMA_alpha=0.90,744,1.0000
EMA_alpha=0.90,745,1.0000
EMA_alpha=0.90,746,1.0000
EMA_alpha=0.90,747,1.0000
EMA_alpha=0.90,748,1.0000
EMA_alpha=0.90,749,1.0000
EMA_alpha=0.90,750,1.0000
EMA_alpha=0.90,751,1.0000
EMA_alpha=0.90,752,1.0000
EMA_alpha=0.90,753,1.0000
EMA_alpha=0.90,754,1.0000
EMA_alpha=0.90,755,1.0000
EMA_alpha=0.90,756,1.0000
EMA_alpha=0.90,757,1.0000
EMA_alpha=0.90,758,1.0000
EMA_alpha=0.90,759,1.0000
EMA_alpha=0.90,760,1.0000
EMA_alpha=0.90,761,1.0000
EMA_alpha=0.90,762,1.0000
EMA_alpha=0.90,763,1.0000
EMA_alpha=0.90,764,1.0000
EMA_alpha=0.90,765,1.0000
EMA_alpha=0.90,766,1.0000
EMA_alpha=0.90,767,1.0000
EMA_alpha=0.90,768,1.0000
EMA_alpha=0.90,769,1.0000
EMA_alpha=0.90,770,1.0000
EMA_alpha=0.90,771,1.0000
EMA_alpha=0.90,772,0.0000
EMA_alpha=0.90,773,1.0000
EMA_alpha=0.90,774,0.0000
EMA_alpha=0.90,775,0.0025
EMA_alpha=0.90,776,0.2621
EMA_alpha=0.90,777,0.2396
EMA_alpha=0.90,778,0.2559
EMA_alpha=0.90,779,0.2606
EMA_alpha=0.90,780,0.3329
EMA_alpha=0.90,781,0.4702
EMA_alpha=0.90,782,0.4182
EMA_alpha=0.90,783,0.4210
EMA_alpha=0.90,784,0.3499
EMA_alpha=0.90,785,0.1102
EMA_alpha=0.95,0,0.0000
EMA_alpha=0.95,1,0.0000
EMA_alpha=0.95,2,0.1392
EMA_alpha=0.95,3,0.1236
EMA_alpha=0.95,4,0.1229
EMA_alpha=0.95,5,0.1610
EMA_alpha=0.95,6,0.1207
EMA_alpha=0.95,7,0.1662
EMA_alpha=0.95,8,0.1663
EMA_alpha=0.95,9,0.1710
EMA_alpha=0.95,10,0.0000
EMA_alpha=0.95,11,0.0000
EMA_alpha=0.95,12,0.0000
EMA_alpha=0.95,13,0.0000
EMA_alpha=0.95,14,0.0000
EMA_alpha=0.95,15,0.0000
EMA_alpha=0.95,16,0.0000
EMA_alpha=0.95,17,0.0000
EMA_alpha=0.95,18,0.0000
EMA_alpha=0.95,19,0.0000
EMA_alpha=0.95,20,0.0000
EMA_alpha=0.95,21,0.0000
EMA_alpha=0.95,22,0.0000
EMA_alpha=0.95,23,0.0000
EMA_alpha=0.95,24,0.0000
EMA_alpha=0.95,25,0.0000
EMA_alpha=0.95,26,0.0000
EMA_alpha=0.95,27,0.0000
EMA_alpha=0.95,28,0.0000
EMA_alpha=0.95,29,0.0000
EMA_alpha=0.95,30,0.0000
EMA_alpha=0.95,31,0.0000
EMA_alpha=0.95,32,0.0000
EMA_alpha=0.95,33,0.0000
EMA_alpha=0.95,34,0.0000
EMA_alpha=0.95,35,0.0000
EMA_alpha=0.95,36,0.0000
EMA_alpha=0.95,37,0.0000
EMA_alpha=0.95,38,0.0000
EMA_alpha=0.95,39,0.0000
EMA_alpha=0.95,40,0.0000
EMA_alpha=0.95,41,0.0000
EMA_alpha=0.95,42,0.0000
EMA_alpha=0.95,43,0.0000
EMA_alpha=0.95,44,0.0000
EMA_alpha=0.95,45,0.0000
EMA_alpha=0.95,46,0.0000
EMA_alpha=0.95,47,0.0000
EMA_alpha=0.95,48,0.0000
EMA_alpha=0.95,49,0.0000
EMA_alpha=0.95,50,0.0000
EMA_alpha=0.95,51,0.0000
EMA_alpha=0.95,52,0.0000
EMA_alpha=0.95,53,0.0000
EMA_alpha=0.95,54,0.0000
EMA_alpha=0.95,55,0.0000
EMA_alpha=0.95,56,0.0000
EMA_alpha=0.95,57,0.0000
EMA_alpha=0.95,58,0.0000
EMA_alpha=0.95,59,0.0000
EMA_alpha=0.95,60,0.0000
EMA_alpha=0.95,61,0.0000
EMA_alpha=0.95,62,0.0000
EMA_alpha=0.95,63,0.0000
EMA_alpha=0.95,64,0.0000
EMA_alpha=0.95,65,0.0000
EMA_alpha=0.95,66,0.0000
EMA_alpha=0.95,67,0.0000
EMA_alpha=0.95,68,0.0000
EMA_alpha=0.95,69,0.0000
EMA_alpha=0.95,70,0.0000
EMA_alpha=0.95,71,0.0000
EMA_alpha=0.95,72,0.0000
EMA_alpha=0.95,73,0.0000
EMA_alpha=0.95,74,0.0000
EMA_alpha=0.95,75,0.0000
EMA_alpha=0.95,76,0.0000
EMA_alpha=0.95,77,0.0000
EMA_alpha=0.95,78,0.0000
EMA_alpha=0.95,79,0.0000
EMA_alpha=0.95,80,0.0000
EMA_alpha=0.95,81,0.0000
EMA_alpha=0.95,82,0.0000
EMA_alpha=0.95,83,0.0000
EMA_alpha=0.95,84,0.0000
EMA_alpha=0.95,85,0.0000
EMA_alpha=0.95,86,0.0000
EMA_alpha=0.95,87,0.0000
EMA_alpha=0.95,88,0.0000
EMA_alpha=0.95,89,0.0000
EMA_alpha=0.95,90,0.0000
EMA_alpha=0.95,91,0.0000
EMA_alpha=0.95,92,0.0000
EMA_alpha=0.95,93,0.0000
EMA_alpha=0.95,94,0.0000
EMA_alpha=0.95,95,0.0000
EMA_alpha=0.95,96,0.0000
EMA_alpha=0.95,97,0.0000
EMA_alpha=0.95,98,0.0000
EMA_alpha=0.95,99,0.0000
EMA_alpha=0.95,100,0.0000
EMA_alpha=0.95,101,0.0000
EMA_alpha=0.95,102,0.0000
EMA_alpha=0.95,103,0.0000
EMA_alpha=0.95,104,0.0000
EMA_alpha=0.95,105,0.0000
EMA_alpha=0.95,106,0.0000
EMA_alpha=0.95,107,0.0000
EMA_alpha=0.95,108,0.0000
EMA_alpha=0.95,109,0.0000
EMA_alpha=0.95,110,0.0000
EMA_alpha=0.95,111,0.0000
EMA_alpha=0.95,112,0.0000
EMA_alpha=0.95,113,0.0000
EMA_alpha=0.95,114,0.0000
EMA_alpha=0.95,115,0.0000
EMA_alpha=0.95,116,0.0000
EMA_alpha=0.95,117,0.0000
EMA_alpha=0.95,118,0.0000
EMA_alpha=0.95,119,0.0000
EMA_alpha=0.95,120,0.0000
EMA_alpha=0.95,121,0.0000
EMA_alpha=0.95,122,0.0000
EMA_alpha=0.95,123,0.0000
EMA_alpha=0.95,124,0.0000
EMA_alpha=0.95,125,0.0000
EMA_alpha=0.95,126,0.0000
EMA_alpha=0.95,127,0.0000
EMA_alpha=0.95,128,0.0000
EMA_alpha=0.95,129,0.0000
EMA_alpha=0.95,130,0.0000
EMA_alpha=0.95,131,0.0000
EMA_alpha=0.95,132,0.0000
EMA_alpha=0.95,133,0.0000
EMA_alpha=0.95,134,0.0000
EMA_alpha=0.95,135,0.0000
EMA_alpha=0.95,136,0.0000
EMA_alpha=0.95,137,0.0000
EMA_alpha=0.95,138,0.0000
EMA_alpha=0.95,139,0.0000
EMA_alpha=0.95,140,0.0000
EMA_alpha=0.95,141,0.0000
EMA_alpha=0.95,142,0.0000
EMA_alpha=0.95,143,0.0000
EMA_alpha=0.95,144,0.0000
EMA_alpha=0.95,145,0.0000
EMA_alpha=0.95,146,0.0000
EMA_alpha=0.95,147,0.0000
EMA_alpha=0.95,148,0.0000
EMA_alpha=0.95,149,0.0000
EMA_alpha=0.95,150,0.0000
EMA_alpha=0.95,151,0.0000
EMA_alpha=0.95,152,0.0000
EMA_alpha=0.95,153,0.0000
EMA_alpha=0.95,154,0.0000
EMA_alpha=0.95,155,0.0000
EMA_alpha=0.95,156,0.0000
EMA_alpha=0.95,157,0.0000
EMA_alpha=0.95,158,0.0000
EMA_alpha=0.95,159,0.0000
EMA_alpha=0.95,160,0.0000
EMA_alpha=0.95,161,0.0000
EMA_alpha=0.95,162,0.0000
EMA_alpha=0.95,163,0.0000
EMA_alpha=0.95,164,0.0000
EMA_alpha=0.95,165,0.0000
EMA_alpha=0.95,166,0.0000
EMA_alpha=0.95,167,0.0000
EMA_alpha=0.95,168,0.0000
EMA_alpha=0.95,169,0.0000
EMA_alpha=0.95,170,0.0000
EMA_alpha=0.95,171,0.0000
EMA_alpha=0.95,172,0.0000
EMA_alpha=0.95,173,0.0000
EMA_alpha=0.95,174,0.0000
EMA_alpha=0.95,175,0.0000
EMA_alpha=0.95,176,0.0000
EMA_alpha=0.95,177,0.0000
EMA_alpha=0.95,178,0.0000
EMA_alpha=0.95,179,0.0000
EMA_alpha=0.95,180,0.0000
EMA_alpha=0.95,181,0.0000
EMA_alpha=0.95,182,0.0000
EMA_alpha=0.95,183,0.0000
EMA_alpha=0.95,184,0.0000
EMA_alpha=0.95,185,0.0000
EMA_alpha=0.95,186,0.0000
EMA_alpha=0.95,187,0.0000
EMA_alpha=0.95,188,0.0000
EMA_alpha=0.95,189,0.0000
EMA_alpha=0.95,190,0.0000
EMA_alpha=0.95,191,0.0000
EMA_alpha=0.95,192,0.0000
EMA_alpha=0.95,193,0.0000
EMA_alpha=0.95,194,0.0000
EMA_alpha=0.95,195,0.0000
EMA_alpha=0.95,196,0.0000
EMA_alpha=0.95,197,0.0000
EMA_alpha=0.95,198,0.0000
EMA_alpha=0.95,199,0.0000
EMA_alpha=0.95,200,0.0000
EMA_alpha=0.95,201,0.0000
EMA_alpha=0.95,202,0.0000
EMA_alpha=0.95,203,0.0000
EMA_alpha=0.95,204,0.0000
EMA_alpha=0.95,205,0.0000
EMA_alpha=0.95,206,0.0000
EMA_alpha=0.95,207,0.0000
EMA_alpha=0.95,208,0.0000
EMA_alpha=0.95,209,0.0000
EMA_alpha=0.95,210,0.0000
EMA_alpha=0.95,211,0.0000
EMA_alpha=0.95,212,0.0000
EMA_alpha=0.95,213,0.0000
EMA_alpha=0.95,214,0.0000
EMA_alpha=0.95,215,0.0000
EMA_alpha=0.95,216,0.0000
EMA_alpha=0.95,217,0.0000
EMA_alpha=0.95,218,0.0000
EMA_alpha=0.95,219,0.0000
EMA_alpha=0.95,220,0.0000
EMA_alpha=0.95,221,0.0000
EMA_alpha=0.95,222,0.0000
EMA_alpha=0.95,223,0.0000
EMA_alpha=0.95,224,0.0000
EMA_alpha=0.95,225,0.0000
EMA_alpha=0.95,226,0.0000
EMA_alpha=0.95,227,0.0000
EMA_alpha=0.95,228,0.0000
EMA_alpha=0.95,229,0.0000
EMA_alpha=0.95,230,0.0000
EMA_alpha=0.95,231,0.0000
EMA_alpha=0.95,232,0.0000
EMA_alpha=0.95,233,0.0000
EMA_alpha=0.95,234,0.0000
EMA_alpha=0.95,235,0.0000
EMA_alpha=0.95,236,0.0000
EMA_alpha=0.95,237,0.0000
EMA_alpha=0.95,238,0.0000
EMA_alpha=0.95,239,0.0000
EMA_alpha=0.95,240,0.0000
EMA_alpha=0.95,241,0.0000
EMA_alpha=0.95,242,0.0000
EMA_alpha=0.95,243,0.0000
EMA_alpha=0.95,244,0.0000
EMA_alpha=0.95,245,0.0000
EMA_alpha=0.95,246,0.0000
EMA_alpha=0.95,247,0.0000
EMA_alpha=0.95,248,0.0000
EMA_alpha=0.95,249,0.0000
EMA_alpha=0.95,250,0.0000
EMA_alpha=0.95,251,0.0000
EMA_alpha=0.95,252,0.0000
EMA_alpha=0.95,253,0.0000
EMA_alpha=0.95,254,0.0000
EMA_alpha=0.95,255,0.0000
EMA_alpha=0.95,256,0.0000
EMA_alpha=0.95,257,0.0000
EMA_alpha=0.95,258,0.0000
EMA_alpha=0.95,259,0.0000
EMA_alpha=0.95,260,0.0000
EMA_alpha=0.95,261,0.0000
EMA_alpha=0.95,262,0.0000
EMA_alpha=0.95,263,0.0000
EMA_alpha=0.95,264,0.0000
EMA_alpha=0.95,265,0.0000
EMA_alpha=0.95,266,0.0000
EMA_alpha=0.95,267,0.0000
EMA_alpha=0.95,268,0.0000
EMA_alpha=0.95,269,0.0000
EMA_alpha=0.95,270,0.0000
EMA_alpha=0.95,271,0.0000
EMA_alpha=0.95,272,0.0000
EMA_alpha=0.95,273,0.0000
EMA_alpha=0.95,274,0.0000
EMA_alpha=0.95,275,0.0000
EMA_alpha=0.95,276,0.0000
EMA_alpha=0.95,277,1.0000
EMA_alpha=0.95,278,1.0000
EMA_alpha=0.95,279,1.0000
EMA_alpha=0.95,280,1.0000
EMA_alpha=0.95,281,1.0000
EMA_alpha=0.95,282,1.0000
EMA_alpha=0.95,283,1.0000
EMA_alpha=0.95,284,1.0000
EMA_alpha=0.95,285,1.0000
EMA_alpha=0.95,286,1.0000
EMA_alpha=0.95,287,1.0000
EMA_alpha=0.95,288,1.0000
EMA_alpha=0.95,289,1.0000
EMA_alpha=0.95,290,1.0000
EMA_alpha=0.95,291,1.0000
EMA_alpha=0.95,292,1.0000
EMA_alpha=0.95,293,1.0000
EMA_alpha=0.95,294,1.0000
EMA_alpha=0.95,295,1.0000
EMA_alpha=0.95,296,1.0000
EMA_alpha=0.95,297,1.0000
EMA_alpha=0.95,298,1.0000
EMA_alpha=0.95,299,1.0000
EMA_alpha=0.95,300,1.0000
EMA_alpha=0.95,301,1.0000
EMA_alpha=0.95,302,1.0000
EMA_alpha=0.95,303,1.0000
EMA_alpha=0.95,304,1.0000
EMA_alpha=0.95,305,1.0000
EMA_alpha=0.95,306,1.0000
EMA_alpha=0.95,307,1.0000
EMA_alpha=0.95,308,1.0000
EMA_alpha=0.95,309,1.0000
EMA_alpha=0.95,310,1.0000
EMA_alpha=0.95,311,1.0000
EMA_alpha=0.95,312,1.0000
EMA_alpha=0.95,313,1.0000
EMA_alpha=0.95,314,1.0000
EMA_alpha=0.95,315,1.0000
EMA_alpha=0.95,316,1.0000
EMA_alpha=0.95,317,1.0000
EMA_alpha=0.95,318,1.0000
EMA_alpha=0.95,319,1.0000
EMA_alpha=0.95,320,1.0000
EMA_alpha=0.95,321,1.0000
EMA_alpha=0.95,322,1.0000
EMA_alpha=0.95,323,1.0000
EMA_alpha=0.95,324,1.0000
EMA_alpha=0.95,325,1.0000
EMA_alpha=0.95,326,1.0000
EMA_alpha=0.95,327,1.0000
EMA_alpha=0.95,328,1.0000
EMA_alpha=0.95,329,1.0000
EMA_alpha=0.95,330,1.0000
EMA_alpha=0.95,331,1.0000
EMA_alpha=0.95,332,1.0000
EMA_alpha=0.95,333,1.0000
EMA_alpha=0.95,334,1.0000
EMA_alpha=0.95,335,1.0000
EMA_alpha=0.95,336,1.0000
EMA_alpha=0.95,337,1.0000
EMA_alpha=0.95,338,1.0000
EMA_alpha=0.95,339,1.0000
EMA_alpha=0.95,340,1.0000
EMA_alpha=0.95,341,1.0000
EMA_alpha=0.95,342,1.0000
EMA_alpha=0.95,343,1.0000
EMA_alpha=0.95,344,1.0000
EMA_alpha=0.95,345,1.0000
EMA_alpha=0.95,346,1.0000
EMA_alpha=0.95,347,1.0000
EMA_alpha=0.95,348,1.0000
EMA_alpha=0.95,349,1.0000
EMA_alpha=0.95,350,1.0000
EMA_alpha=0.95,351,1.0000
EMA_alpha=0.95,352,1.0000
EMA_alpha=0.95,353,1.0000
EMA_alpha=0.95,354,1.0000
EMA_alpha=0.95,355,1.0000
EMA_alpha=0.95,356,1.0000
EMA_alpha=0.95,357,1.0000
EMA_alpha=0.95,358,1.0000
EMA_alpha=0.95,359,1.0000
EMA_alpha=0.95,360,1.0000
EMA_alpha=0.95,361,1.0000
EMA_alpha=0.95,362,1.0000
EMA_alpha=0.95,363,1.0000
EMA_alpha=0.95,364,1.0000
EMA_alpha=0.95,365,1.0000
EMA_alpha=0.95,366,1.0000
EMA_alpha=0.95,367,1.0000
EMA_alpha=0.95,368,1.0000
EMA_alpha=0.95,369,1.0000
EMA_alpha=0.95,370,1.0000
EMA_alpha=0.95,371,1.0000
EMA_alpha=0.95,372,1.0000
EMA_alpha=0.95,373,1.0000
EMA_alpha=0.95,374,1.0000
EMA_alpha=0.95,375,1.0000
EMA_alpha=0.95,376,1.0000
EMA_alpha=0.95,377,1.0000
EMA_alpha=0.95,378,1.0000
EMA_alpha=0.95,379,1.0000
EMA_alpha=0.95,380,1.0000
EMA_alpha=0.95,381,1.0000
EMA_alpha=0.95,382,1.0000
EMA_alpha=0.95,383,1.0000
EMA_alpha=0.95,384,1.0000
EMA_alpha=0.95,385,1.0000
EMA_alpha=0.95,386,1.0000
EMA_alpha=0.95,387,1.0000
EMA_alpha=0.95,388,1.0000
EMA_alpha=0.95,389,1.0000
EMA_alpha=0.95,390,1.0000
EMA_alpha=0.95,391,1.0000
EMA_alpha=0.95,392,1.0000
EMA_alpha=0.95,393,1.0000
EMA_alpha=0.95,394,1.0000
EMA_alpha=0.95,395,1.0000
EMA_alpha=0.95,396,1.0000
EMA_alpha=0.95,397,1.0000
EMA_alpha=0.95,398,1.0000
EMA_alpha=0.95,399,1.0000
EMA_alpha=0.95,400,1.0000
EMA_alpha=0.95,401,1.0000
EMA_alpha=0.95,402,1.0000
EMA_alpha=0.95,403,1.0000
EMA_alpha=0.95,404,1.0000
EMA_alpha=0.95,405,1.0000
EMA_alpha=0.95,406,1.0000
EMA_alpha=0.95,407,1.0000
EMA_alpha=0.95,408,1.0000
EMA_alpha=0.95,409,1.0000
EMA_alpha=0.95,410,1.0000
EMA_alpha=0.95,411,1.0000
EMA_alpha=0.95,412,1.0000
EMA_alpha=0.95,413,1.0000
EMA_alpha=0.95,414,1.0000
EMA_alpha=0.95,415,1.0000
EMA_alpha=0.95,416,1.0000
EMA_alpha=0.95,417,1.0000
EMA_alpha=0.95,418,1.0000
EMA_alpha=0.95,419,1.0000
EMA_alpha=0.95,420,1.0000
EMA_alpha=0.95,421,1.0000
EMA_alpha=0.95,422,1.0000
EMA_alpha=0.95,423,1.0000
EMA_alpha=0.95,424,1.0000
EMA_alpha=0.95,425,1.0000
EMA_alpha=0.95,426,1.0000
EMA_alpha=0.95,427,1.0000
EMA_alpha=0.95,428,1.0000
EMA_alpha=0.95,429,1.0000
EMA_alpha=0.95,430,1.0000
EMA_alpha=0.95,431,1.0000
EMA_alpha=0.95,432,1.0000
EMA_alpha=0.95,433,1.0000
EMA_alpha=0.95,434,1.0000
EMA_alpha=0.95,435,1.0000
EMA_alpha=0.95,436,1.0000
EMA_alpha=0.95,437,1.0000
EMA_alpha=0.95,438,1.0000
EMA_alpha=0.95,439,1.0000
EMA_alpha=0.95,440,1.0000
EMA_alpha=0.95,441,1.0000
EMA_alpha=0.95,442,1.0000
EMA_alpha=0.95,443,1.0000
EMA_alpha=0.95,444,1.0000
EMA_alpha=0.95,445,1.0000
EMA_alpha=0.95,446,1.0000
EMA_alpha=0.95,447,1.0000
EMA_alpha=0.95,448,1.0000
EMA_alpha=0.95,449,1.0000
EMA_alpha=0.95,450,1.0000
EMA_alpha=0.95,451,1.0000
EMA_alpha=0.95,452,1.0000
EMA_alpha=0.95,453,1.0000
EMA_alpha=0.95,454,1.0000
EMA_alpha=0.95,455,1.0000
EMA_alpha=0.95,456,1.0000
EMA_alpha=0.95,457,1.0000
EMA_alpha=0.95,458,1.0000
EMA_alpha=0.95,459,1.0000
EMA_alpha=0.95,460,1.0000
EMA_alpha=0.95,461,1.0000
EMA_alpha=0.95,462,1.0000
EMA_alpha=0.95,463,1.0000
EMA_alpha=0.95,464,1.0000
EMA_alpha=0.95,465,1.0000
EMA_alpha=0.95,466,1.0000
EMA_alpha=0.95,467,1.0000
EMA_alpha=0.95,468,1.0000
EMA_alpha=0.95,469,1.0000
EMA_alpha=0.95,470,1.0000
EMA_alpha=0.95,471,1.0000
EMA_alpha=0.95,472,1.0000
EMA_alpha=0.95,473,1.0000
EMA_alpha=0.95,474,1.0000
EMA_alpha=0.95,475,1.0000
EMA_alpha=0.95,476,1.0000
EMA_alpha=0.95,477,1.0000
EMA_alpha=0.95,478,1.0000
EMA_alpha=0.95,479,1.0000
EMA_alpha=0.95,480,1.0000
EMA_alpha=0.95,481,1.0000
EMA_alpha=0.95,482,1.0000
EMA_alpha=0.95,483,1.0000
EMA_alpha=0.95,484,1.0000
EMA_alpha=0.95,485,1.0000
EMA_alpha=0.95,486,1.0000
EMA_alpha=0.95,487,1.0000
EMA_alpha=0.95,488,1.0000
EMA_alpha=0.95,489,1.0000
EMA_alpha=0.95,490,1.0000
EMA_alpha=0.95,491,1.0000
EMA_alpha=0.95,492,1.0000
EMA_alpha=0.95,493,1.0000
EMA_alpha=0.95,494,1.0000
EMA_alpha=0.95,495,1.0000
EMA_alpha=0.95,496,1.0000
EMA_alpha=0.95,497,1.0000
EMA_alpha=0.95,498,1.0000
EMA_alpha=0.95,499,1.0000
EMA_alpha=0.95,500,1.0000
EMA_alpha=0.95,501,1.0000
EMA_alpha=0.95,502,1.0000
EMA_alpha=0.95,503,1.0000
EMA_alpha=0.95,504,1.0000
EMA_alpha=0.95,505,1.0000
EMA_alpha=0.95,506,1.0000
EMA_alpha=0.95,507,1.0000
EMA_alpha=0.95,508,1.0000
EMA_alpha=0.95,509,1.0000
EMA_alpha=0.95,510,1.0000
EMA_alpha=0.95,511,1.0000
EMA_alpha=0.95,512,1.0000
EMA_alpha=0.95,513,1.0000
EMA_alpha=0.95,514,1.0000
EMA_alpha=0.95,515,1.0000
EMA_alpha=0.95,516,1.0000
EMA_alpha=0.95,517,1.0000
EMA_alpha=0.95,518,1.0000
EMA_alpha=0.95,519,1.0000
EMA_alpha=0.95,520,1.0000
EMA_alpha=0.95,521,1.0000
EMA_alpha=0.95,522,1.0000
EMA_alpha=0.95,523,1.0000
EMA_alpha=0.95,524,1.0000
EMA_alpha=0.95,525,1.0000
EMA_alpha=0.95,526,1.0000
EMA_alpha=0.95,527,1.0000
EMA_alpha=0.95,528,1.0000
EMA_alpha=0.95,529,1.0000
EMA_alpha=0.95,530,1.0000
EMA_alpha=0.95,531,1.0000
EMA_alpha=0.95,532,1.0000
EMA_alpha=0.95,533,1.0000
EMA_alpha=0.95,534,1.0000
EMA_alpha=0.95,535,1.0000
EMA_alpha=0.95,536,1.0000
EMA_alpha=0.95,537,1.0000
EMA_alpha=0.95,538,1.0000
EMA_alpha=0.95,539,1.0000
EMA_alpha=0.95,540,1.0000
EMA_alpha=0.95,541,1.0000
EMA_alpha=0.95,542,1.0000
EMA_alpha=0.95,543,1.0000
EMA_alpha=0.95,544,1.0000
EMA_alpha=0.95,545,1.0000
EMA_alpha=0.95,546,1.0000
EMA_alpha=0.95,547,1.0000
EMA_alpha=0.95,548,1.0000
EMA_alpha=0.95,549,1.0000
EMA_alpha=0.95,550,1.0000
EMA_alpha=0.95,551,1.0000
EMA_alpha=0.95,552,1.0000
EMA_alpha=0.95,553,1.0000
EMA_alpha=0.95,554,1.0000
EMA_alpha=0.95,555,1.0000
EMA_alpha=0.95,556,1.0000
EMA_alpha=0.95,557,1.0000
EMA_alpha=0.95,558,1.0000
EMA_alpha=0.95,559,1.0000
EMA_alpha=0.95,560,1.0000
EMA_alpha=0.95,561,1.0000
EMA_alpha=0.95,562,1.0000
EMA_alpha=0.95,563,1.0000
EMA_alpha=0.95,564,1.0000
EMA_alpha=0.95,565,1.0000
EMA_alpha=0.95,566,1.0000
EMA_alpha=0.95,567,1.0000
EMA_alpha=0.95,568,1.0000
EMA_alpha=0.95,569,1.0000
EMA_alpha=0.95,570,1.0000
EMA_alpha=0.95,571,1.0000
EMA_alpha=0.95,572,1.0000
EMA_alpha=0.95,573,1.0000
EMA_alpha=0.95,574,1.0000
EMA_alpha=0.95,575,1.0000
EMA_alpha=0.95,576,1.0000
EMA_alpha=0.95,577,1.0000
EMA_alpha=0.95,578,1.0000
EMA_alpha=0.95,579,1.0000
EMA_alpha=0.95,580,1.0000
EMA_alpha=0.95,581,1.0000
EMA_alpha=0.95,582,1.0000
EMA_alpha=0.95,583,1.0000
EMA_alpha=0.95,584,1.0000
EMA_alpha=0.95,585,1.0000
EMA_alpha=0.95,586,1.0000
EMA_alpha=0.95,587,1.0000
EMA_alpha=0.95,588,1.0000
EMA_alpha=0.95,589,1.0000
EMA_alpha=0.95,590,1.0000
EMA_alpha=0.95,591,1.0000
EMA_alpha=0.95,592,1.0000
EMA_alpha=0.95,593,1.0000
EMA_alpha=0.95,594,1.0000
EMA_alpha=0.95,595,1.0000
EMA_alpha=0.95,596,1.0000
EMA_alpha=0.95,597,1.0000
EMA_alpha=0.95,598,1.0000
EMA_alpha=0.95,599,1.0000
EMA_alpha=0.95,600,1.0000
EMA_alpha=0.95,601,1.0000
EMA_alpha=0.95,602,1.0000
EMA_alpha=0.95,603,1.0000
EMA_alpha=0.95,604,1.0000
EMA_alpha=0.95,605,1.0000
EMA_alpha=0.95,606,1.0000
EMA_alpha=0.95,607,1.0000
EMA_alpha=0.95,608,1.0000
EMA_alpha=0.95,609,1.0000
EMA_alpha=0.95,610,1.0000
EMA_alpha=0.95,611,1.0000
EMA_alpha=0.95,612,1.0000
EMA_alpha=0.95,613,1.0000
EMA_alpha=0.95,614,1.0000
EMA_alpha=0.95,615,1.0000
EMA_alpha=0.95,616,1.0000
EMA_alpha=0.95,617,1.0000
EMA_alpha=0.95,618,1.0000
EMA_alpha=0.95,619,1.0000
EMA_alpha=0.95,620,1.0000
EMA_alpha=0.95,621,1.0000
EMA_alpha=0.95,622,1.0000
EMA_alpha=0.95,623,1.0000
EMA_alpha=0.95,624,1.0000
EMA_alpha=0.95,625,1.0000
EMA_alpha=0.95,626,1.0000
EMA_alpha=0.95,627,1.0000
EMA_alpha=0.95,628,1.0000
EMA_alpha=0.95,629,1.0000
EMA_alpha=0.95,630,1.0000
EMA_alpha=0.95,631,1.0000
EMA_alpha=0.95,632,1.0000
EMA_alpha=0.95,633,1.0000
EMA_alpha=0.95,634,1.0000
EMA_alpha=0.95,635,1.0000
EMA_alpha=0.95,636,1.0000
EMA_alpha=0.95,637,1.0000
EMA_alpha=0.95,638,1.0000
EMA_alpha=0.95,639,1.0000
EMA_alpha=0.95,640,1.0000
EMA_alpha=0.95,641,1.0000
EMA_alpha=0.95,642,1.0000
EMA_alpha=0.95,643,1.0000
EMA_alpha=0.95,644,1.0000
EMA_alpha=0.95,645,1.0000
EMA_alpha=0.95,646,1.0000
EMA_alpha=0.95,647,1.0000
EMA_alpha=0.95,648,1.0000
EMA_alpha=0.95,649,1.0000
EMA_alpha=0.95,650,1.0000
EMA_alpha=0.95,651,1.0000
EMA_alpha=0.95,652,1.0000
EMA_alpha=0.95,653,1.0000
EMA_alpha=0.95,654,1.0000
EMA_alpha=0.95,655,1.0000
EMA_alpha=0.95,656,1.0000
EMA_alpha=0.95,657,1.0000
EMA_alpha=0.95,658,1.0000
EMA_alpha=0.95,659,1.0000
EMA_alpha=0.95,660,1.0000
EMA_alpha=0.95,661,1.0000
EMA_alpha=0.95,662,1.0000
EMA_alpha=0.95,663,1.0000
EMA_alpha=0.95,664,1.0000
EMA_alpha=0.95,665,1.0000
EMA_alpha=0.95,666,1.0000
EMA_alpha=0.95,667,1.0000
EMA_alpha=0.95,668,1.0000
EMA_alpha=0.95,669,1.0000
EMA_alpha=0.95,670,1.0000
EMA_alpha=0.95,671,1.0000
EMA_alpha=0.95,672,1.0000
EMA_alpha=0.95,673,1.0000
EMA_alpha=0.95,674,1.0000
EMA_alpha=0.95,675,1.0000
EMA_alpha=0.95,676,1.0000
EMA_alpha=0.95,677,1.0000
EMA_alpha=0.95,678,1.0000
EMA_alpha=0.95,679,1.0000
EMA_alpha=0.95,680,1.0000
EMA_alpha=0.95,681,1.0000
EMA_alpha=0.95,682,1.0000
EMA_alpha=0.95,683,1.0000
EMA_alpha=0.95,684,1.0000
EMA_alpha=0.95,685,1.0000
EMA_alpha=0.95,686,1.0000
EMA_alpha=0.95,687,1.0000
EMA_alpha=0.95,688,1.0000
EMA_alpha=0.95,689,1.0000
EMA_alpha=0.95,690,1.0000
EMA_alpha=0.95,691,1.0000
EMA_alpha=0.95,692,1.0000
EMA_alpha=0.95,693,1.0000
EMA_alpha=0.95,694,1.0000
EMA_alpha=0.95,695,1.0000
EMA_alpha=0.95,696,1.0000
EMA_alpha=0.95,697,1.0000
EMA_alpha=0.95,698,1.0000
EMA_alpha=0.95,699,1.0000
EMA_alpha=0.95,700,1.0000
EMA_alpha=0.95,701,1.0000
EMA_alpha=0.95,702,1.0000
EMA_alpha=0.95,703,1.0000
EMA_alpha=0.95,704,1.0000
EMA_alpha=0.95,705,1.0000
EMA_alpha=0.95,706,1.0000
EMA_alpha=0.95,707,1.0000
EMA_alpha=0.95,708,1.0000
EMA_alpha=0.95,709,1.0000
EMA_alpha=0.95,710,1.0000
EMA_alpha=0.95,711,1.0000
EMA_alpha=0.95,712,1.0000
EMA_alpha=0.95,713,1.0000
EMA_alpha=0.95,714,1.0000
EMA_alpha=0.95,715,1.0000
EMA_alpha=0.95,716,1.0000
EMA_alpha=0.95,717,1.0000
EMA_alpha=0.95,718,1.0000
EMA_alpha=0.95,719,1.0000
EMA_alpha=0.95,720,1.0000
EMA_alpha=0.95,721,1.0000
EMA_alpha=0.95,722,1.0000
EMA_alpha=0.95,723,1.0000
EMA_alpha=0.95,724,1.0000
EMA_alpha=0.95,725,1.0000
EMA_alpha=0.95,726,1.0000
EMA_alpha=0.95,727,1.0000
EMA_alpha=0.95,728,1.0000
EMA_alpha=0.95,729,1.0000
EMA_alpha=0.95,730,1.0000
EMA_alpha=0.95,731,1.0000
EMA_alpha=0.95,732,1.0000
EMA_alpha=0.95,733,1.0000
EMA_alpha=0.95,734,1.0000
EMA_alpha=0.95,735,1.0000
EMA_alpha=0.95,736,1.0000
EMA_alpha=0.95,737,1.0000
EMA_alpha=0.95,738,1.0000
EMA_alpha=0.95,739,1.0000
EMA_alpha=0.95,740,1.0000
EMA_alpha=0.95,741,1.0000
EMA_alpha=0.95,742,1.0000
EMA_alpha=0.95,743,1.0000
EMA_alpha=0.95,744,1.0000
EMA_alpha=0.95,745,1.0000
EMA_alpha=0.95,746,1.0000
EMA_alpha=0.95,747,1.0000
EMA_alpha=0.95,748,1.0000
EMA_alpha=0.95,749,1.0000
EMA_alpha=0.95,750,1.0000
EMA_alpha=0.95,751,1.0000
EMA_alpha=0.95,752,1.0000
EMA_alpha=0.95,753,1.0000
EMA_alpha=0.95,754,1.0000
EMA_alpha=0.95,755,1.0000
EMA_alpha=0.95,756,1.0000
EMA_alpha=0.95,757,1.0000
EMA_alpha=0.95,758,1.0000
EMA_alpha=0.95,759,1.0000
EMA_alpha=0.95,760,1.0000
EMA_alpha=0.95,761,1.0000
EMA_alpha=0.95,762,1.0000
EMA_alpha=0.95,763,1.0000
EMA_alpha=0.95,764,1.0000
EMA_alpha=0.95,765,1.0000
EMA_alpha=0.95,766,1.0000
EMA_alpha=0.95,767,1.0000
EMA_alpha=0.95,768,1.0000
EMA_alpha=0.95,769,1.0000
EMA_alpha=0.95,770,1.0000
EMA_alpha=0.95,771,1.0000
EMA_alpha=0.95,772,0.0000
EMA_alpha=0.95,773,1.0000
EMA_alpha=0.95,774,0.0000
EMA_alpha=0.95,775,0.0017
EMA_alpha=0.95,776,0.1363
EMA_alpha=0.95,777,0.2398
EMA_alpha=0.95,778,0.2559
EMA_alpha=0.95,779,0.2598
EMA_alpha=0.95,780,0.3329
EMA_alpha=0.95,781,0.4702
EMA_alpha=0.95,782,0.4182
EMA_alpha=0.95,783,0.4210
EMA_alpha=0.95,784,0.3499
EMA_alpha=0.95,785,0.1102
EMA_alpha=0.99,0,0.0000
EMA_alpha=0.99,1,0.0000
EMA_alpha=0.99,2,0.1392
EMA_alpha=0.99,3,0.1236
EMA_alpha=0.99,4,0.1229
EMA_alpha=0.99,5,0.1610
EMA_alpha=0.99,6,0.1207
EMA_alpha=0.99,7,0.1662
EMA_alpha=0.99,8,0.1663
EMA_alpha=0.99,9,0.1710
EMA_alpha=0.99,10,0.0000
EMA_alpha=0.99,11,0.0000
EMA_alpha=0.99,12,0.0000
EMA_alpha=0.99,13,0.0000
EMA_alpha=0.99,14,0.0000
EMA_alpha=0.99,15,0.0000
EMA_alpha=0.99,16,0.0000
EMA_alpha=0.99,17,0.0000
EMA_alpha=0.99,18,0.0000
EMA_alpha=0.99,19,0.0000
EMA_alpha=0.99,20,0.0000
EMA_alpha=0.99,21,0.0000
EMA_alpha=0.99,22,0.0000
EMA_alpha=0.99,23,0.0000
EMA_alpha=0.99,24,0.0000
EMA_alpha=0.99,25,0.0000
EMA_alpha=0.99,26,0.0000
EMA_alpha=0.99,27,0.0000
EMA_alpha=0.99,28,0.0000
EMA_alpha=0.99,29,0.0000
EMA_alpha=0.99,30,0.0000
EMA_alpha=0.99,31,0.0000
EMA_alpha=0.99,32,0.0000
EMA_alpha=0.99,33,0.0000
EMA_alpha=0.99,34,0.0000
EMA_alpha=0.99,35,0.0000
EMA_alpha=0.99,36,0.0000
EMA_alpha=0.99,37,0.0000
EMA_alpha=0.99,38,0.0000
EMA_alpha=0.99,39,0.0000
EMA_alpha=0.99,40,0.0000
EMA_alpha=0.99,41,0.0000
EMA_alpha=0.99,42,0.0000
EMA_alpha=0.99,43,0.0000
EMA_alpha=0.99,44,0.0000
EMA_alpha=0.99,45,0.0000
EMA_alpha=0.99,46,0.0000
EMA_alpha=0.99,47,0.0000
EMA_alpha=0.99,48,0.0000
EMA_alpha=0.99,49,0.0000
EMA_alpha=0.99,50,0.0000
EMA_alpha=0.99,51,0.0000
EMA_alpha=0.99,52,0.0000
EMA_alpha=0.99,53,0.0000
EMA_alpha=0.99,54,0.0000
EMA_alpha=0.99,55,0.0000
EMA_alpha=0.99,56,0.0000
EMA_alpha=0.99,57,0.0000
EMA_alpha=0.99,58,0.0000
EMA_alpha=0.99,59,0.0000
EMA_alpha=0.99,60,0.0000
EMA_alpha=0.99,61,0.0000
EMA_alpha=0.99,62,0.0000
EMA_alpha=0.99,63,0.0000
EMA_alpha=0.99,64,0.0000
EMA_alpha=0.99,65,0.0000
EMA_alpha=0.99,66,0.0000
EMA_alpha=0.99,67,0.0000
EMA_alpha=0.99,68,0.0000
EMA_alpha=0.99,69,0.0000
EMA_alpha=0.99,70,0.0000
EMA_alpha=0.99,71,0.0000
EMA_alpha=0.99,72,0.0000
EMA_alpha=0.99,73,0.0000
EMA_alpha=0.99,74,0.0000
EMA_alpha=0.99,75,0.0000
EMA_alpha=0.99,76,0.0000
EMA_alpha=0.99,77,0.0000
EMA_alpha=0.99,78,0.0000
EMA_alpha=0.99,79,0.0000
EMA_alpha=0.99,80,0.0000
EMA_alpha=0.99,81,0.0000
EMA_alpha=0.99,82,0.0000
EMA_alpha=0.99,83,0.0000
EMA_alpha=0.99,84,0.0000
EMA_alpha=0.99,85,0.0000
EMA_alpha=0.99,86,0.0000
EMA_alpha=0.99,87,0.0000
EMA_alpha=0.99,88,0.0000
EMA_alpha=0.99,89,0.0000
EMA_alpha=0.99,90,0.0000
EMA_alpha=0.99,91,1.0000
EMA_alpha=0.99,92,1.0000
EMA_alpha=0.99,93,1.0000
EMA_alpha=0.99,94,1.0000
EMA_alpha=0.99,95,1.0000
EMA_alpha=0.99,96,1.0000
EMA_alpha=0.99,97,1.0000
EMA_alpha=0.99,98,1.0000
EMA_alpha=0.99,99,1.0000
EMA_alpha=0.99,100,1.0000
EMA_alpha=0.99,101,1.0000
EMA_alpha=0.99,102,1.0000
EMA_alpha=0.99,103,1.0000
EMA_alpha=0.99,104,1.0000
EMA_alpha=0.99,105,1.0000
EMA_alpha=0.99,106,1.0000
EMA_alpha=0.99,107,1.0000
EMA_alpha=0.99,108,1.0000
EMA_alpha=0.99,109,1.0000
EMA_alpha=0.99,110,1.0000
EMA_alpha=0.99,111,1.0000
EMA_alpha=0.99,112,1.0000
EMA_alpha=0.99,113,1.0000
EMA_alpha=0.99,114,1.0000
EMA_alpha=0.99,115,1.0000
EMA_alpha=0.99,116,1.0000
EMA_alpha=0.99,117,1.0000
EMA_alpha=0.99,118,1.0000
EMA_alpha=0.99,119,1.0000
EMA_alpha=0.99,120,1.0000
EMA_alpha=0.99,121,1.0000
EMA_alpha=0.99,122,1.0000
EMA_alpha=0.99,123,1.0000
EMA_alpha=0.99,124,1.0000
EMA_alpha=0.99,125,1.0000
EMA_alpha=0.99,126,1.0000
EMA_alpha=0.99,127,1.0000
EMA_alpha=0.99,128,1.0000
EMA_alpha=0.99,129,1.0000
EMA_alpha=0.99,130,1.0000
EMA_alpha=0.99,131,1.0000
EMA_alpha=0.99,132,1.0000
EMA_alpha=0.99,133,1.0000
EMA_alpha=0.99,134,1.0000
EMA_alpha=0.99,135,1.0000
EMA_alpha=0.99,136,1.0000
EMA_alpha=0.99,137,1.0000
EMA_alpha=0.99,138,1.0000
EMA_alpha=0.99,139,1.0000
EMA_alpha=0.99,140,1.0000
EMA_alpha=0.99,141,1.0000
EMA_alpha=0.99,142,1.0000
EMA_alpha=0.99,143,1.0000
EMA_alpha=0.99,144,1.0000
EMA_alpha=0.99,145,1.0000
EMA_alpha=0.99,146,1.0000
EMA_alpha=0.99,147,1.0000
EMA_alpha=0.99,148,1.0000
EMA_alpha=0.99,149,1.0000
EMA_alpha=0.99,150,1.0000
EMA_alpha=0.99,151,1.0000
EMA_alpha=0.99,152,1.0000
EMA_alpha=0.99,153,1.0000
EMA_alpha=0.99,154,1.0000
EMA_alpha=0.99,155,1.0000
EMA_alpha=0.99,156,1.0000
EMA_alpha=0.99,157,1.0000
EMA_alpha=0.99,158,1.0000
EMA_alpha=0.99,159,1.0000
EMA_alpha=0.99,160,1.0000
EMA_alpha=0.99,161,1.0000
EMA_alpha=0.99,162,1.0000
EMA_alpha=0.99,163,1.0000
EMA_alpha=0.99,164,1.0000
EMA_alpha=0.99,165,1.0000
EMA_alpha=0.99,166,1.0000
EMA_alpha=0.99,167,1.0000
EMA_alpha=0.99,168,1.0000
EMA_alpha=0.99,169,1.0000
EMA_alpha=0.99,170,1.0000
EMA_alpha=0.99,171,1.0000
EMA_alpha=0.99,172,1.0000
EMA_alpha=0.99,173,1.0000
EMA_alpha=0.99,174,1.0000
EMA_alpha=0.99,175,1.0000
EMA_alpha=0.99,176,1.0000
EMA_alpha=0.99,177,1.0000
EMA_alpha=0.99,178,1.0000
EMA_alpha=0.99,179,1.0000
EMA_alpha=0.99,180,1.0000
EMA_alpha=0.99,181,1.0000
EMA_alpha=0.99,182,1.0000
EMA_alpha=0.99,183,1.0000
EMA_alpha=0.99,184,1.0000
EMA_alpha=0.99,185,1.0000
EMA_alpha=0.99,186,1.0000
EMA_alpha=0.99,187,1.0000
EMA_alpha=0.99,188,1.0000
EMA_alpha=0.99,189,1.0000
EMA_alpha=0.99,190,1.0000
EMA_alpha=0.99,191,1.0000
EMA_alpha=0.99,192,1.0000
EMA_alpha=0.99,193,1.0000
EMA_alpha=0.99,194,1.0000
EMA_alpha=0.99,195,1.0000
EMA_alpha=0.99,196,1.0000
EMA_alpha=0.99,197,1.0000
EMA_alpha=0.99,198,1.0000
EMA_alpha=0.99,199,1.0000
EMA_alpha=0.99,200,1.0000
EMA_alpha=0.99,201,1.0000
EMA_alpha=0.99,202,1.0000
EMA_alpha=0.99,203,1.0000
EMA_alpha=0.99,204,1.0000
EMA_alpha=0.99,205,1.0000
EMA_alpha=0.99,206,1.0000
EMA_alpha=0.99,207,1.0000
EMA_alpha=0.99,208,1.0000
EMA_alpha=0.99,209,1.0000
EMA_alpha=0.99,210,1.0000
EMA_alpha=0.99,211,1.0000
EMA_alpha=0.99,212,1.0000
EMA_alpha=0.99,213,1.0000
EMA_alpha=0.99,214,1.0000
EMA_alpha=0.99,215,1.0000
EMA_alpha=0.99,216,1.0000
EMA_alpha=0.99,217,1.0000
EMA_alpha=0.99,218,1.0000
EMA_alpha=0.99,219,1.0000
EMA_alpha=0.99,220,1.0000
EMA_alpha=0.99,221,1.0000
EMA_alpha=0.99,222,1.0000
EMA_alpha=0.99,223,1.0000
EMA_alpha=0.99,224,1.0000
EMA_alpha=0.99,225,1.0000
EMA_alpha=0.99,226,1.0000
EMA_alpha=0.99,227,1.0000
EMA_alpha=0.99,228,1.0000
EMA_alpha=0.99,229,1.0000
EMA_alpha=0.99,230,1.0000
EMA_alpha=0.99,231,1.0000
EMA_alpha=0.99,232,1.0000
EMA_alpha=0.99,233,1.0000
EMA_alpha=0.99,234,1.0000
EMA_alpha=0.99,235,1.0000
EMA_alpha=0.99,236,1.0000
EMA_alpha=0.99,237,1.0000
EMA_alpha=0.99,238,1.0000
EMA_alpha=0.99,239,1.0000
EMA_alpha=0.99,240,1.0000
EMA_alpha=0.99,241,1.0000
EMA_alpha=0.99,242,1.0000
EMA_alpha=0.99,243,1.0000
EMA_alpha=0.99,244,1.0000
EMA_alpha=0.99,245,1.0000
EMA_alpha=0.99,246,1.0000
EMA_alpha=0.99,247,1.0000
EMA_alpha=0.99,248,1.0000
EMA_alpha=0.99,249,1.0000
EMA_alpha=0.99,250,1.0000
EMA_alpha=0.99,251,1.0000
EMA_alpha=0.99,252,1.0000
EMA_alpha=0.99,253,1.0000
EMA_alpha=0.99,254,1.0000
EMA_alpha=0.99,255,1.0000
EMA_alpha=0.99,256,1.0000
EMA_alpha=0.99,257,1.0000
EMA_alpha=0.99,258,1.0000
EMA_alpha=0.99,259,1.0000
EMA_alpha=0.99,260,1.0000
EMA_alpha=0.99,261,1.0000
EMA_alpha=0.99,262,1.0000
EMA_alpha=0.99,263,1.0000
EMA_alpha=0.99,264,1.0000
EMA_alpha=0.99,265,1.0000
EMA_alpha=0.99,266,1.0000
EMA_alpha=0.99,267,1.0000
EMA_alpha=0.99,268,1.0000
EMA_alpha=0.99,269,1.0000
EMA_alpha=0.99,270,1.0000
EMA_alpha=0.99,271,1.0000
EMA_alpha=0.99,272,1.0000
EMA_alpha=0.99,273,1.0000
EMA_alpha=0.99,274,1.0000
EMA_alpha=0.99,275,1.0000
EMA_alpha=0.99,276,1.0000
EMA_alpha=0.99,277,1.0000
EMA_alpha=0.99,278,1.0000
EMA_alpha=0.99,279,1.0000
EMA_alpha=0.99,280,1.0000
EMA_alpha=0.99,281,1.0000
EMA_alpha=0.99,282,1.0000
EMA_alpha=0.99,283,1.0000
EMA_alpha=0.99,284,1.0000
EMA_alpha=0.99,285,1.0000
EMA_alpha=0.99,286,1.0000
EMA_alpha=0.99,287,1.0000
EMA_alpha=0.99,288,1.0000
EMA_alpha=0.99,289,1.0000
EMA_alpha=0.99,290,1.0000
EMA_alpha=0.99,291,1.0000
EMA_alpha=0.99,292,1.0000
EMA_alpha=0.99,293,1.0000
EMA_alpha=0.99,294,1.0000
EMA_alpha=0.99,295,1.0000
EMA_alpha=0.99,296,1.0000
EMA_alpha=0.99,297,1.0000
EMA_alpha=0.99,298,1.0000
EMA_alpha=0.99,299,1.0000
EMA_alpha=0.99,300,1.0000
EMA_alpha=0.99,301,1.0000
EMA_alpha=0.99,302,1.0000
EMA_alpha=0.99,303,1.0000
EMA_alpha=0.99,304,1.0000
EMA_alpha=0.99,305,1.0000
EMA_alpha=0.99,306,1.0000
EMA_alpha=0.99,307,1.0000
EMA_alpha=0.99,308,1.0000
EMA_alpha=0.99,309,1.0000
EMA_alpha=0.99,310,1.0000
EMA_alpha=0.99,311,1.0000
EMA_alpha=0.99,312,1.0000
EMA_alpha=0.99,313,1.0000
EMA_alpha=0.99,314,1.0000
EMA_alpha=0.99,315,1.0000
EMA_alpha=0.99,316,1.0000
EMA_alpha=0.99,317,1.0000
EMA_alpha=0.99,318,1.0000
EMA_alpha=0.99,319,1.0000
EMA_alpha=0.99,320,1.0000
EMA_alpha=0.99,321,1.0000
EMA_alpha=0.99,322,1.0000
EMA_alpha=0.99,323,1.0000
EMA_alpha=0.99,324,1.0000
EMA_alpha=0.99,325,1.0000
EMA_alpha=0.99,326,1.0000
EMA_alpha=0.99,327,1.0000
EMA_alpha=0.99,328,1.0000
EMA_alpha=0.99,329,1.0000
EMA_alpha=0.99,330,1.0000
EMA_alpha=0.99,331,1.0000
EMA_alpha=0.99,332,1.0000
EMA_alpha=0.99,333,1.0000
EMA_alpha=0.99,334,1.0000
EMA_alpha=0.99,335,1.0000
EMA_alpha=0.99,336,1.0000
EMA_alpha=0.99,337,1.0000
EMA_alpha=0.99,338,1.0000
EMA_alpha=0.99,339,1.0000
EMA_alpha=0.99,340,1.0000
EMA_alpha=0.99,341,1.0000
EMA_alpha=0.99,342,1.0000
EMA_alpha=0.99,343,1.0000
EMA_alpha=0.99,344,1.0000
EMA_alpha=0.99,345,1.0000
EMA_alpha=0.99,346,1.0000
EMA_alpha=0.99,347,1.0000
EMA_alpha=0.99,348,1.0000
EMA_alpha=0.99,349,1.0000
EMA_alpha=0.99,350,1.0000
EMA_alpha=0.99,351,1.0000
EMA_alpha=0.99,352,1.0000
EMA_alpha=0.99,353,1.0000
EMA_alpha=0.99,354,1.0000
EMA_alpha=0.99,355,1.0000
EMA_alpha=0.99,356,1.0000
EMA_alpha=0.99,357,1.0000
EMA_alpha=0.99,358,1.0000
EMA_alpha=0.99,359,1.0000
EMA_alpha=0.99,360,1.0000
EMA_alpha=0.99,361,1.0000
EMA_alpha=0.99,362,1.0000
EMA_alpha=0.99,363,1.0000
EMA_alpha=0.99,364,1.0000
EMA_alpha=0.99,365,1.0000
EMA_alpha=0.99,366,1.0000
EMA_alpha=0.99,367,1.0000
EMA_alpha=0.99,368,1.0000
EMA_alpha=0.99,369,1.0000
EMA_alpha=0.99,370,1.0000
EMA_alpha=0.99,371,1.0000
EMA_alpha=0.99,372,1.0000
EMA_alpha=0.99,373,1.0000
EMA_alpha=0.99,374,1.0000
EMA_alpha=0.99,375,1.0000
EMA_alpha=0.99,376,1.0000
EMA_alpha=0.99,377,1.0000
EMA_alpha=0.99,378,1.0000
EMA_alpha=0.99,379,1.0000
EMA_alpha=0.99,380,1.0000
EMA_alpha=0.99,381,1.0000
EMA_alpha=0.99,382,1.0000
EMA_alpha=0.99,383,1.0000
EMA_alpha=0.99,384,1.0000
EMA_alpha=0.99,385,1.0000
EMA_alpha=0.99,386,1.0000
EMA_alpha=0.99,387,1.0000
EMA_alpha=0.99,388,1.0000
EMA_alpha=0.99,389,1.0000
EMA_alpha=0.99,390,1.0000
EMA_alpha=0.99,391,1.0000
EMA_alpha=0.99,392,1.0000
EMA_alpha=0.99,393,1.0000
EMA_alpha=0.99,394,1.0000
EMA_alpha=0.99,395,1.0000
EMA_alpha=0.99,396,1.0000
EMA_alpha=0.99,397,1.0000
EMA_alpha=0.99,398,1.0000
EMA_alpha=0.99,399,1.0000
EMA_alpha=0.99,400,1.0000
EMA_alpha=0.99,401,1.0000
EMA_alpha=0.99,402,1.0000
EMA_alpha=0.99,403,1.0000
EMA_alpha=0.99,404,1.0000
EMA_alpha=0.99,405,1.0000
EMA_alpha=0.99,406,1.0000
EMA_alpha=0.99,407,1.0000
EMA_alpha=0.99,408,1.0000
EMA_alpha=0.99,409,1.0000
EMA_alpha=0.99,410,1.0000
EMA_alpha=0.99,411,1.0000
EMA_alpha=0.99,412,1.0000
EMA_alpha=0.99,413,1.0000
EMA_alpha=0.99,414,1.0000
EMA_alpha=0.99,415,1.0000
EMA_alpha=0.99,416,1.0000
EMA_alpha=0.99,417,1.0000
EMA_alpha=0.99,418,1.0000
EMA_alpha=0.99,419,1.0000
EMA_alpha=0.99,420,1.0000
EMA_alpha=0.99,421,1.0000
EMA_alpha=0.99,422,1.0000
EMA_alpha=0.99,423,1.0000
EMA_alpha=0.99,424,1.0000
EMA_alpha=0.99,425,1.0000
EMA_alpha=0.99,426,1.0000
EMA_alpha=0.99,427,1.0000
EMA_alpha=0.99,428,1.0000
EMA_alpha=0.99,429,1.0000
EMA_alpha=0.99,430,1.0000
EMA_alpha=0.99,431,1.0000
EMA_alpha=0.99,432,1.0000
EMA_alpha=0.99,433,1.0000
EMA_alpha=0.99,434,1.0000
EMA_alpha=0.99,435,1.0000
EMA_alpha=0.99,436,1.0000
EMA_alpha=0.99,437,1.0000
EMA_alpha=0.99,438,1.0000
EMA_alpha=0.99,439,1.0000
EMA_alpha=0.99,440,1.0000
EMA_alpha=0.99,441,1.0000
EMA_alpha=0.99,442,1.0000
EMA_alpha=0.99,443,1.0000
EMA_alpha=0.99,444,1.0000
EMA_alpha=0.99,445,1.0000
EMA_alpha=0.99,446,1.0000
EMA_alpha=0.99,447,1.0000
EMA_alpha=0.99,448,1.0000
EMA_alpha=0.99,449,1.0000
EMA_alpha=0.99,450,1.0000
EMA_alpha=0.99,451,1.0000
EMA_alpha=0.99,452,1.0000
EMA_alpha=0.99,453,1.0000
EMA_alpha=0.99,454,1.0000
EMA_alpha=0.99,455,1.0000
EMA_alpha=0.99,456,1.0000
EMA_alpha=0.99,457,1.0000
EMA_alpha=0.99,458,1.0000
EMA_alpha=0.99,459,1.0000
EMA_alpha=0.99,460,1.0000
EMA_alpha=0.99,461,1.0000
EMA_alpha=0.99,462,1.0000
EMA_alpha=0.99,463,1.0000
EMA_alpha=0.99,464,1.0000
EMA_alpha=0.99,465,1.0000
EMA_alpha=0.99,466,1.0000
EMA_alpha=0.99,467,1.0000
EMA_alpha=0.99,468,1.0000
EMA_alpha=0.99,469,1.0000
EMA_alpha=0.99,470,1.0000
EMA_alpha=0.99,471,1.0000
EMA_alpha=0.99,472,1.0000
EMA_alpha=0.99,473,1.0000
EMA_alpha=0.99,474,1.0000
EMA_alpha=0.99,475,1.0000
EMA_alpha=0.99,476,1.0000
EMA_alpha=0.99,477,1.0000
EMA_alpha=0.99,478,1.0000
EMA_alpha=0.99,479,1.0000
EMA_alpha=0.99,480,1.0000
EMA_alpha=0.99,481,1.0000
EMA_alpha=0.99,482,1.0000
EMA_alpha=0.99,483,1.0000
EMA_alpha=0.99,484,1.0000
EMA_alpha=0.99,485,1.0000
EMA_alpha=0.99,486,1.0000
EMA_alpha=0.99,487,1.0000
EMA_alpha=0.99,488,1.0000
EMA_alpha=0.99,489,1.0000
EMA_alpha=0.99,490,1.0000
EMA_alpha=0.99,491,1.0000
EMA_alpha=0.99,492,1.0000
EMA_alpha=0.99,493,1.0000
EMA_alpha=0.99,494,1.0000
EMA_alpha=0.99,495,1.0000
EMA_alpha=0.99,496,1.0000
EMA_alpha=0.99,497,1.0000
EMA_alpha=0.99,498,1.0000
EMA_alpha=0.99,499,1.0000
EMA_alpha=0.99,500,1.0000
EMA_alpha=0.99,501,1.0000
EMA_alpha=0.99,502,1.0000
EMA_alpha=0.99,503,1.0000
EMA_alpha=0.99,504,1.0000
EMA_alpha=0.99,505,1.0000
EMA_alpha=0.99,506,1.0000
EMA_alpha=0.99,507,1.0000
EMA_alpha=0.99,508,1.0000
EMA_alpha=0.99,509,1.0000
EMA_alpha=0.99,510,1.0000
EMA_alpha=0.99,511,1.0000
EMA_alpha=0.99,512,1.0000
EMA_alpha=0.99,513,1.0000
EMA_alpha=0.99,514,1.0000
EMA_alpha=0.99,515,1.0000
EMA_alpha=0.99,516,1.0000
EMA_alpha=0.99,517,1.0000
EMA_alpha=0.99,518,1.0000
EMA_alpha=0.99,519,1.0000
EMA_alpha=0.99,520,1.0000
EMA_alpha=0.99,521,1.0000
EMA_alpha=0.99,522,1.0000
EMA_alpha=0.99,523,1.0000
EMA_alpha=0.99,524,1.0000
EMA_alpha=0.99,525,1.0000
EMA_alpha=0.99,526,1.0000
EMA_alpha=0.99,527,1.0000
EMA_alpha=0.99,528,1.0000
EMA_alpha=0.99,529,1.0000
EMA_alpha=0.99,530,1.0000
EMA_alpha=0.99,531,1.0000
EMA_alpha=0.99,532,1.0000
EMA_alpha=0.99,533,1.0000
EMA_alpha=0.99,534,1.0000
EMA_alpha=0.99,535,1.0000
EMA_alpha=0.99,536,1.0000
EMA_alpha=0.99,537,1.0000
EMA_alpha=0.99,538,1.0000
EMA_alpha=0.99,539,1.0000
EMA_alpha=0.99,540,1.0000
EMA_alpha=0.99,541,1.0000
EMA_alpha=0.99,542,1.0000
EMA_alpha=0.99,543,1.0000
EMA_alpha=0.99,544,1.0000
EMA_alpha=0.99,545,1.0000
EMA_alpha=0.99,546,1.0000
EMA_alpha=0.99,547,1.0000
EMA_alpha=0.99,548,1.0000
EMA_alpha=0.99,549,1.0000
EMA_alpha=0.99,550,1.0000
EMA_alpha=0.99,551,1.0000
EMA_alpha=0.99,552,1.0000
EMA_alpha=0.99,553,1.0000
EMA_alpha=0.99,554,1.0000
EMA_alpha=0.99,555,1.0000
EMA_alpha=0.99,556,1.0000
EMA_alpha=0.99,557,1.0000
EMA_alpha=0.99,558,1.0000
EMA_alpha=0.99,559,1.0000
EMA_alpha=0.99,560,1.0000
EMA_alpha=0.99,561,1.0000
EMA_alpha=0.99,562,1.0000
EMA_alpha=0.99,563,1.0000
EMA_alpha=0.99,564,1.0000
EMA_alpha=0.99,565,1.0000
EMA_alpha=0.99,566,1.0000
EMA_alpha=0.99,567,1.0000
EMA_alpha=0.99,568,1.0000
EMA_alpha=0.99,569,1.0000
EMA_alpha=0.99,570,1.0000
EMA_alpha=0.99,571,1.0000
EMA_alpha=0.99,572,1.0000
EMA_alpha=0.99,573,1.0000
EMA_alpha=0.99,574,1.0000
EMA_alpha=0.99,575,1.0000
EMA_alpha=0.99,576,1.0000
EMA_alpha=0.99,577,1.0000
EMA_alpha=0.99,578,1.0000
EMA_alpha=0.99,579,1.0000
EMA_alpha=0.99,580,1.0000
EMA_alpha=0.99,581,1.0000
EMA_alpha=0.99,582,1.0000
EMA_alpha=0.99,583,1.0000
EMA_alpha=0.99,584,1.0000
EMA_alpha=0.99,585,1.0000
EMA_alpha=0.99,586,1.0000
EMA_alpha=0.99,587,1.0000
EMA_alpha=0.99,588,1.0000
EMA_alpha=0.99,589,1.0000
EMA_alpha=0.99,590,1.0000
EMA_alpha=0.99,591,1.0000
EMA_alpha=0.99,592,1.0000
EMA_alpha=0.99,593,1.0000
EMA_alpha=0.99,594,1.0000
EMA_alpha=0.99,595,1.0000
EMA_alpha=0.99,596,1.0000
EMA_alpha=0.99,597,1.0000
EMA_alpha=0.99,598,1.0000
EMA_alpha=0.99,599,1.0000
EMA_alpha=0.99,600,1.0000
EMA_alpha=0.99,601,1.0000
EMA_alpha=0.99,602,1.0000
EMA_alpha=0.99,603,1.0000
EMA_alpha=0.99,604,1.0000
EMA_alpha=0.99,605,1.0000
EMA_alpha=0.99,606,1.0000
EMA_alpha=0.99,607,1.0000
EMA_alpha=0.99,608,1.0000
EMA_alpha=0.99,609,1.0000
EMA_alpha=0.99,610,1.0000
EMA_alpha=0.99,611,1.0000
EMA_alpha=0.99,612,1.0000
EMA_alpha=0.99,613,1.0000
EMA_alpha=0.99,614,1.0000
EMA_alpha=0.99,615,1.0000
EMA_alpha=0.99,616,1.0000
EMA_alpha=0.99,617,1.0000
EMA_alpha=0.99,618,1.0000
EMA_alpha=0.99,619,1.0000
EMA_alpha=0.99,620,1.0000
EMA_alpha=0.99,621,1.0000
EMA_alpha=0.99,622,1.0000
EMA_alpha=0.99,623,1.0000
EMA_alpha=0.99,624,1.0000
EMA_alpha=0.99,625,1.0000
EMA_alpha=0.99,626,1.0000
EMA_alpha=0.99,627,1.0000
EMA_alpha=0.99,628,1.0000
EMA_alpha=0.99,629,1.0000
EMA_alpha=0.99,630,1.0000
EMA_alpha=0.99,631,1.0000
EMA_alpha=0.99,632,1.0000
EMA_alpha=0.99,633,1.0000
EMA_alpha=0.99,634,1.0000
EMA_alpha=0.99,635,1.0000
EMA_alpha=0.99,636,1.0000
EMA_alpha=0.99,637,1.0000
EMA_alpha=0.99,638,1.0000
EMA_alpha=0.99,639,1.0000
EMA_alpha=0.99,640,1.0000
EMA_alpha=0.99,641,1.0000
EMA_alpha=0.99,642,1.0000
EMA_alpha=0.99,643,1.0000
EMA_alpha=0.99,644,1.0000
EMA_alpha=0.99,645,1.0000
EMA_alpha=0.99,646,1.0000
EMA_alpha=0.99,647,1.0000
EMA_alpha=0.99,648,1.0000
EMA_alpha=0.99,649,1.0000
EMA_alpha=0.99,650,1.0000
EMA_alpha=0.99,651,1.0000
EMA_alpha=0.99,652,1.0000
EMA_alpha=0.99,653,1.0000
EMA_alpha=0.99,654,1.0000
EMA_alpha=0.99,655,1.0000
EMA_alpha=0.99,656,1.0000
EMA_alpha=0.99,657,1.0000
EMA_alpha=0.99,658,1.0000
EMA_alpha=0.99,659,1.0000
EMA_alpha=0.99,660,1.0000
EMA_alpha=0.99,661,1.0000
EMA_alpha=0.99,662,1.0000
EMA_alpha=0.99,663,1.0000
EMA_alpha=0.99,664,1.0000
EMA_alpha=0.99,665,1.0000
EMA_alpha=0.99,666,1.0000
EMA_alpha=0.99,667,1.0000
EMA_alpha=0.99,668,1.0000
EMA_alpha=0.99,669,1.0000
EMA_alpha=0.99,670,1.0000
EMA_alpha=0.99,671,1.0000
EMA_alpha=0.99,672,1.0000
EMA_alpha=0.99,673,1.0000
EMA_alpha=0.99,674,1.0000
EMA_alpha=0.99,675,1.0000
EMA_alpha=0.99,676,1.0000
EMA_alpha=0.99,677,1.0000
EMA_alpha=0.99,678,1.0000
EMA_alpha=0.99,679,1.0000
EMA_alpha=0.99,680,1.0000
EMA_alpha=0.99,681,1.0000
EMA_alpha=0.99,682,1.0000
EMA_alpha=0.99,683,1.0000
EMA_alpha=0.99,684,1.0000
EMA_alpha=0.99,685,1.0000
EMA_alpha=0.99,686,1.0000
EMA_alpha=0.99,687,1.0000
EMA_alpha=0.99,688,1.0000
EMA_alpha=0.99,689,1.0000
EMA_alpha=0.99,690,1.0000
EMA_alpha=0.99,691,1.0000
EMA_alpha=0.99,692,1.0000
EMA_alpha=0.99,693,1.0000
EMA_alpha=0.99,694,1.0000
EMA_alpha=0.99,695,1.0000
EMA_alpha=0.99,696,1.0000
EMA_alpha=0.99,697,1.0000
EMA_alpha=0.99,698,1.0000
EMA_alpha=0.99,699,1.0000
EMA_alpha=0.99,700,1.0000
EMA_alpha=0.99,701,1.0000
EMA_alpha=0.99,702,1.0000
EMA_alpha=0.99,703,1.0000
EMA_alpha=0.99,704,1.0000
EMA_alpha=0.99,705,1.0000
EMA_alpha=0.99,706,1.0000
EMA_alpha=0.99,707,1.0000
EMA_alpha=0.99,708,1.0000
EMA_alpha=0.99,709,1.0000
EMA_alpha=0.99,710,1.0000
EMA_alpha=0.99,711,1.0000
EMA_alpha=0.99,712,1.0000
EMA_alpha=0.99,713,1.0000
EMA_alpha=0.99,714,1.0000
EMA_alpha=0.99,715,1.0000
EMA_alpha=0.99,716,1.0000
EMA_alpha=0.99,717,1.0000
EMA_alpha=0.99,718,1.0000
EMA_alpha=0.99,719,1.0000
EMA_alpha=0.99,720,1.0000
EMA_alpha=0.99,721,1.0000
EMA_alpha=0.99,722,1.0000
EMA_alpha=0.99,723,1.0000
EMA_alpha=0.99,724,1.0000
EMA_alpha=0.99,725,1.0000
EMA_alpha=0.99,726,1.0000
EMA_alpha=0.99,727,1.0000
EMA_alpha=0.99,728,1.0000
EMA_alpha=0.99,729,1.0000
EMA_alpha=0.99,730,1.0000
EMA_alpha=0.99,731,1.0000
EMA_alpha=0.99,732,1.0000
EMA_alpha=0.99,733,1.0000
EMA_alpha=0.99,734,1.0000
EMA_alpha=0.99,735,1.0000
EMA_alpha=0.99,736,1.0000
EMA_alpha=0.99,737,1.0000
EMA_alpha=0.99,738,1.0000
EMA_alpha=0.99,739,1.0000
EMA_alpha=0.99,740,1.0000
EMA_alpha=0.99,741,1.0000
EMA_alpha=0.99,742,1.0000
EMA_alpha=0.99,743,1.0000
EMA_alpha=0.99,744,1.0000
EMA_alpha=0.99,745,1.0000
EMA_alpha=0.99,746,1.0000
EMA_alpha=0.99,747,1.0000
EMA_alpha=0.99,748,1.0000
EMA_alpha=0.99,749,1.0000
EMA_alpha=0.99,750,1.0000
EMA_alpha=0.99,751,1.0000
EMA_alpha=0.99,752,1.0000
EMA_alpha=0.99,753,1.0000
EMA_alpha=0.99,754,1.0000
EMA_alpha=0.99,755,1.0000
EMA_alpha=0.99,756,1.0000
EMA_alpha=0.99,757,1.0000
EMA_alpha=0.99,758,1.0000
EMA_alpha=0.99,759,1.0000
EMA_alpha=0.99,760,1.0000
EMA_alpha=0.99,761,1.0000
EMA_alpha=0.99,762,1.0000
EMA_alpha=0.99,763,1.0000
EMA_alpha=0.99,764,1.0000
EMA_alpha=0.99,765,1.0000
EMA_alpha=0.99,766,1.0000
EMA_alpha=0.99,767,1.0000
EMA_alpha=0.99,768,1.0000
EMA_alpha=0.99,769,1.0000
EMA_alpha=0.99,770,1.0000
EMA_alpha=0.99,771,1.0000
EMA_alpha=0.99,772,0.0000
EMA_alpha=0.99,773,1.0000
EMA_alpha=0.99,774,0.0000
EMA_alpha=0.99,775,0.0001
EMA_alpha=0.99,776,0.0000
EMA_alpha=0.99,777,0.2396
EMA_alpha=0.99,778,0.2558
EMA_alpha=0.99,779,0.2584
EMA_alpha=0.99,780,0.3329
EMA_alpha=0.99,781,0.4702
EMA_alpha=0.99,782,0.4182
EMA_alpha=0.99,783,0.4210
EMA_alpha=0.99,784,0.3499
EMA_alpha=0.99,785,0.1102
Threshold_2sigma,0,0.0000
Threshold_2sigma,1,0.0000
Threshold_2sigma,2,0.1392
Threshold_2sigma,3,0.1236
Threshold_2sigma,4,0.1229
Threshold_2sigma,5,0.1492
Threshold_2sigma,6,0.1187
Threshold_2sigma,7,0.1665
Threshold_2sigma,8,0.1997
Threshold_2sigma,9,0.2053
Threshold_2sigma,10,0.0000
Threshold_2sigma,11,0.0000
Threshold_2sigma,12,0.0000
Threshold_2sigma,13,0.0000
Threshold_2sigma,14,0.0000
Threshold_2sigma,15,0.0000
Threshold_2sigma,16,0.0000
Threshold_2sigma,17,0.0000
Threshold_2sigma,18,0.0000
Threshold_2sigma,19,0.0000
Threshold_2sigma,20,0.0000
Threshold_2sigma,21,0.0000
Threshold_2sigma,22,0.0000
Threshold_2sigma,23,0.0000
Threshold_2sigma,24,0.0000
Threshold_2sigma,25,0.0000
Threshold_2sigma,26,0.0000
Threshold_2sigma,27,0.0000
Threshold_2sigma,28,0.0000
Threshold_2sigma,29,0.0000
Threshold_2sigma,30,0.0000
Threshold_2sigma,31,0.0000
Threshold_2sigma,32,0.0000
Threshold_2sigma,33,0.0000
Threshold_2sigma,34,0.0000
Threshold_2sigma,35,0.0000
Threshold_2sigma,36,0.0000
Threshold_2sigma,37,0.0000
Threshold_2sigma,38,0.0000
Threshold_2sigma,39,0.0000
Threshold_2sigma,40,0.0000
Threshold_2sigma,41,0.0000
Threshold_2sigma,42,0.0000
Threshold_2sigma,43,0.0000
Threshold_2sigma,44,0.0000
Threshold_2sigma,45,0.0000
Threshold_2sigma,46,0.0000
Threshold_2sigma,47,0.0000
Threshold_2sigma,48,0.0000
Threshold_2sigma,49,0.0000
Threshold_2sigma,50,0.0000
Threshold_2sigma,51,0.0000
Threshold_2sigma,52,0.0000
Threshold_2sigma,53,0.0000
Threshold_2sigma,54,0.0000
Threshold_2sigma,55,0.0000
Threshold_2sigma,56,0.0000
Threshold_2sigma,57,0.0000
Threshold_2sigma,58,0.0000
Threshold_2sigma,59,0.0000
Threshold_2sigma,60,0.0000
Threshold_2sigma,61,0.0000
Threshold_2sigma,62,0.0000
Threshold_2sigma,63,0.0000
Threshold_2sigma,64,0.0000
Threshold_2sigma,65,0.0000
Threshold_2sigma,66,0.0000
Threshold_2sigma,67,0.0000
Threshold_2sigma,68,0.0000
Threshold_2sigma,69,0.0000
Threshold_2sigma,70,0.0000
Threshold_2sigma,71,0.0000
Threshold_2sigma,72,0.0000
Threshold_2sigma,73,0.0000
Threshold_2sigma,74,0.0000
Threshold_2sigma,75,0.0000
Threshold_2sigma,76,0.0000
Threshold_2sigma,77,0.0000
Threshold_2sigma,78,0.0000
Threshold_2sigma,79,0.0000
Threshold_2sigma,80,0.0000
Threshold_2sigma,81,0.0000
Threshold_2sigma,82,0.0000
Threshold_2sigma,83,0.0000
Threshold_2sigma,84,0.0000
Threshold_2sigma,85,0.0000
Threshold_2sigma,86,0.0000
Threshold_2sigma,87,0.0000
Threshold_2sigma,88,0.0000
Threshold_2sigma,89,0.0000
Threshold_2sigma,90,0.0000
Threshold_2sigma,91,0.0000
Threshold_2sigma,92,0.0000
Threshold_2sigma,93,0.0000
Threshold_2sigma,94,0.0000
Threshold_2sigma,95,0.0000
Threshold_2sigma,96,0.0000
Threshold_2sigma,97,0.0000
Threshold_2sigma,98,0.0000
Threshold_2sigma,99,0.0000
Threshold_2sigma,100,1.0000
Threshold_2sigma,101,1.0000
Threshold_2sigma,102,1.0000
Threshold_2sigma,103,1.0000
Threshold_2sigma,104,1.0000
Threshold_2sigma,105,1.0000
Threshold_2sigma,106,1.0000
Threshold_2sigma,107,1.0000
Threshold_2sigma,108,1.0000
Threshold_2sigma,109,1.0000
Threshold_2sigma,110,1.0000
Threshold_2sigma,111,1.0000
Threshold_2sigma,112,1.0000
Threshold_2sigma,113,1.0000
Threshold_2sigma,114,1.0000
Threshold_2sigma,115,1.0000
Threshold_2sigma,116,1.0000
Threshold_2sigma,117,1.0000
Threshold_2sigma,118,1.0000
Threshold_2sigma,119,1.0000
Threshold_2sigma,120,1.0000
Threshold_2sigma,121,1.0000
Threshold_2sigma,122,1.0000
Threshold_2sigma,123,1.0000
Threshold_2sigma,124,1.0000
Threshold_2sigma,125,1.0000
Threshold_2sigma,126,1.0000
Threshold_2sigma,127,1.0000
Threshold_2sigma,128,1.0000
Threshold_2sigma,129,1.0000
Threshold_2sigma,130,1.0000
Threshold_2sigma,131,1.0000
Threshold_2sigma,132,1.0000
Threshold_2sigma,133,1.0000
Threshold_2sigma,134,1.0000
Threshold_2sigma,135,1.0000
Threshold_2sigma,136,1.0000
Threshold_2sigma,137,1.0000
Threshold_2sigma,138,1.0000
Threshold_2sigma,139,1.0000
Threshold_2sigma,140,1.0000
Threshold_2sigma,141,1.0000
Threshold_2sigma,142,1.0000
Threshold_2sigma,143,1.0000
Threshold_2sigma,144,1.0000
Threshold_2sigma,145,1.0000
Threshold_2sigma,146,1.0000
Threshold_2sigma,147,1.0000
Threshold_2sigma,148,1.0000
Threshold_2sigma,149,1.0000
Threshold_2sigma,150,1.0000
Threshold_2sigma,151,1.0000
Threshold_2sigma,152,1.0000
Threshold_2sigma,153,1.0000
Threshold_2sigma,154,1.0000
Threshold_2sigma,155,1.0000
Threshold_2sigma,156,1.0000
Threshold_2sigma,157,1.0000
Threshold_2sigma,158,1.0000
Threshold_2sigma,159,1.0000
Threshold_2sigma,160,1.0000
Threshold_2sigma,161,1.0000
Threshold_2sigma,162,1.0000
Threshold_2sigma,163,1.0000
Threshold_2sigma,164,1.0000
Threshold_2sigma,165,1.0000
Threshold_2sigma,166,1.0000
Threshold_2sigma,167,1.0000
Threshold_2sigma,168,1.0000
Threshold_2sigma,169,1.0000
Threshold_2sigma,170,1.0000
Threshold_2sigma,171,1.0000
Threshold_2sigma,172,1.0000
Threshold_2sigma,173,1.0000
Threshold_2sigma,174,1.0000
Threshold_2sigma,175,1.0000
Threshold_2sigma,176,1.0000
Threshold_2sigma,177,1.0000
Threshold_2sigma,178,1.0000
Threshold_2sigma,179,1.0000
Threshold_2sigma,180,1.0000
Threshold_2sigma,181,1.0000
Threshold_2sigma,182,1.0000
Threshold_2sigma,183,1.0000
Threshold_2sigma,184,1.0000
Threshold_2sigma,185,1.0000
Threshold_2sigma,186,1.0000
Threshold_2sigma,187,1.0000
Threshold_2sigma,188,1.0000
Threshold_2sigma,189,1.0000
Threshold_2sigma,190,1.0000
Threshold_2sigma,191,1.0000
Threshold_2sigma,192,1.0000
Threshold_2sigma,193,1.0000
Threshold_2sigma,194,1.0000
Threshold_2sigma,195,1.0000
Threshold_2sigma,196,1.0000
Threshold_2sigma,197,1.0000
Threshold_2sigma,198,1.0000
Threshold_2sigma,199,1.0000
Threshold_2sigma,200,1.0000
Threshold_2sigma,201,1.0000
Threshold_2sigma,202,1.0000
Threshold_2sigma,203,1.0000
Threshold_2sigma,204,1.0000
Threshold_2sigma,205,1.0000
Threshold_2sigma,206,1.0000
Threshold_2sigma,207,1.0000
Threshold_2sigma,208,1.0000
Threshold_2sigma,209,1.0000
Threshold_2sigma,210,1.0000
Threshold_2sigma,211,1.0000
Threshold_2sigma,212,1.0000
Threshold_2sigma,213,1.0000
Threshold_2sigma,214,1.0000
Threshold_2sigma,215,1.0000
Threshold_2sigma,216,1.0000
Threshold_2sigma,217,1.0000
Threshold_2sigma,218,1.0000
Threshold_2sigma,219,1.0000
Threshold_2sigma,220,1.0000
Threshold_2sigma,221,1.0000
Threshold_2sigma,222,1.0000
Threshold_2sigma,223,1.0000
Threshold_2sigma,224,1.0000
Threshold_2sigma,225,1.0000
Threshold_2sigma,226,1.0000
Threshold_2sigma,227,1.0000
Threshold_2sigma,228,1.0000
Threshold_2sigma,229,1.0000
Threshold_2sigma,230,1.0000
Threshold_2sigma,231,1.0000
Threshold_2sigma,232,1.0000
Threshold_2sigma,233,1.0000
Threshold_2sigma,234,1.0000
Threshold_2sigma,235,1.0000
Threshold_2sigma,236,1.0000
Threshold_2sigma,237,1.0000
Threshold_2sigma,238,1.0000
Threshold_2sigma,239,1.0000
Threshold_2sigma,240,1.0000
Threshold_2sigma,241,1.0000
Threshold_2sigma,242,1.0000
Threshold_2sigma,243,1.0000
Threshold_2sigma,244,1.0000
Threshold_2sigma,245,1.0000
Threshold_2sigma,246,1.0000
Threshold_2sigma,247,1.0000
Threshold_2sigma,248,1.0000
Threshold_2sigma,249,1.0000
Threshold_2sigma,250,1.0000
Threshold_2sigma,251,1.0000
Threshold_2sigma,252,1.0000
Threshold_2sigma,253,1.0000
Threshold_2sigma,254,1.0000
Threshold_2sigma,255,1.0000
Threshold_2sigma,256,1.0000
Threshold_2sigma,257,1.0000
Threshold_2sigma,258,1.0000
Threshold_2sigma,259,1.0000
Threshold_2sigma,260,1.0000
Threshold_2sigma,261,1.0000
Threshold_2sigma,262,1.0000
Threshold_2sigma,263,1.0000
Threshold_2sigma,264,1.0000
Threshold_2sigma,265,1.0000
Threshold_2sigma,266,1.0000
Threshold_2sigma,267,1.0000
Threshold_2sigma,268,1.0000
Threshold_2sigma,269,1.0000
Threshold_2sigma,270,1.0000
Threshold_2sigma,271,1.0000
Threshold_2sigma,272,1.0000
Threshold_2sigma,273,1.0000
Threshold_2sigma,274,1.0000
Threshold_2sigma,275,1.0000
Threshold_2sigma,276,1.0000
Threshold_2sigma,277,1.0000
Threshold_2sigma,278,1.0000
Threshold_2sigma,279,1.0000
Threshold_2sigma,280,1.0000
Threshold_2sigma,281,1.0000
Threshold_2sigma,282,1.0000
Threshold_2sigma,283,1.0000
Threshold_2sigma,284,1.0000
Threshold_2sigma,285,1.0000
Threshold_2sigma,286,1.0000
Threshold_2sigma,287,1.0000
Threshold_2sigma,288,1.0000
Threshold_2sigma,289,1.0000
Threshold_2sigma,290,1.0000
Threshold_2sigma,291,1.0000
Threshold_2sigma,292,1.0000
Threshold_2sigma,293,1.0000
Threshold_2sigma,294,1.0000
Threshold_2sigma,295,1.0000
Threshold_2sigma,296,1.0000
Threshold_2sigma,297,1.0000
Threshold_2sigma,298,1.0000
Threshold_2sigma,299,1.0000
Threshold_2sigma,300,1.0000
Threshold_2sigma,301,1.0000
Threshold_2sigma,302,1.0000
Threshold_2sigma,303,1.0000
Threshold_2sigma,304,1.0000
Threshold_2sigma,305,1.0000
Threshold_2sigma,306,1.0000
Threshold_2sigma,307,1.0000
Threshold_2sigma,308,1.0000
Threshold_2sigma,309,1.0000
Threshold_2sigma,310,1.0000
Threshold_2sigma,311,1.0000
Threshold_2sigma,312,1.0000
Threshold_2sigma,313,1.0000
Threshold_2sigma,314,1.0000
Threshold_2sigma,315,1.0000
Threshold_2sigma,316,1.0000
Threshold_2sigma,317,1.0000
Threshold_2sigma,318,1.0000
Threshold_2sigma,319,1.0000
Threshold_2sigma,320,1.0000
Threshold_2sigma,321,1.0000
Threshold_2sigma,322,1.0000
Threshold_2sigma,323,1.0000
Threshold_2sigma,324,1.0000
Threshold_2sigma,325,1.0000
Threshold_2sigma,326,1.0000
Threshold_2sigma,327,1.0000
Threshold_2sigma,328,1.0000
Threshold_2sigma,329,1.0000
Threshold_2sigma,330,1.0000
Threshold_2sigma,331,1.0000
Threshold_2sigma,332,1.0000
Threshold_2sigma,333,1.0000
Threshold_2sigma,334,1.0000
Threshold_2sigma,335,1.0000
Threshold_2sigma,336,1.0000
Threshold_2sigma,337,1.0000
Threshold_2sigma,338,1.0000
Threshold_2sigma,339,1.0000
Threshold_2sigma,340,1.0000
Threshold_2sigma,341,1.0000
Threshold_2sigma,342,1.0000
Threshold_2sigma,343,1.0000
Threshold_2sigma,344,1.0000
Threshold_2sigma,345,1.0000
Threshold_2sigma,346,1.0000
Threshold_2sigma,347,1.0000
Threshold_2sigma,348,1.0000
Threshold_2sigma,349,1.0000
Threshold_2sigma,350,1.0000
Threshold_2sigma,351,1.0000
Threshold_2sigma,352,1.0000
Threshold_2sigma,353,1.0000
Threshold_2sigma,354,1.0000
Threshold_2sigma,355,1.0000
Threshold_2sigma,356,1.0000
Threshold_2sigma,357,1.0000
Threshold_2sigma,358,1.0000
Threshold_2sigma,359,1.0000
Threshold_2sigma,360,1.0000
Threshold_2sigma,361,1.0000
Threshold_2sigma,362,1.0000
Threshold_2sigma,363,1.0000
Threshold_2sigma,364,1.0000
Threshold_2sigma,365,1.0000
Threshold_2sigma,366,1.0000
Threshold_2sigma,367,1.0000
Threshold_2sigma,368,1.0000
Threshold_2sigma,369,1.0000
Threshold_2sigma,370,1.0000
Threshold_2sigma,371,1.0000
Threshold_2sigma,372,1.0000
Threshold_2sigma,373,1.0000
Threshold_2sigma,374,1.0000
Threshold_2sigma,375,1.0000
Threshold_2sigma,376,1.0000
Threshold_2sigma,377,1.0000
Threshold_2sigma,378,1.0000
Threshold_2sigma,379,1.0000
Threshold_2sigma,380,1.0000
Threshold_2sigma,381,1.0000
Threshold_2sigma,382,1.0000
Threshold_2sigma,383,1.0000
Threshold_2sigma,384,1.0000
Threshold_2sigma,385,1.0000
Threshold_2sigma,386,1.0000
Threshold_2sigma,387,1.0000
Threshold_2sigma,388,1.0000
Threshold_2sigma,389,1.0000
Threshold_2sigma,390,1.0000
Threshold_2sigma,391,1.0000
Threshold_2sigma,392,1.0000
Threshold_2sigma,393,1.0000
Threshold_2sigma,394,1.0000
Threshold_2sigma,395,1.0000
Threshold_2sigma,396,1.0000
Threshold_2sigma,397,1.0000
Threshold_2sigma,398,1.0000
Threshold_2sigma,399,1.0000
Threshold_2sigma,400,1.0000
Threshold_2sigma,401,1.0000
Threshold_2sigma,402,1.0000
Threshold_2sigma,403,1.0000
Threshold_2sigma,404,1.0000
Threshold_2sigma,405,1.0000
Threshold_2sigma,406,1.0000
Threshold_2sigma,407,1.0000
Threshold_2sigma,408,1.0000
Threshold_2sigma,409,1.0000
Threshold_2sigma,410,1.0000
Threshold_2sigma,411,1.0000
Threshold_2sigma,412,1.0000
Threshold_2sigma,413,1.0000
Threshold_2sigma,414,1.0000
Threshold_2sigma,415,1.0000
Threshold_2sigma,416,1.0000
Threshold_2sigma,417,1.0000
Threshold_2sigma,418,1.0000
Threshold_2sigma,419,1.0000
Threshold_2sigma,420,1.0000
Threshold_2sigma,421,1.0000
Threshold_2sigma,422,1.0000
Threshold_2sigma,423,1.0000
Threshold_2sigma,424,1.0000
Threshold_2sigma,425,1.0000
Threshold_2sigma,426,1.0000
Threshold_2sigma,427,1.0000
Threshold_2sigma,428,1.0000
Threshold_2sigma,429,1.0000
Threshold_2sigma,430,1.0000
Threshold_2sigma,431,1.0000
Threshold_2sigma,432,1.0000
Threshold_2sigma,433,1.0000
Threshold_2sigma,434,1.0000
Threshold_2sigma,435,1.0000
Threshold_2sigma,436,1.0000
Threshold_2sigma,437,1.0000
Threshold_2sigma,438,1.0000
Threshold_2sigma,439,1.0000
Threshold_2sigma,440,1.0000
Threshold_2sigma,441,1.0000
Threshold_2sigma,442,1.0000
Threshold_2sigma,443,1.0000
Threshold_2sigma,444,1.0000
Threshold_2sigma,445,1.0000
Threshold_2sigma,446,1.0000
Threshold_2sigma,447,1.0000
Threshold_2sigma,448,1.0000
Threshold_2sigma,449,1.0000
Threshold_2sigma,450,1.0000
Threshold_2sigma,451,1.0000
Threshold_2sigma,452,1.0000
Threshold_2sigma,453,1.0000
Threshold_2sigma,454,1.0000
Threshold_2sigma,455,1.0000
Threshold_2sigma,456,1.0000
Threshold_2sigma,457,1.0000
Threshold_2sigma,458,1.0000
Threshold_2sigma,459,1.0000
Threshold_2sigma,460,1.0000
Threshold_2sigma,461,1.0000
Threshold_2sigma,462,1.0000
Threshold_2sigma,463,1.0000
Threshold_2sigma,464,1.0000
Threshold_2sigma,465,1.0000
Threshold_2sigma,466,1.0000
Threshold_2sigma,467,1.0000
Threshold_2sigma,468,1.0000
Threshold_2sigma,469,1.0000
Threshold_2sigma,470,1.0000
Threshold_2sigma,471,1.0000
Threshold_2sigma,472,1.0000
Threshold_2sigma,473,1.0000
Threshold_2sigma,474,1.0000
Threshold_2sigma,475,1.0000
Threshold_2sigma,476,1.0000
Threshold_2sigma,477,1.0000
Threshold_2sigma,478,1.0000
Threshold_2sigma,479,1.0000
Threshold_2sigma,480,1.0000
Threshold_2sigma,481,1.0000
Threshold_2sigma,482,1.0000
Threshold_2sigma,483,1.0000
Threshold_2sigma,484,1.0000
Threshold_2sigma,485,1.0000
Threshold_2sigma,486,1.0000
Threshold_2sigma,487,1.0000
Threshold_2sigma,488,1.0000
Threshold_2sigma,489,1.0000
Threshold_2sigma,490,1.0000
Threshold_2sigma,491,1.0000
Threshold_2sigma,492,1.0000
Threshold_2sigma,493,1.0000
Threshold_2sigma,494,1.0000
Threshold_2sigma,495,1.0000
Threshold_2sigma,496,1.0000
Threshold_2sigma,497,1.0000
Threshold_2sigma,498,1.0000
Threshold_2sigma,499,1.0000
Threshold_2sigma,500,1.0000
Threshold_2sigma,501,1.0000
Threshold_2sigma,502,1.0000
Threshold_2sigma,503,1.0000
Threshold_2sigma,504,1.0000
Threshold_2sigma,505,1.0000
Threshold_2sigma,506,1.0000
Threshold_2sigma,507,1.0000
Threshold_2sigma,508,1.0000
Threshold_2sigma,509,1.0000
Threshold_2sigma,510,1.0000
Threshold_2sigma,511,1.0000
Threshold_2sigma,512,1.0000
Threshold_2sigma,513,1.0000
Threshold_2sigma,514,1.0000
Threshold_2sigma,515,1.0000
Threshold_2sigma,516,1.0000
Threshold_2sigma,517,1.0000
Threshold_2sigma,518,1.0000
Threshold_2sigma,519,1.0000
Threshold_2sigma,520,1.0000
Threshold_2sigma,521,1.0000
Threshold_2sigma,522,1.0000
Threshold_2sigma,523,1.0000
Threshold_2sigma,524,1.0000
Threshold_2sigma,525,1.0000
Threshold_2sigma,526,1.0000
Threshold_2sigma,527,1.0000
Threshold_2sigma,528,1.0000
Threshold_2sigma,529,1.0000
Threshold_2sigma,530,1.0000
Threshold_2sigma,531,1.0000
Threshold_2sigma,532,1.0000
Threshold_2sigma,533,1.0000
Threshold_2sigma,534,1.0000
Threshold_2sigma,535,1.0000
Threshold_2sigma,536,1.0000
Threshold_2sigma,537,1.0000
Threshold_2sigma,538,1.0000
Threshold_2sigma,539,1.0000
Threshold_2sigma,540,1.0000
Threshold_2sigma,541,1.0000
Threshold_2sigma,542,1.0000
Threshold_2sigma,543,1.0000
Threshold_2sigma,544,1.0000
Threshold_2sigma,545,1.0000
Threshold_2sigma,546,1.0000
Threshold_2sigma,547,1.0000
Threshold_2sigma,548,1.0000
Threshold_2sigma,549,1.0000
Threshold_2sigma,550,1.0000
Threshold_2sigma,551,1.0000
Threshold_2sigma,552,1.0000
Threshold_2sigma,553,1.0000
Threshold_2sigma,554,1.0000
Threshold_2sigma,555,1.0000
Threshold_2sigma,556,1.0000
Threshold_2sigma,557,1.0000
Threshold_2sigma,558,1.0000
Threshold_2sigma,559,1.0000
Threshold_2sigma,560,1.0000
Threshold_2sigma,561,1.0000
Threshold_2sigma,562,1.0000
Threshold_2sigma,563,1.0000
Threshold_2sigma,564,1.0000
Threshold_2sigma,565,1.0000
Threshold_2sigma,566,1.0000
Threshold_2sigma,567,1.0000
Threshold_2sigma,568,1.0000
Threshold_2sigma,569,1.0000
Threshold_2sigma,570,1.0000
Threshold_2sigma,571,1.0000
Threshold_2sigma,572,1.0000
Threshold_2sigma,573,1.0000
Threshold_2sigma,574,1.0000
Threshold_2sigma,575,1.0000
Threshold_2sigma,576,1.0000
Threshold_2sigma,577,1.0000
Threshold_2sigma,578,1.0000
Threshold_2sigma,579,1.0000
Threshold_2sigma,580,1.0000
Threshold_2sigma,581,1.0000
Threshold_2sigma,582,1.0000
Threshold_2sigma,583,1.0000
Threshold_2sigma,584,1.0000
Threshold_2sigma,585,1.0000
Threshold_2sigma,586,1.0000
Threshold_2sigma,587,1.0000
Threshold_2sigma,588,1.0000
Threshold_2sigma,589,1.0000
Threshold_2sigma,590,1.0000
Threshold_2sigma,591,1.0000
Threshold_2sigma,592,1.0000
Threshold_2sigma,593,1.0000
Threshold_2sigma,594,1.0000
Threshold_2sigma,595,1.0000
Threshold_2sigma,596,1.0000
Threshold_2sigma,597,1.0000
Threshold_2sigma,598,1.0000
Threshold_2sigma,599,1.0000
Threshold_2sigma,600,1.0000
Threshold_2sigma,601,1.0000
Threshold_2sigma,602,1.0000
Threshold_2sigma,603,1.0000
Threshold_2sigma,604,1.0000
Threshold_2sigma,605,1.0000
Threshold_2sigma,606,1.0000
Threshold_2sigma,607,1.0000
Threshold_2sigma,608,1.0000
Threshold_2sigma,609,1.0000
Threshold_2sigma,610,1.0000
Threshold_2sigma,611,1.0000
Threshold_2sigma,612,1.0000
Threshold_2sigma,613,1.0000
Threshold_2sigma,614,1.0000
Threshold_2sigma,615,1.0000
Threshold_2sigma,616,1.0000
Threshold_2sigma,617,1.0000
Threshold_2sigma,618,1.0000
Threshold_2sigma,619,1.0000
Threshold_2sigma,620,1.0000
Threshold_2sigma,621,1.0000
Threshold_2sigma,622,1.0000
Threshold_2sigma,623,1.0000
Threshold_2sigma,624,1.0000
Threshold_2sigma,625,1.0000
Threshold_2sigma,626,1.0000
Threshold_2sigma,627,1.0000
Threshold_2sigma,628,1.0000
Threshold_2sigma,629,1.0000
Threshold_2sigma,630,1.0000
Threshold_2sigma,631,1.0000
Threshold_2sigma,632,1.0000
Threshold_2sigma,633,1.0000
Threshold_2sigma,634,1.0000
Threshold_2sigma,635,1.0000
Threshold_2sigma,636,1.0000
Threshold_2sigma,637,1.0000
Threshold_2sigma,638,1.0000
Threshold_2sigma,639,1.0000
Threshold_2sigma,640,1.0000
Threshold_2sigma,641,1.0000
Threshold_2sigma,642,1.0000
Threshold_2sigma,643,1.0000
Threshold_2sigma,644,1.0000
Threshold_2sigma,645,1.0000
Threshold_2sigma,646,1.0000
Threshold_2sigma,647,1.0000
Threshold_2sigma,648,1.0000
Threshold_2sigma,649,1.0000
Threshold_2sigma,650,1.0000
Threshold_2sigma,651,1.0000
Threshold_2sigma,652,1.0000
Threshold_2sigma,653,1.0000
Threshold_2sigma,654,1.0000
Threshold_2sigma,655,1.0000
Threshold_2sigma,656,1.0000
Threshold_2sigma,657,1.0000
Threshold_2sigma,658,1.0000
Threshold_2sigma,659,1.0000
Threshold_2sigma,660,1.0000
Threshold_2sigma,661,1.0000
Threshold_2sigma,662,1.0000
Threshold_2sigma,663,1.0000
Threshold_2sigma,664,1.0000
Threshold_2sigma,665,1.0000
Threshold_2sigma,666,1.0000
Threshold_2sigma,667,1.0000
Threshold_2sigma,668,1.0000
Threshold_2sigma,669,1.0000
Threshold_2sigma,670,1.0000
Threshold_2sigma,671,1.0000
Threshold_2sigma,672,1.0000
Threshold_2sigma,673,1.0000
Threshold_2sigma,674,1.0000
Threshold_2sigma,675,1.0000
Threshold_2sigma,676,1.0000
Threshold_2sigma,677,1.0000
Threshold_2sigma,678,1.0000
Threshold_2sigma,679,1.0000
Threshold_2sigma,680,1.0000
Threshold_2sigma,681,1.0000
Threshold_2sigma,682,1.0000
Threshold_2sigma,683,1.0000
Threshold_2sigma,684,1.0000
Threshold_2sigma,685,1.0000
Threshold_2sigma,686,1.0000
Threshold_2sigma,687,1.0000
Threshold_2sigma,688,1.0000
Threshold_2sigma,689,1.0000
Threshold_2sigma,690,1.0000
Threshold_2sigma,691,1.0000
Threshold_2sigma,692,1.0000
Threshold_2sigma,693,1.0000
Threshold_2sigma,694,1.0000
Threshold_2sigma,695,1.0000
Threshold_2sigma,696,1.0000
Threshold_2sigma,697,1.0000
Threshold_2sigma,698,1.0000
Threshold_2sigma,699,1.0000
Threshold_2sigma,700,1.0000
Threshold_2sigma,701,1.0000
Threshold_2sigma,702,1.0000
Threshold_2sigma,703,1.0000
Threshold_2sigma,704,1.0000
Threshold_2sigma,705,1.0000
Threshold_2sigma,706,1.0000
Threshold_2sigma,707,1.0000
Threshold_2sigma,708,1.0000
Threshold_2sigma,709,1.0000
Threshold_2sigma,710,1.0000
Threshold_2sigma,711,1.0000
Threshold_2sigma,712,1.0000
Threshold_2sigma,713,1.0000
Threshold_2sigma,714,1.0000
Threshold_2sigma,715,1.0000
Threshold_2sigma,716,1.0000
Threshold_2sigma,717,1.0000
Threshold_2sigma,718,1.0000
Threshold_2sigma,719,1.0000
Threshold_2sigma,720,1.0000
Threshold_2sigma,721,1.0000
Threshold_2sigma,722,1.0000
Threshold_2sigma,723,1.0000
Threshold_2sigma,724,1.0000
Threshold_2sigma,725,1.0000
Threshold_2sigma,726,1.0000
Threshold_2sigma,727,1.0000
Threshold_2sigma,728,1.0000
Threshold_2sigma,729,1.0000
Threshold_2sigma,730,1.0000
Threshold_2sigma,731,1.0000
Threshold_2sigma,732,1.0000
Threshold_2sigma,733,1.0000
Threshold_2sigma,734,1.0000
Threshold_2sigma,735,1.0000
Threshold_2sigma,736,1.0000
Threshold_2sigma,737,1.0000
Threshold_2sigma,738,1.0000
Threshold_2sigma,739,1.0000
Threshold_2sigma,740,1.0000
Threshold_2sigma,741,1.0000
Threshold_2sigma,742,1.0000
Threshold_2sigma,743,1.0000
Threshold_2sigma,744,1.0000
Threshold_2sigma,745,1.0000
Threshold_2sigma,746,1.0000
Threshold_2sigma,747,1.0000
Threshold_2sigma,748,1.0000
Threshold_2sigma,749,1.0000
Threshold_2sigma,750,1.0000
Threshold_2sigma,751,1.0000
Threshold_2sigma,752,1.0000
Threshold_2sigma,753,1.0000
Threshold_2sigma,754,1.0000
Threshold_2sigma,755,1.0000
Threshold_2sigma,756,1.0000
Threshold_2sigma,757,1.0000
Threshold_2sigma,758,1.0000
Threshold_2sigma,759,1.0000
Threshold_2sigma,760,1.0000
Threshold_2sigma,761,1.0000
Threshold_2sigma,762,1.0000
Threshold_2sigma,763,1.0000
Threshold_2sigma,764,1.0000
Threshold_2sigma,765,1.0000
Threshold_2sigma,766,1.0000
Threshold_2sigma,767,1.0000
Threshold_2sigma,768,1.0000
Threshold_2sigma,769,1.0000
Threshold_2sigma,770,1.0000
Threshold_2sigma,771,1.0000
Threshold_2sigma,772,0.0000
Threshold_2sigma,773,1.0000
Threshold_2sigma,774,0.0000
Threshold_2sigma,775,0.0001
Threshold_2sigma,776,0.0001
Threshold_2sigma,777,0.2396
Threshold_2sigma,778,0.2558
Threshold_2sigma,779,0.2532
Threshold_2sigma,780,0.3329
Threshold_2sigma,781,0.4702
Threshold_2sigma,782,0.4182
Threshold_2sigma,783,0.4210
Threshold_2sigma,784,0.3499
Threshold_2sigma,785,0.1102
Threshold_3sigma,0,0.0000
Threshold_3sigma,1,0.0000
Threshold_3sigma,2,0.1392
Threshold_3sigma,3,0.1236
Threshold_3sigma,4,0.1229
Threshold_3sigma,5,0.1610
Threshold_3sigma,6,0.1207
Threshold_3sigma,7,0.1662
Threshold_3sigma,8,0.1663
Threshold_3sigma,9,0.1710
Threshold_3sigma,10,0.0000
Threshold_3sigma,11,0.0000
Threshold_3sigma,12,0.0000
Threshold_3sigma,13,0.0000
Threshold_3sigma,14,0.0000
Threshold_3sigma,15,0.0000
Threshold_3sigma,16,0.0000
Threshold_3sigma,17,0.0000
Threshold_3sigma,18,0.0000
Threshold_3sigma,19,0.0000
Threshold_3sigma,20,0.0000
Threshold_3sigma,21,0.0000
Threshold_3sigma,22,0.0000
Threshold_3sigma,23,0.0000
Threshold_3sigma,24,0.0000
Threshold_3sigma,25,0.0000
Threshold_3sigma,26,0.0000
Threshold_3sigma,27,0.0000
Threshold_3sigma,28,0.0000
Threshold_3sigma,29,0.0000
Threshold_3sigma,30,0.0000
Threshold_3sigma,31,0.0000
Threshold_3sigma,32,0.0000
Threshold_3sigma,33,0.0000
Threshold_3sigma,34,0.0000
Threshold_3sigma,35,0.0000
Threshold_3sigma,36,0.0000
Threshold_3sigma,37,0.0000
Threshold_3sigma,38,0.0000
Threshold_3sigma,39,0.0000
Threshold_3sigma,40,0.0000
Threshold_3sigma,41,0.0000
Threshold_3sigma,42,0.0000
Threshold_3sigma,43,0.0000
Threshold_3sigma,44,0.0000
Threshold_3sigma,45,0.0000
Threshold_3sigma,46,0.0000
Threshold_3sigma,47,0.0000
Threshold_3sigma,48,0.0000
Threshold_3sigma,49,0.0000
Threshold_3sigma,50,0.0000
Threshold_3sigma,51,0.0000
Threshold_3sigma,52,0.0000
Threshold_3sigma,53,0.0000
Threshold_3sigma,54,0.0000
Threshold_3sigma,55,0.0000
Threshold_3sigma,56,0.0000
Threshold_3sigma,57,0.0000
Threshold_3sigma,58,0.0000
Threshold_3sigma,59,0.0000
Threshold_3sigma,60,0.0000
Threshold_3sigma,61,0.0000
Threshold_3sigma,62,0.0000
Threshold_3sigma,63,0.0000
Threshold_3sigma,64,0.0000
Threshold_3sigma,65,0.0000
Threshold_3sigma,66,0.0000
Threshold_3sigma,67,0.0000
Threshold_3sigma,68,0.0000
Threshold_3sigma,69,0.0000
Threshold_3sigma,70,0.0000
Threshold_3sigma,71,0.0000
Threshold_3sigma,72,0.0000
Threshold_3sigma,73,0.0000
Threshold_3sigma,74,0.0000
Threshold_3sigma,75,0.0000
Threshold_3sigma,76,0.0000
Threshold_3sigma,77,0.0000
Threshold_3sigma,78,0.0000
Threshold_3sigma,79,0.0000
Threshold_3sigma,80,0.0000
Threshold_3sigma,81,0.0000
Threshold_3sigma,82,0.0000
Threshold_3sigma,83,0.0000
Threshold_3sigma,84,0.0000
Threshold_3sigma,85,0.0000
Threshold_3sigma,86,0.0000
Threshold_3sigma,87,0.0000
Threshold_3sigma,88,0.0000
Threshold_3sigma,89,0.0000
Threshold_3sigma,90,0.0000
Threshold_3sigma,91,1.0000
Threshold_3sigma,92,1.0000
Threshold_3sigma,93,1.0000
Threshold_3sigma,94,1.0000
Threshold_3sigma,95,1.0000
Threshold_3sigma,96,1.0000
Threshold_3sigma,97,1.0000
Threshold_3sigma,98,1.0000
Threshold_3sigma,99,1.0000
Threshold_3sigma,100,1.0000
Threshold_3sigma,101,1.0000
Threshold_3sigma,102,1.0000
Threshold_3sigma,103,1.0000
Threshold_3sigma,104,1.0000
Threshold_3sigma,105,1.0000
Threshold_3sigma,106,1.0000
Threshold_3sigma,107,1.0000
Threshold_3sigma,108,1.0000
Threshold_3sigma,109,1.0000
Threshold_3sigma,110,1.0000
Threshold_3sigma,111,1.0000
Threshold_3sigma,112,1.0000
Threshold_3sigma,113,1.0000
Threshold_3sigma,114,1.0000
Threshold_3sigma,115,1.0000
Threshold_3sigma,116,1.0000
Threshold_3sigma,117,1.0000
Threshold_3sigma,118,1.0000
Threshold_3sigma,119,1.0000
Threshold_3sigma,120,1.0000
Threshold_3sigma,121,1.0000
Threshold_3sigma,122,1.0000
Threshold_3sigma,123,1.0000
Threshold_3sigma,124,1.0000
Threshold_3sigma,125,1.0000
Threshold_3sigma,126,1.0000
Threshold_3sigma,127,1.0000
Threshold_3sigma,128,1.0000
Threshold_3sigma,129,1.0000
Threshold_3sigma,130,1.0000
Threshold_3sigma,131,1.0000
Threshold_3sigma,132,1.0000
Threshold_3sigma,133,1.0000
Threshold_3sigma,134,1.0000
Threshold_3sigma,135,1.0000
Threshold_3sigma,136,1.0000
Threshold_3sigma,137,1.0000
Threshold_3sigma,138,1.0000
Threshold_3sigma,139,1.0000
Threshold_3sigma,140,1.0000
Threshold_3sigma,141,1.0000
Threshold_3sigma,142,1.0000
Threshold_3sigma,143,1.0000
Threshold_3sigma,144,1.0000
Threshold_3sigma,145,1.0000
Threshold_3sigma,146,1.0000
Threshold_3sigma,147,1.0000
Threshold_3sigma,148,1.0000
Threshold_3sigma,149,1.0000
Threshold_3sigma,150,1.0000
Threshold_3sigma,151,1.0000
Threshold_3sigma,152,1.0000
Threshold_3sigma,153,1.0000
Threshold_3sigma,154,1.0000
Threshold_3sigma,155,1.0000
Threshold_3sigma,156,1.0000
Threshold_3sigma,157,1.0000
Threshold_3sigma,158,1.0000
Threshold_3sigma,159,1.0000
Threshold_3sigma,160,1.0000
Threshold_3sigma,161,1.0000
Threshold_3sigma,162,1.0000
Threshold_3sigma,163,1.0000
Threshold_3sigma,164,1.0000
Threshold_3sigma,165,1.0000
Threshold_3sigma,166,1.0000
Threshold_3sigma,167,1.0000
Threshold_3sigma,168,1.0000
Threshold_3sigma,169,1.0000
Threshold_3sigma,170,1.0000
Threshold_3sigma,171,1.0000
Threshold_3sigma,172,1.0000
Threshold_3sigma,173,1.0000
Threshold_3sigma,174,1.0000
Threshold_3sigma,175,1.0000
Threshold_3sigma,176,1.0000
Threshold_3sigma,177,1.0000
Threshold_3sigma,178,1.0000
Threshold_3sigma,179,1.0000
Threshold_3sigma,180,1.0000
Threshold_3sigma,181,1.0000
Threshold_3sigma,182,1.0000
Threshold_3sigma,183,1.0000
Threshold_3sigma,184,1.0000
Threshold_3sigma,185,1.0000
Threshold_3sigma,186,1.0000
Threshold_3sigma,187,1.0000
Threshold_3sigma,188,1.0000
Threshold_3sigma,189,1.0000
Threshold_3sigma,190,1.0000
Threshold_3sigma,191,1.0000
Threshold_3sigma,192,1.0000
Threshold_3sigma,193,1.0000
Threshold_3sigma,194,1.0000
Threshold_3sigma,195,1.0000
Threshold_3sigma,196,1.0000
Threshold_3sigma,197,1.0000
Threshold_3sigma,198,1.0000
Threshold_3sigma,199,1.0000
Threshold_3sigma,200,1.0000
Threshold_3sigma,201,1.0000
Threshold_3sigma,202,1.0000
Threshold_3sigma,203,1.0000
Threshold_3sigma,204,1.0000
Threshold_3sigma,205,1.0000
Threshold_3sigma,206,1.0000
Threshold_3sigma,207,1.0000
Threshold_3sigma,208,1.0000
Threshold_3sigma,209,1.0000
Threshold_3sigma,210,1.0000
Threshold_3sigma,211,1.0000
Threshold_3sigma,212,1.0000
Threshold_3sigma,213,1.0000
Threshold_3sigma,214,1.0000
Threshold_3sigma,215,1.0000
Threshold_3sigma,216,1.0000
Threshold_3sigma,217,1.0000
Threshold_3sigma,218,1.0000
Threshold_3sigma,219,1.0000
Threshold_3sigma,220,1.0000
Threshold_3sigma,221,1.0000
Threshold_3sigma,222,1.0000
Threshold_3sigma,223,1.0000
Threshold_3sigma,224,1.0000
Threshold_3sigma,225,1.0000
Threshold_3sigma,226,1.0000
Threshold_3sigma,227,1.0000
Threshold_3sigma,228,1.0000
Threshold_3sigma,229,1.0000
Threshold_3sigma,230,1.0000
Threshold_3sigma,231,1.0000
Threshold_3sigma,232,1.0000
Threshold_3sigma,233,1.0000
Threshold_3sigma,234,1.0000
Threshold_3sigma,235,1.0000
Threshold_3sigma,236,1.0000
Threshold_3sigma,237,1.0000
Threshold_3sigma,238,1.0000
Threshold_3sigma,239,1.0000
Threshold_3sigma,240,1.0000
Threshold_3sigma,241,1.0000
Threshold_3sigma,242,1.0000
Threshold_3sigma,243,1.0000
Threshold_3sigma,244,1.0000
Threshold_3sigma,245,1.0000
Threshold_3sigma,246,1.0000
Threshold_3sigma,247,1.0000
Threshold_3sigma,248,1.0000
Threshold_3sigma,249,1.0000
Threshold_3sigma,250,1.0000
Threshold_3sigma,251,1.0000
Threshold_3sigma,252,1.0000
Threshold_3sigma,253,1.0000
Threshold_3sigma,254,1.0000
Threshold_3sigma,255,1.0000
Threshold_3sigma,256,1.0000
Threshold_3sigma,257,1.0000
Threshold_3sigma,258,1.0000
Threshold_3sigma,259,1.0000
Threshold_3sigma,260,1.0000
Threshold_3sigma,261,1.0000
Threshold_3sigma,262,1.0000
Threshold_3sigma,263,1.0000
Threshold_3sigma,264,1.0000
Threshold_3sigma,265,1.0000
Threshold_3sigma,266,1.0000
Threshold_3sigma,267,1.0000
Threshold_3sigma,268,1.0000
Threshold_3sigma,269,1.0000
Threshold_3sigma,270,1.0000
Threshold_3sigma,271,1.0000
Threshold_3sigma,272,1.0000
Threshold_3sigma,273,1.0000
Threshold_3sigma,274,1.0000
Threshold_3sigma,275,1.0000
Threshold_3sigma,276,1.0000
Threshold_3sigma,277,1.0000
Threshold_3sigma,278,1.0000
Threshold_3sigma,279,1.0000
Threshold_3sigma,280,1.0000
Threshold_3sigma,281,1.0000
Threshold_3sigma,282,1.0000
Threshold_3sigma,283,1.0000
Threshold_3sigma,284,1.0000
Threshold_3sigma,285,1.0000
Threshold_3sigma,286,1.0000
Threshold_3sigma,287,1.0000
Threshold_3sigma,288,1.0000
Threshold_3sigma,289,1.0000
Threshold_3sigma,290,1.0000
Threshold_3sigma,291,1.0000
Threshold_3sigma,292,1.0000
Threshold_3sigma,293,1.0000
Threshold_3sigma,294,1.0000
Threshold_3sigma,295,1.0000
Threshold_3sigma,296,1.0000
Threshold_3sigma,297,1.0000
Threshold_3sigma,298,1.0000
Threshold_3sigma,299,1.0000
Threshold_3sigma,300,1.0000
Threshold_3sigma,301,1.0000
Threshold_3sigma,302,1.0000
Threshold_3sigma,303,1.0000
Threshold_3sigma,304,1.0000
Threshold_3sigma,305,1.0000
Threshold_3sigma,306,1.0000
Threshold_3sigma,307,1.0000
Threshold_3sigma,308,1.0000
Threshold_3sigma,309,1.0000
Threshold_3sigma,310,1.0000
Threshold_3sigma,311,1.0000
Threshold_3sigma,312,1.0000
Threshold_3sigma,313,1.0000
Threshold_3sigma,314,1.0000
Threshold_3sigma,315,1.0000
Threshold_3sigma,316,1.0000
Threshold_3sigma,317,1.0000
Threshold_3sigma,318,1.0000
Threshold_3sigma,319,1.0000
Threshold_3sigma,320,1.0000
Threshold_3sigma,321,1.0000
Threshold_3sigma,322,1.0000
Threshold_3sigma,323,1.0000
Threshold_3sigma,324,1.0000
Threshold_3sigma,325,1.0000
Threshold_3sigma,326,1.0000
Threshold_3sigma,327,1.0000
Threshold_3sigma,328,1.0000
Threshold_3sigma,329,1.0000
Threshold_3sigma,330,1.0000
Threshold_3sigma,331,1.0000
Threshold_3sigma,332,1.0000
Threshold_3sigma,333,1.0000
Threshold_3sigma,334,1.0000
Threshold_3sigma,335,1.0000
Threshold_3sigma,336,1.0000
Threshold_3sigma,337,1.0000
Threshold_3sigma,338,1.0000
Threshold_3sigma,339,1.0000
Threshold_3sigma,340,1.0000
Threshold_3sigma,341,1.0000
Threshold_3sigma,342,1.0000
Threshold_3sigma,343,1.0000
Threshold_3sigma,344,1.0000
Threshold_3sigma,345,1.0000
Threshold_3sigma,346,1.0000
Threshold_3sigma,347,1.0000
Threshold_3sigma,348,1.0000
Threshold_3sigma,349,1.0000
Threshold_3sigma,350,1.0000
Threshold_3sigma,351,1.0000
Threshold_3sigma,352,1.0000
Threshold_3sigma,353,1.0000
Threshold_3sigma,354,1.0000
Threshold_3sigma,355,1.0000
Threshold_3sigma,356,1.0000
Threshold_3sigma,357,1.0000
Threshold_3sigma,358,1.0000
Threshold_3sigma,359,1.0000
Threshold_3sigma,360,1.0000
Threshold_3sigma,361,1.0000
Threshold_3sigma,362,1.0000
Threshold_3sigma,363,1.0000
Threshold_3sigma,364,1.0000
Threshold_3sigma,365,1.0000
Threshold_3sigma,366,1.0000
Threshold_3sigma,367,1.0000
Threshold_3sigma,368,1.0000
Threshold_3sigma,369,1.0000
Threshold_3sigma,370,1.0000
Threshold_3sigma,371,1.0000
Threshold_3sigma,372,1.0000
Threshold_3sigma,373,1.0000
Threshold_3sigma,374,1.0000
Threshold_3sigma,375,1.0000
Threshold_3sigma,376,1.0000
Threshold_3sigma,377,1.0000
Threshold_3sigma,378,1.0000
Threshold_3sigma,379,1.0000
Threshold_3sigma,380,1.0000
Threshold_3sigma,381,1.0000
Threshold_3sigma,382,1.0000
Threshold_3sigma,383,1.0000
Threshold_3sigma,384,1.0000
Threshold_3sigma,385,1.0000
Threshold_3sigma,386,1.0000
Threshold_3sigma,387,1.0000
Threshold_3sigma,388,1.0000
Threshold_3sigma,389,1.0000
Threshold_3sigma,390,1.0000
Threshold_3sigma,391,1.0000
Threshold_3sigma,392,1.0000
Threshold_3sigma,393,1.0000
Threshold_3sigma,394,1.0000
Threshold_3sigma,395,1.0000
Threshold_3sigma,396,1.0000
Threshold_3sigma,397,1.0000
Threshold_3sigma,398,1.0000
Threshold_3sigma,399,1.0000
Threshold_3sigma,400,1.0000
Threshold_3sigma,401,1.0000
Threshold_3sigma,402,1.0000
Threshold_3sigma,403,1.0000
Threshold_3sigma,404,1.0000
Threshold_3sigma,405,1.0000
Threshold_3sigma,406,1.0000
Threshold_3sigma,407,1.0000
Threshold_3sigma,408,1.0000
Threshold_3sigma,409,1.0000
Threshold_3sigma,410,1.0000
Threshold_3sigma,411,1.0000
Threshold_3sigma,412,1.0000
Threshold_3sigma,413,1.0000
Threshold_3sigma,414,1.0000
Threshold_3sigma,415,1.0000
Threshold_3sigma,416,1.0000
Threshold_3sigma,417,1.0000
Threshold_3sigma,418,1.0000
Threshold_3sigma,419,1.0000
Threshold_3sigma,420,1.0000
Threshold_3sigma,421,1.0000
Threshold_3sigma,422,1.0000
Threshold_3sigma,423,1.0000
Threshold_3sigma,424,1.0000
Threshold_3sigma,425,1.0000
Threshold_3sigma,426,1.0000
Threshold_3sigma,427,1.0000
Threshold_3sigma,428,1.0000
Threshold_3sigma,429,1.0000
Threshold_3sigma,430,1.0000
Threshold_3sigma,431,1.0000
Threshold_3sigma,432,1.0000
Threshold_3sigma,433,1.0000
Threshold_3sigma,434,1.0000
Threshold_3sigma,435,1.0000
Threshold_3sigma,436,1.0000
Threshold_3sigma,437,1.0000
Threshold_3sigma,438,1.0000
Threshold_3sigma,439,1.0000
Threshold_3sigma,440,1.0000
Threshold_3sigma,441,1.0000
Threshold_3sigma,442,1.0000
Threshold_3sigma,443,1.0000
Threshold_3sigma,444,1.0000
Threshold_3sigma,445,1.0000
Threshold_3sigma,446,1.0000
Threshold_3sigma,447,1.0000
Threshold_3sigma,448,1.0000
Threshold_3sigma,449,1.0000
Threshold_3sigma,450,1.0000
Threshold_3sigma,451,1.0000
Threshold_3sigma,452,1.0000
Threshold_3sigma,453,1.0000
Threshold_3sigma,454,1.0000
Threshold_3sigma,455,1.0000
Threshold_3sigma,456,1.0000
Threshold_3sigma,457,1.0000
Threshold_3sigma,458,1.0000
Threshold_3sigma,459,1.0000
Threshold_3sigma,460,1.0000
Threshold_3sigma,461,1.0000
Threshold_3sigma,462,1.0000
Threshold_3sigma,463,1.0000
Threshold_3sigma,464,1.0000
Threshold_3sigma,465,1.0000
Threshold_3sigma,466,1.0000
Threshold_3sigma,467,1.0000
Threshold_3sigma,468,1.0000
Threshold_3sigma,469,1.0000
Threshold_3sigma,470,1.0000
Threshold_3sigma,471,1.0000
Threshold_3sigma,472,1.0000
Threshold_3sigma,473,1.0000
Threshold_3sigma,474,1.0000
Threshold_3sigma,475,1.0000
Threshold_3sigma,476,1.0000
Threshold_3sigma,477,1.0000
Threshold_3sigma,478,1.0000
Threshold_3sigma,479,1.0000
Threshold_3sigma,480,1.0000
Threshold_3sigma,481,1.0000
Threshold_3sigma,482,1.0000
Threshold_3sigma,483,1.0000
Threshold_3sigma,484,1.0000
Threshold_3sigma,485,1.0000
Threshold_3sigma,486,1.0000
Threshold_3sigma,487,1.0000
Threshold_3sigma,488,1.0000
Threshold_3sigma,489,1.0000
Threshold_3sigma,490,1.0000
Threshold_3sigma,491,1.0000
Threshold_3sigma,492,1.0000
Threshold_3sigma,493,1.0000
Threshold_3sigma,494,1.0000
Threshold_3sigma,495,1.0000
Threshold_3sigma,496,1.0000
Threshold_3sigma,497,1.0000
Threshold_3sigma,498,1.0000
Threshold_3sigma,499,1.0000
Threshold_3sigma,500,1.0000
Threshold_3sigma,501,1.0000
Threshold_3sigma,502,1.0000
Threshold_3sigma,503,1.0000
Threshold_3sigma,504,1.0000
Threshold_3sigma,505,1.0000
Threshold_3sigma,506,1.0000
Threshold_3sigma,507,1.0000
Threshold_3sigma,508,1.0000
Threshold_3sigma,509,1.0000
Threshold_3sigma,510,1.0000
Threshold_3sigma,511,1.0000
Threshold_3sigma,512,1.0000
Threshold_3sigma,513,1.0000
Threshold_3sigma,514,1.0000
Threshold_3sigma,515,1.0000
Threshold_3sigma,516,1.0000
Threshold_3sigma,517,1.0000
Threshold_3sigma,518,1.0000
Threshold_3sigma,519,1.0000
Threshold_3sigma,520,1.0000
Threshold_3sigma,521,1.0000
Threshold_3sigma,522,1.0000
Threshold_3sigma,523,1.0000
Threshold_3sigma,524,1.0000
Threshold_3sigma,525,1.0000
Threshold_3sigma,526,1.0000
Threshold_3sigma,527,1.0000
Threshold_3sigma,528,1.0000
Threshold_3sigma,529,1.0000
Threshold_3sigma,530,1.0000
Threshold_3sigma,531,1.0000
Threshold_3sigma,532,1.0000
Threshold_3sigma,533,1.0000
Threshold_3sigma,534,1.0000
Threshold_3sigma,535,1.0000
Threshold_3sigma,536,1.0000
Threshold_3sigma,537,1.0000
Threshold_3sigma,538,1.0000
Threshold_3sigma,539,1.0000
Threshold_3sigma,540,1.0000
Threshold_3sigma,541,1.0000
Threshold_3sigma,542,1.0000
Threshold_3sigma,543,1.0000
Threshold_3sigma,544,1.0000
Threshold_3sigma,545,1.0000
Threshold_3sigma,546,1.0000
Threshold_3sigma,547,1.0000
Threshold_3sigma,548,1.0000
Threshold_3sigma,549,1.0000
Threshold_3sigma,550,1.0000
Threshold_3sigma,551,1.0000
Threshold_3sigma,552,1.0000
Threshold_3sigma,553,1.0000
Threshold_3sigma,554,1.0000
Threshold_3sigma,555,1.0000
Threshold_3sigma,556,1.0000
Threshold_3sigma,557,1.0000
Threshold_3sigma,558,1.0000
Threshold_3sigma,559,1.0000
Threshold_3sigma,560,1.0000
Threshold_3sigma,561,1.0000
Threshold_3sigma,562,1.0000
Threshold_3sigma,563,1.0000
Threshold_3sigma,564,1.0000
Threshold_3sigma,565,1.0000
Threshold_3sigma,566,1.0000
Threshold_3sigma,567,1.0000
Threshold_3sigma,568,1.0000
Threshold_3sigma,569,1.0000
Threshold_3sigma,570,1.0000
Threshold_3sigma,571,1.0000
Threshold_3sigma,572,1.0000
Threshold_3sigma,573,1.0000
Threshold_3sigma,574,1.0000
Threshold_3sigma,575,1.0000
Threshold_3sigma,576,1.0000
Threshold_3sigma,577,1.0000
Threshold_3sigma,578,1.0000
Threshold_3sigma,579,1.0000
Threshold_3sigma,580,1.0000
Threshold_3sigma,581,1.0000
Threshold_3sigma,582,1.0000
Threshold_3sigma,583,1.0000
Threshold_3sigma,584,1.0000
Threshold_3sigma,585,1.0000
Threshold_3sigma,586,1.0000
Threshold_3sigma,587,1.0000
Threshold_3sigma,588,1.0000
Threshold_3sigma,589,1.0000
Threshold_3sigma,590,1.0000
Threshold_3sigma,591,1.0000
Threshold_3sigma,592,1.0000
Threshold_3sigma,593,1.0000
Threshold_3sigma,594,1.0000
Threshold_3sigma,595,1.0000
Threshold_3sigma,596,1.0000
Threshold_3sigma,597,1.0000
Threshold_3sigma,598,1.0000
Threshold_3sigma,599,1.0000
Threshold_3sigma,600,1.0000
Threshold_3sigma,601,1.0000
Threshold_3sigma,602,1.0000
Threshold_3sigma,603,1.0000
Threshold_3sigma,604,1.0000
Threshold_3sigma,605,1.0000
Threshold_3sigma,606,1.0000
Threshold_3sigma,607,1.0000
Threshold_3sigma,608,1.0000
Threshold_3sigma,609,1.0000
Threshold_3sigma,610,1.0000
Threshold_3sigma,611,1.0000
Threshold_3sigma,612,1.0000
Threshold_3sigma,613,1.0000
Threshold_3sigma,614,1.0000
Threshold_3sigma,615,1.0000
Threshold_3sigma,616,1.0000
Threshold_3sigma,617,1.0000
Threshold_3sigma,618,1.0000
Threshold_3sigma,619,1.0000
Threshold_3sigma,620,1.0000
Threshold_3sigma,621,1.0000
Threshold_3sigma,622,1.0000
Threshold_3sigma,623,1.0000
Threshold_3sigma,624,1.0000
Threshold_3sigma,625,1.0000
Threshold_3sigma,626,1.0000
Threshold_3sigma,627,1.0000
Threshold_3sigma,628,1.0000
Threshold_3sigma,629,1.0000
Threshold_3sigma,630,1.0000
Threshold_3sigma,631,1.0000
Threshold_3sigma,632,1.0000
Threshold_3sigma,633,1.0000
Threshold_3sigma,634,1.0000
Threshold_3sigma,635,1.0000
Threshold_3sigma,636,1.0000
Threshold_3sigma,637,1.0000
Threshold_3sigma,638,1.0000
Threshold_3sigma,639,1.0000
Threshold_3sigma,640,1.0000
Threshold_3sigma,641,1.0000
Threshold_3sigma,642,1.0000
Threshold_3sigma,643,1.0000
Threshold_3sigma,644,1.0000
Threshold_3sigma,645,1.0000
Threshold_3sigma,646,1.0000
Threshold_3sigma,647,1.0000
Threshold_3sigma,648,1.0000
Threshold_3sigma,649,1.0000
Threshold_3sigma,650,1.0000
Threshold_3sigma,651,1.0000
Threshold_3sigma,652,1.0000
Threshold_3sigma,653,1.0000
Threshold_3sigma,654,1.0000
Threshold_3sigma,655,1.0000
Threshold_3sigma,656,1.0000
Threshold_3sigma,657,1.0000
Threshold_3sigma,658,1.0000
Threshold_3sigma,659,1.0000
Threshold_3sigma,660,1.0000
Threshold_3sigma,661,1.0000
Threshold_3sigma,662,1.0000
Threshold_3sigma,663,1.0000
Threshold_3sigma,664,1.0000
Threshold_3sigma,665,1.0000
Threshold_3sigma,666,1.0000
Threshold_3sigma,667,1.0000
Threshold_3sigma,668,1.0000
Threshold_3sigma,669,1.0000
Threshold_3sigma,670,1.0000
Threshold_3sigma,671,1.0000
Threshold_3sigma,672,1.0000
Threshold_3sigma,673,1.0000
Threshold_3sigma,674,1.0000
Threshold_3sigma,675,1.0000
Threshold_3sigma,676,1.0000
Threshold_3sigma,677,1.0000
Threshold_3sigma,678,1.0000
Threshold_3sigma,679,1.0000
Threshold_3sigma,680,1.0000
Threshold_3sigma,681,1.0000
Threshold_3sigma,682,1.0000
Threshold_3sigma,683,1.0000
Threshold_3sigma,684,1.0000
Threshold_3sigma,685,1.0000
Threshold_3sigma,686,1.0000
Threshold_3sigma,687,1.0000
Threshold_3sigma,688,1.0000
Threshold_3sigma,689,1.0000
Threshold_3sigma,690,1.0000
Threshold_3sigma,691,1.0000
Threshold_3sigma,692,1.0000
Threshold_3sigma,693,1.0000
Threshold_3sigma,694,1.0000
Threshold_3sigma,695,1.0000
Threshold_3sigma,696,1.0000
Threshold_3sigma,697,1.0000
Threshold_3sigma,698,1.0000
Threshold_3sigma,699,1.0000
Threshold_3sigma,700,1.0000
Threshold_3sigma,701,1.0000
Threshold_3sigma,702,1.0000
Threshold_3sigma,703,1.0000
Threshold_3sigma,704,1.0000
Threshold_3sigma,705,1.0000
Threshold_3sigma,706,1.0000
Threshold_3sigma,707,1.0000
Threshold_3sigma,708,1.0000
Threshold_3sigma,709,1.0000
Threshold_3sigma,710,1.0000
Threshold_3sigma,711,1.0000
Threshold_3sigma,712,1.0000
Threshold_3sigma,713,1.0000
Threshold_3sigma,714,1.0000
Threshold_3sigma,715,1.0000
Threshold_3sigma,716,1.0000
Threshold_3sigma,717,1.0000
Threshold_3sigma,718,1.0000
Threshold_3sigma,719,1.0000
Threshold_3sigma,720,1.0000
Threshold_3sigma,721,1.0000
Threshold_3sigma,722,1.0000
Threshold_3sigma,723,1.0000
Threshold_3sigma,724,1.0000
Threshold_3sigma,725,1.0000
Threshold_3sigma,726,1.0000
Threshold_3sigma,727,1.0000
Threshold_3sigma,728,1.0000
Threshold_3sigma,729,1.0000
Threshold_3sigma,730,1.0000
Threshold_3sigma,731,1.0000
Threshold_3sigma,732,1.0000
Threshold_3sigma,733,1.0000
Threshold_3sigma,734,1.0000
Threshold_3sigma,735,1.0000
Threshold_3sigma,736,1.0000
Threshold_3sigma,737,1.0000
Threshold_3sigma,738,1.0000
Threshold_3sigma,739,1.0000
Threshold_3sigma,740,1.0000
Threshold_3sigma,741,1.0000
Threshold_3sigma,742,1.0000
Threshold_3sigma,743,1.0000
Threshold_3sigma,744,1.0000
Threshold_3sigma,745,1.0000
Threshold_3sigma,746,1.0000
Threshold_3sigma,747,1.0000
Threshold_3sigma,748,1.0000
Threshold_3sigma,749,1.0000
Threshold_3sigma,750,1.0000
Threshold_3sigma,751,1.0000
Threshold_3sigma,752,1.0000
Threshold_3sigma,753,1.0000
Threshold_3sigma,754,1.0000
Threshold_3sigma,755,1.0000
Threshold_3sigma,756,1.0000
Threshold_3sigma,757,1.0000
Threshold_3sigma,758,1.0000
Threshold_3sigma,759,1.0000
Threshold_3sigma,760,1.0000
Threshold_3sigma,761,1.0000
Threshold_3sigma,762,1.0000
Threshold_3sigma,763,1.0000
Threshold_3sigma,764,1.0000
Threshold_3sigma,765,1.0000
Threshold_3sigma,766,1.0000
Threshold_3sigma,767,1.0000
Threshold_3sigma,768,1.0000
Threshold_3sigma,769,1.0000
Threshold_3sigma,770,1.0000
Threshold_3sigma,771,1.0000
Threshold_3sigma,772,0.0000
Threshold_3sigma,773,1.0000
Threshold_3sigma,774,0.0000
Threshold_3sigma,775,0.0001
Threshold_3sigma,776,0.0000
Threshold_3sigma,777,0.2396
Threshold_3sigma,778,0.2558
Threshold_3sigma,779,0.2584
Threshold_3sigma,780,0.3329
Threshold_3sigma,781,0.4702
Threshold_3sigma,782,0.4182
Threshold_3sigma,783,0.4210
Threshold_3sigma,784,0.3499
Threshold_3sigma,785,0.1102
Threshold_4sigma,0,0.0000
Threshold_4sigma,1,0.0000
Threshold_4sigma,2,0.1392
Threshold_4sigma,3,0.1236
Threshold_4sigma,4,0.1229
Threshold_4sigma,5,0.1610
Threshold_4sigma,6,0.1207
Threshold_4sigma,7,0.1662
Threshold_4sigma,8,0.1663
Threshold_4sigma,9,0.1710
Threshold_4sigma,10,0.0000
Threshold_4sigma,11,0.0000
Threshold_4sigma,12,0.0000
Threshold_4sigma,13,0.0000
Threshold_4sigma,14,0.0000
Threshold_4sigma,15,0.0000
Threshold_4sigma,16,0.0000
Threshold_4sigma,17,0.0000
Threshold_4sigma,18,0.0000
Threshold_4sigma,19,0.0000
Threshold_4sigma,20,0.0000
Threshold_4sigma,21,0.0000
Threshold_4sigma,22,0.0000
Threshold_4sigma,23,0.0000
Threshold_4sigma,24,0.0000
Threshold_4sigma,25,0.0000
Threshold_4sigma,26,0.0000
Threshold_4sigma,27,0.0000
Threshold_4sigma,28,0.0000
Threshold_4sigma,29,0.0000
Threshold_4sigma,30,0.0000
Threshold_4sigma,31,0.0000
Threshold_4sigma,32,0.0000
Threshold_4sigma,33,0.0000
Threshold_4sigma,34,0.0000
Threshold_4sigma,35,0.0000
Threshold_4sigma,36,0.0000
Threshold_4sigma,37,0.0000
Threshold_4sigma,38,0.0000
Threshold_4sigma,39,0.0000
Threshold_4sigma,40,0.0000
Threshold_4sigma,41,0.0000
Threshold_4sigma,42,0.0000
Threshold_4sigma,43,0.0000
Threshold_4sigma,44,0.0000
Threshold_4sigma,45,0.0000
Threshold_4sigma,46,0.0000
Threshold_4sigma,47,0.0000
Threshold_4sigma,48,0.0000
Threshold_4sigma,49,0.0000
Threshold_4sigma,50,0.0000
Threshold_4sigma,51,0.0000
Threshold_4sigma,52,0.0000
Threshold_4sigma,53,0.0000
Threshold_4sigma,54,0.0000
Threshold_4sigma,55,0.0000
Threshold_4sigma,56,0.0000
Threshold_4sigma,57,0.0000
Threshold_4sigma,58,0.0000
Threshold_4sigma,59,0.0000
Threshold_4sigma,60,0.0000
Threshold_4sigma,61,0.0000
Threshold_4sigma,62,0.0000
Threshold_4sigma,63,0.0000
Threshold_4sigma,64,0.0000
Threshold_4sigma,65,0.0000
Threshold_4sigma,66,0.0000
Threshold_4sigma,67,0.0000
Threshold_4sigma,68,0.0000
Threshold_4sigma,69,0.0000
Threshold_4sigma,70,0.0000
Threshold_4sigma,71,0.0000
Threshold_4sigma,72,0.0000
Threshold_4sigma,73,0.0000
Threshold_4sigma,74,0.0000
Threshold_4sigma,75,0.0000
Threshold_4sigma,76,0.0000
Threshold_4sigma,77,0.0000
Threshold_4sigma,78,0.0000
Threshold_4sigma,79,0.0000
Threshold_4sigma,80,0.0000
Threshold_4sigma,81,0.0000
Threshold_4sigma,82,0.0000
Threshold_4sigma,83,0.0000
Threshold_4sigma,84,0.0000
Threshold_4sigma,85,0.0000
Threshold_4sigma,86,0.0000
Threshold_4sigma,87,0.0000
Threshold_4sigma,88,0.0000
Threshold_4sigma,89,0.0000
Threshold_4sigma,90,0.0000
Threshold_4sigma,91,1.0000
Threshold_4sigma,92,1.0000
Threshold_4sigma,93,1.0000
Threshold_4sigma,94,1.0000
Threshold_4sigma,95,1.0000
Threshold_4sigma,96,1.0000
Threshold_4sigma,97,1.0000
Threshold_4sigma,98,1.0000
Threshold_4sigma,99,1.0000
Threshold_4sigma,100,1.0000
Threshold_4sigma,101,1.0000
Threshold_4sigma,102,1.0000
Threshold_4sigma,103,1.0000
Threshold_4sigma,104,1.0000
Threshold_4sigma,105,1.0000
Threshold_4sigma,106,1.0000
Threshold_4sigma,107,1.0000
Threshold_4sigma,108,1.0000
Threshold_4sigma,109,1.0000
Threshold_4sigma,110,1.0000
Threshold_4sigma,111,1.0000
Threshold_4sigma,112,1.0000
Threshold_4sigma,113,1.0000
Threshold_4sigma,114,1.0000
Threshold_4sigma,115,1.0000
Threshold_4sigma,116,1.0000
Threshold_4sigma,117,1.0000
Threshold_4sigma,118,1.0000
Threshold_4sigma,119,1.0000
Threshold_4sigma,120,1.0000
Threshold_4sigma,121,1.0000
Threshold_4sigma,122,1.0000
Threshold_4sigma,123,1.0000
Threshold_4sigma,124,1.0000
Threshold_4sigma,125,1.0000
Threshold_4sigma,126,1.0000
Threshold_4sigma,127,1.0000
Threshold_4sigma,128,1.0000
Threshold_4sigma,129,1.0000
Threshold_4sigma,130,1.0000
Threshold_4sigma,131,1.0000
Threshold_4sigma,132,1.0000
Threshold_4sigma,133,1.0000
Threshold_4sigma,134,1.0000
Threshold_4sigma,135,1.0000
Threshold_4sigma,136,1.0000
Threshold_4sigma,137,1.0000
Threshold_4sigma,138,1.0000
Threshold_4sigma,139,1.0000
Threshold_4sigma,140,1.0000
Threshold_4sigma,141,1.0000
Threshold_4sigma,142,1.0000
Threshold_4sigma,143,1.0000
Threshold_4sigma,144,1.0000
Threshold_4sigma,145,1.0000
Threshold_4sigma,146,1.0000
Threshold_4sigma,147,1.0000
Threshold_4sigma,148,1.0000
Threshold_4sigma,149,1.0000
Threshold_4sigma,150,1.0000
Threshold_4sigma,151,1.0000
Threshold_4sigma,152,1.0000
Threshold_4sigma,153,1.0000
Threshold_4sigma,154,1.0000
Threshold_4sigma,155,1.0000
Threshold_4sigma,156,1.0000
Threshold_4sigma,157,1.0000
Threshold_4sigma,158,1.0000
Threshold_4sigma,159,1.0000
Threshold_4sigma,160,1.0000
Threshold_4sigma,161,1.0000
Threshold_4sigma,162,1.0000
Threshold_4sigma,163,1.0000
Threshold_4sigma,164,1.0000
Threshold_4sigma,165,1.0000
Threshold_4sigma,166,1.0000
Threshold_4sigma,167,1.0000
Threshold_4sigma,168,1.0000
Threshold_4sigma,169,1.0000
Threshold_4sigma,170,1.0000
Threshold_4sigma,171,1.0000
Threshold_4sigma,172,1.0000
Threshold_4sigma,173,1.0000
Threshold_4sigma,174,1.0000
Threshold_4sigma,175,1.0000
Threshold_4sigma,176,1.0000
Threshold_4sigma,177,1.0000
Threshold_4sigma,178,1.0000
Threshold_4sigma,179,1.0000
Threshold_4sigma,180,1.0000
Threshold_4sigma,181,1.0000
Threshold_4sigma,182,1.0000
Threshold_4sigma,183,1.0000
Threshold_4sigma,184,1.0000
Threshold_4sigma,185,1.0000
Threshold_4sigma,186,1.0000
Threshold_4sigma,187,1.0000
Threshold_4sigma,188,1.0000
Threshold_4sigma,189,1.0000
Threshold_4sigma,190,1.0000
Threshold_4sigma,191,1.0000
Threshold_4sigma,192,1.0000
Threshold_4sigma,193,1.0000
Threshold_4sigma,194,1.0000
Threshold_4sigma,195,1.0000
Threshold_4sigma,196,1.0000
Threshold_4sigma,197,1.0000
Threshold_4sigma,198,1.0000
Threshold_4sigma,199,1.0000
Threshold_4sigma,200,1.0000
Threshold_4sigma,201,1.0000
Threshold_4sigma,202,1.0000
Threshold_4sigma,203,1.0000
Threshold_4sigma,204,1.0000
Threshold_4sigma,205,1.0000
Threshold_4sigma,206,1.0000
Threshold_4sigma,207,1.0000
Threshold_4sigma,208,1.0000
Threshold_4sigma,209,1.0000
Threshold_4sigma,210,1.0000
Threshold_4sigma,211,1.0000
Threshold_4sigma,212,1.0000
Threshold_4sigma,213,1.0000
Threshold_4sigma,214,1.0000
Threshold_4sigma,215,1.0000
Threshold_4sigma,216,1.0000
Threshold_4sigma,217,1.0000
Threshold_4sigma,218,1.0000
Threshold_4sigma,219,1.0000
Threshold_4sigma,220,1.0000
Threshold_4sigma,221,1.0000
Threshold_4sigma,222,1.0000
Threshold_4sigma,223,1.0000
Threshold_4sigma,224,1.0000
Threshold_4sigma,225,1.0000
Threshold_4sigma,226,1.0000
Threshold_4sigma,227,1.0000
Threshold_4sigma,228,1.0000
Threshold_4sigma,229,1.0000
Threshold_4sigma,230,1.0000
Threshold_4sigma,231,1.0000
Threshold_4sigma,232,1.0000
Threshold_4sigma,233,1.0000
Threshold_4sigma,234,1.0000
Threshold_4sigma,235,1.0000
Threshold_4sigma,236,1.0000
Threshold_4sigma,237,1.0000
Threshold_4sigma,238,1.0000
Threshold_4sigma,239,1.0000
Threshold_4sigma,240,1.0000
Threshold_4sigma,241,1.0000
Threshold_4sigma,242,1.0000
Threshold_4sigma,243,1.0000
Threshold_4sigma,244,1.0000
Threshold_4sigma,245,1.0000
Threshold_4sigma,246,1.0000
Threshold_4sigma,247,1.0000
Threshold_4sigma,248,1.0000
Threshold_4sigma,249,1.0000
Threshold_4sigma,250,1.0000
Threshold_4sigma,251,1.0000
Threshold_4sigma,252,1.0000
Threshold_4sigma,253,1.0000
Threshold_4sigma,254,1.0000
Threshold_4sigma,255,1.0000
Threshold_4sigma,256,1.0000
Threshold_4sigma,257,1.0000
Threshold_4sigma,258,1.0000
Threshold_4sigma,259,1.0000
Threshold_4sigma,260,1.0000
Threshold_4sigma,261,1.0000
Threshold_4sigma,262,1.0000
Threshold_4sigma,263,1.0000
Threshold_4sigma,264,1.0000
Threshold_4sigma,265,1.0000
Threshold_4sigma,266,1.0000
Threshold_4sigma,267,1.0000
Threshold_4sigma,268,1.0000
Threshold_4sigma,269,1.0000
Threshold_4sigma,270,1.0000
Threshold_4sigma,271,1.0000
Threshold_4sigma,272,1.0000
Threshold_4sigma,273,1.0000
Threshold_4sigma,274,1.0000
Threshold_4sigma,275,1.0000
Threshold_4sigma,276,1.0000
Threshold_4sigma,277,1.0000
Threshold_4sigma,278,1.0000
Threshold_4sigma,279,1.0000
Threshold_4sigma,280,1.0000
Threshold_4sigma,281,1.0000
Threshold_4sigma,282,1.0000
Threshold_4sigma,283,1.0000
Threshold_4sigma,284,1.0000
Threshold_4sigma,285,1.0000
Threshold_4sigma,286,1.0000
Threshold_4sigma,287,1.0000
Threshold_4sigma,288,1.0000
Threshold_4sigma,289,1.0000
Threshold_4sigma,290,1.0000
Threshold_4sigma,291,1.0000
Threshold_4sigma,292,1.0000
Threshold_4sigma,293,1.0000
Threshold_4sigma,294,1.0000
Threshold_4sigma,295,1.0000
Threshold_4sigma,296,1.0000
Threshold_4sigma,297,1.0000
Threshold_4sigma,298,1.0000
Threshold_4sigma,299,1.0000
Threshold_4sigma,300,1.0000
Threshold_4sigma,301,1.0000
Threshold_4sigma,302,1.0000
Threshold_4sigma,303,1.0000
Threshold_4sigma,304,1.0000
Threshold_4sigma,305,1.0000
Threshold_4sigma,306,1.0000
Threshold_4sigma,307,1.0000
Threshold_4sigma,308,1.0000
Threshold_4sigma,309,1.0000
Threshold_4sigma,310,1.0000
Threshold_4sigma,311,1.0000
Threshold_4sigma,312,1.0000
Threshold_4sigma,313,1.0000
Threshold_4sigma,314,1.0000
Threshold_4sigma,315,1.0000
Threshold_4sigma,316,1.0000
Threshold_4sigma,317,1.0000
Threshold_4sigma,318,1.0000
Threshold_4sigma,319,1.0000
Threshold_4sigma,320,1.0000
Threshold_4sigma,321,1.0000
Threshold_4sigma,322,1.0000
Threshold_4sigma,323,1.0000
Threshold_4sigma,324,1.0000
Threshold_4sigma,325,1.0000
Threshold_4sigma,326,1.0000
Threshold_4sigma,327,1.0000
Threshold_4sigma,328,1.0000
Threshold_4sigma,329,1.0000
Threshold_4sigma,330,1.0000
Threshold_4sigma,331,1.0000
Threshold_4sigma,332,1.0000
Threshold_4sigma,333,1.0000
Threshold_4sigma,334,1.0000
Threshold_4sigma,335,1.0000
Threshold_4sigma,336,1.0000
Threshold_4sigma,337,1.0000
Threshold_4sigma,338,1.0000
Threshold_4sigma,339,1.0000
Threshold_4sigma,340,1.0000
Threshold_4sigma,341,1.0000
Threshold_4sigma,342,1.0000
Threshold_4sigma,343,1.0000
Threshold_4sigma,344,1.0000
Threshold_4sigma,345,1.0000
Threshold_4sigma,346,1.0000
Threshold_4sigma,347,1.0000
Threshold_4sigma,348,1.0000
Threshold_4sigma,349,1.0000
Threshold_4sigma,350,1.0000
Threshold_4sigma,351,1.0000
Threshold_4sigma,352,1.0000
Threshold_4sigma,353,1.0000
Threshold_4sigma,354,1.0000
Threshold_4sigma,355,1.0000
Threshold_4sigma,356,1.0000
Threshold_4sigma,357,1.0000
Threshold_4sigma,358,1.0000
Threshold_4sigma,359,1.0000
Threshold_4sigma,360,1.0000
Threshold_4sigma,361,1.0000
Threshold_4sigma,362,1.0000
Threshold_4sigma,363,1.0000
Threshold_4sigma,364,1.0000
Threshold_4sigma,365,1.0000
Threshold_4sigma,366,1.0000
Threshold_4sigma,367,1.0000
Threshold_4sigma,368,1.0000
Threshold_4sigma,369,1.0000
Threshold_4sigma,370,1.0000
Threshold_4sigma,371,1.0000
Threshold_4sigma,372,1.0000
Threshold_4sigma,373,1.0000
Threshold_4sigma,374,1.0000
Threshold_4sigma,375,1.0000
Threshold_4sigma,376,1.0000
Threshold_4sigma,377,1.0000
Threshold_4sigma,378,1.0000
Threshold_4sigma,379,1.0000
Threshold_4sigma,380,1.0000
Threshold_4sigma,381,1.0000
Threshold_4sigma,382,1.0000
Threshold_4sigma,383,1.0000
Threshold_4sigma,384,1.0000
Threshold_4sigma,385,1.0000
Threshold_4sigma,386,1.0000
Threshold_4sigma,387,1.0000
Threshold_4sigma,388,1.0000
Threshold_4sigma,389,1.0000
Threshold_4sigma,390,1.0000
Threshold_4sigma,391,1.0000
Threshold_4sigma,392,1.0000
Threshold_4sigma,393,1.0000
Threshold_4sigma,394,1.0000
Threshold_4sigma,395,1.0000
Threshold_4sigma,396,1.0000
Threshold_4sigma,397,1.0000
Threshold_4sigma,398,1.0000
Threshold_4sigma,399,1.0000
Threshold_4sigma,400,1.0000
Threshold_4sigma,401,1.0000
Threshold_4sigma,402,1.0000
Threshold_4sigma,403,1.0000
Threshold_4sigma,404,1.0000
Threshold_4sigma,405,1.0000
Threshold_4sigma,406,1.0000
Threshold_4sigma,407,1.0000
Threshold_4sigma,408,1.0000
Threshold_4sigma,409,1.0000
Threshold_4sigma,410,1.0000
Threshold_4sigma,411,1.0000
Threshold_4sigma,412,1.0000
Threshold_4sigma,413,1.0000
Threshold_4sigma,414,1.0000
Threshold_4sigma,415,1.0000
Threshold_4sigma,416,1.0000
Threshold_4sigma,417,1.0000
Threshold_4sigma,418,1.0000
Threshold_4sigma,419,1.0000
Threshold_4sigma,420,1.0000
Threshold_4sigma,421,1.0000
Threshold_4sigma,422,1.0000
Threshold_4sigma,423,1.0000
Threshold_4sigma,424,1.0000
Threshold_4sigma,425,1.0000
Threshold_4sigma,426,1.0000
Threshold_4sigma,427,1.0000
Threshold_4sigma,428,1.0000
Threshold_4sigma,429,1.0000
Threshold_4sigma,430,1.0000
Threshold_4sigma,431,1.0000
Threshold_4sigma,432,1.0000
Threshold_4sigma,433,1.0000
Threshold_4sigma,434,1.0000
Threshold_4sigma,435,1.0000
Threshold_4sigma,436,1.0000
Threshold_4sigma,437,1.0000
Threshold_4sigma,438,1.0000
Threshold_4sigma,439,1.0000
Threshold_4sigma,440,1.0000
Threshold_4sigma,441,1.0000
Threshold_4sigma,442,1.0000
Threshold_4sigma,443,1.0000
Threshold_4sigma,444,1.0000
Threshold_4sigma,445,1.0000
Threshold_4sigma,446,1.0000
Threshold_4sigma,447,1.0000
Threshold_4sigma,448,1.0000
Threshold_4sigma,449,1.0000
Threshold_4sigma,450,1.0000
Threshold_4sigma,451,1.0000
Threshold_4sigma,452,1.0000
Threshold_4sigma,453,1.0000
Threshold_4sigma,454,1.0000
Threshold_4sigma,455,1.0000
Threshold_4sigma,456,1.0000
Threshold_4sigma,457,1.0000
Threshold_4sigma,458,1.0000
Threshold_4sigma,459,1.0000
Threshold_4sigma,460,1.0000
Threshold_4sigma,461,1.0000
Threshold_4sigma,462,1.0000
Threshold_4sigma,463,1.0000
Threshold_4sigma,464,1.0000
Threshold_4sigma,465,1.0000
Threshold_4sigma,466,1.0000
Threshold_4sigma,467,1.0000
Threshold_4sigma,468,1.0000
Threshold_4sigma,469,1.0000
Threshold_4sigma,470,1.0000
Threshold_4sigma,471,1.0000
Threshold_4sigma,472,1.0000
Threshold_4sigma,473,1.0000
Threshold_4sigma,474,1.0000
Threshold_4sigma,475,1.0000
Threshold_4sigma,476,1.0000
Threshold_4sigma,477,1.0000
Threshold_4sigma,478,1.0000
Threshold_4sigma,479,1.0000
Threshold_4sigma,480,1.0000
Threshold_4sigma,481,1.0000
Threshold_4sigma,482,1.0000
Threshold_4sigma,483,1.0000
Threshold_4sigma,484,1.0000
Threshold_4sigma,485,1.0000
Threshold_4sigma,486,1.0000
Threshold_4sigma,487,1.0000
Threshold_4sigma,488,1.0000
Threshold_4sigma,489,1.0000
Threshold_4sigma,490,1.0000
Threshold_4sigma,491,1.0000
Threshold_4sigma,492,1.0000
Threshold_4sigma,493,1.0000
Threshold_4sigma,494,1.0000
Threshold_4sigma,495,1.0000
Threshold_4sigma,496,1.0000
Threshold_4sigma,497,1.0000
Threshold_4sigma,498,1.0000
Threshold_4sigma,499,1.0000
Threshold_4sigma,500,1.0000
Threshold_4sigma,501,1.0000
Threshold_4sigma,502,1.0000
Threshold_4sigma,503,1.0000
Threshold_4sigma,504,1.0000
Threshold_4sigma,505,1.0000
Threshold_4sigma,506,1.0000
Threshold_4sigma,507,1.0000
Threshold_4sigma,508,1.0000
Threshold_4sigma,509,1.0000
Threshold_4sigma,510,1.0000
Threshold_4sigma,511,1.0000
Threshold_4sigma,512,1.0000
Threshold_4sigma,513,1.0000
Threshold_4sigma,514,1.0000
Threshold_4sigma,515,1.0000
Threshold_4sigma,516,1.0000
Threshold_4sigma,517,1.0000
Threshold_4sigma,518,1.0000
Threshold_4sigma,519,1.0000
Threshold_4sigma,520,1.0000
Threshold_4sigma,521,1.0000
Threshold_4sigma,522,1.0000
Threshold_4sigma,523,1.0000
Threshold_4sigma,524,1.0000
Threshold_4sigma,525,1.0000
Threshold_4sigma,526,1.0000
Threshold_4sigma,527,1.0000
Threshold_4sigma,528,1.0000
Threshold_4sigma,529,1.0000
Threshold_4sigma,530,1.0000
Threshold_4sigma,531,1.0000
Threshold_4sigma,532,1.0000
Threshold_4sigma,533,1.0000
Threshold_4sigma,534,1.0000
Threshold_4sigma,535,1.0000
Threshold_4sigma,536,1.0000
Threshold_4sigma,537,1.0000
Threshold_4sigma,538,1.0000
Threshold_4sigma,539,1.0000
Threshold_4sigma,540,1.0000
Threshold_4sigma,541,1.0000
Threshold_4sigma,542,1.0000
Threshold_4sigma,543,1.0000
Threshold_4sigma,544,1.0000
Threshold_4sigma,545,1.0000
Threshold_4sigma,546,1.0000
Threshold_4sigma,547,1.0000
Threshold_4sigma,548,1.0000
Threshold_4sigma,549,1.0000
Threshold_4sigma,550,1.0000
Threshold_4sigma,551,1.0000
Threshold_4sigma,552,1.0000
Threshold_4sigma,553,1.0000
Threshold_4sigma,554,1.0000
Threshold_4sigma,555,1.0000
Threshold_4sigma,556,1.0000
Threshold_4sigma,557,1.0000
Threshold_4sigma,558,1.0000
Threshold_4sigma,559,1.0000
Threshold_4sigma,560,1.0000
Threshold_4sigma,561,1.0000
Threshold_4sigma,562,1.0000
Threshold_4sigma,563,1.0000
Threshold_4sigma,564,1.0000
Threshold_4sigma,565,1.0000
Threshold_4sigma,566,1.0000
Threshold_4sigma,567,1.0000
Threshold_4sigma,568,1.0000
Threshold_4sigma,569,1.0000
Threshold_4sigma,570,1.0000
Threshold_4sigma,571,1.0000
Threshold_4sigma,572,1.0000
Threshold_4sigma,573,1.0000
Threshold_4sigma,574,1.0000
Threshold_4sigma,575,1.0000
Threshold_4sigma,576,1.0000
Threshold_4sigma,577,1.0000
Threshold_4sigma,578,1.0000
Threshold_4sigma,579,1.0000
Threshold_4sigma,580,1.0000
Threshold_4sigma,581,1.0000
Threshold_4sigma,582,1.0000
Threshold_4sigma,583,1.0000
Threshold_4sigma,584,1.0000
Threshold_4sigma,585,1.0000
Threshold_4sigma,586,1.0000
Threshold_4sigma,587,1.0000
Threshold_4sigma,588,1.0000
Threshold_4sigma,589,1.0000
Threshold_4sigma,590,1.0000
Threshold_4sigma,591,1.0000
Threshold_4sigma,592,1.0000
Threshold_4sigma,593,1.0000
Threshold_4sigma,594,1.0000
Threshold_4sigma,595,1.0000
Threshold_4sigma,596,1.0000
Threshold_4sigma,597,1.0000
Threshold_4sigma,598,1.0000
Threshold_4sigma,599,1.0000
Threshold_4sigma,600,1.0000
Threshold_4sigma,601,1.0000
Threshold_4sigma,602,1.0000
Threshold_4sigma,603,1.0000
Threshold_4sigma,604,1.0000
Threshold_4sigma,605,1.0000
Threshold_4sigma,606,1.0000
Threshold_4sigma,607,1.0000
Threshold_4sigma,608,1.0000
Threshold_4sigma,609,1.0000
Threshold_4sigma,610,1.0000
Threshold_4sigma,611,1.0000
Threshold_4sigma,612,1.0000
Threshold_4sigma,613,1.0000
Threshold_4sigma,614,1.0000
Threshold_4sigma,615,1.0000
Threshold_4sigma,616,1.0000
Threshold_4sigma,617,1.0000
Threshold_4sigma,618,1.0000
Threshold_4sigma,619,1.0000
Threshold_4sigma,620,1.0000
Threshold_4sigma,621,1.0000
Threshold_4sigma,622,1.0000
Threshold_4sigma,623,1.0000
Threshold_4sigma,624,1.0000
Threshold_4sigma,625,1.0000
Threshold_4sigma,626,1.0000
Threshold_4sigma,627,1.0000
Threshold_4sigma,628,1.0000
Threshold_4sigma,629,1.0000
Threshold_4sigma,630,1.0000
Threshold_4sigma,631,1.0000
Threshold_4sigma,632,1.0000
Threshold_4sigma,633,1.0000
Threshold_4sigma,634,1.0000
Threshold_4sigma,635,1.0000
Threshold_4sigma,636,1.0000
Threshold_4sigma,637,1.0000
Threshold_4sigma,638,1.0000
Threshold_4sigma,639,1.0000
Threshold_4sigma,640,1.0000
Threshold_4sigma,641,1.0000
Threshold_4sigma,642,1.0000
Threshold_4sigma,643,1.0000
Threshold_4sigma,644,1.0000
Threshold_4sigma,645,1.0000
Threshold_4sigma,646,1.0000
Threshold_4sigma,647,1.0000
Threshold_4sigma,648,1.0000
Threshold_4sigma,649,1.0000
Threshold_4sigma,650,1.0000
Threshold_4sigma,651,1.0000
Threshold_4sigma,652,1.0000
Threshold_4sigma,653,1.0000
Threshold_4sigma,654,1.0000
Threshold_4sigma,655,1.0000
Threshold_4sigma,656,1.0000
Threshold_4sigma,657,1.0000
Threshold_4sigma,658,1.0000
Threshold_4sigma,659,1.0000
Threshold_4sigma,660,1.0000
Threshold_4sigma,661,1.0000
Threshold_4sigma,662,1.0000
Threshold_4sigma,663,1.0000
Threshold_4sigma,664,1.0000
Threshold_4sigma,665,1.0000
Threshold_4sigma,666,1.0000
Threshold_4sigma,667,1.0000
Threshold_4sigma,668,1.0000
Threshold_4sigma,669,1.0000
Threshold_4sigma,670,1.0000
Threshold_4sigma,671,1.0000
Threshold_4sigma,672,1.0000
Threshold_4sigma,673,1.0000
Threshold_4sigma,674,1.0000
Threshold_4sigma,675,1.0000
Threshold_4sigma,676,1.0000
Threshold_4sigma,677,1.0000
Threshold_4sigma,678,1.0000
Threshold_4sigma,679,1.0000
Threshold_4sigma,680,1.0000
Threshold_4sigma,681,1.0000
Threshold_4sigma,682,1.0000
Threshold_4sigma,683,1.0000
Threshold_4sigma,684,1.0000
Threshold_4sigma,685,1.0000
Threshold_4sigma,686,1.0000
Threshold_4sigma,687,1.0000
Threshold_4sigma,688,1.0000
Threshold_4sigma,689,1.0000
Threshold_4sigma,690,1.0000
Threshold_4sigma,691,1.0000
Threshold_4sigma,692,1.0000
Threshold_4sigma,693,1.0000
Threshold_4sigma,694,1.0000
Threshold_4sigma,695,1.0000
Threshold_4sigma,696,1.0000
Threshold_4sigma,697,1.0000
Threshold_4sigma,698,1.0000
Threshold_4sigma,699,1.0000
Threshold_4sigma,700,1.0000
Threshold_4sigma,701,1.0000
Threshold_4sigma,702,1.0000
Threshold_4sigma,703,1.0000
Threshold_4sigma,704,1.0000
Threshold_4sigma,705,1.0000
Threshold_4sigma,706,1.0000
Threshold_4sigma,707,1.0000
Threshold_4sigma,708,1.0000
Threshold_4sigma,709,1.0000
Threshold_4sigma,710,1.0000
Threshold_4sigma,711,1.0000
Threshold_4sigma,712,1.0000
Threshold_4sigma,713,1.0000
Threshold_4sigma,714,1.0000
Threshold_4sigma,715,1.0000
Threshold_4sigma,716,1.0000
Threshold_4sigma,717,1.0000
Threshold_4sigma,718,1.0000
Threshold_4sigma,719,1.0000
Threshold_4sigma,720,1.0000
Threshold_4sigma,721,1.0000
Threshold_4sigma,722,1.0000
Threshold_4sigma,723,1.0000
Threshold_4sigma,724,1.0000
Threshold_4sigma,725,1.0000
Threshold_4sigma,726,1.0000
Threshold_4sigma,727,1.0000
Threshold_4sigma,728,1.0000
Threshold_4sigma,729,1.0000
Threshold_4sigma,730,1.0000
Threshold_4sigma,731,1.0000
Threshold_4sigma,732,1.0000
Threshold_4sigma,733,1.0000
Threshold_4sigma,734,1.0000
Threshold_4sigma,735,1.0000
Threshold_4sigma,736,1.0000
Threshold_4sigma,737,1.0000
Threshold_4sigma,738,1.0000
Threshold_4sigma,739,1.0000
Threshold_4sigma,740,1.0000
Threshold_4sigma,741,1.0000
Threshold_4sigma,742,1.0000
Threshold_4sigma,743,1.0000
Threshold_4sigma,744,1.0000
Threshold_4sigma,745,1.0000
Threshold_4sigma,746,1.0000
Threshold_4sigma,747,1.0000
Threshold_4sigma,748,1.0000
Threshold_4sigma,749,1.0000
Threshold_4sigma,750,1.0000
Threshold_4sigma,751,1.0000
Threshold_4sigma,752,1.0000
Threshold_4sigma,753,1.0000
Threshold_4sigma,754,1.0000
Threshold_4sigma,755,1.0000
Threshold_4sigma,756,1.0000
Threshold_4sigma,757,1.0000
Threshold_4sigma,758,1.0000
Threshold_4sigma,759,1.0000
Threshold_4sigma,760,1.0000
Threshold_4sigma,761,1.0000
Threshold_4sigma,762,1.0000
Threshold_4sigma,763,1.0000
Threshold_4sigma,764,1.0000
Threshold_4sigma,765,1.0000
Threshold_4sigma,766,1.0000
Threshold_4sigma,767,1.0000
Threshold_4sigma,768,1.0000
Threshold_4sigma,769,1.0000
Threshold_4sigma,770,1.0000
Threshold_4sigma,771,1.0000
Threshold_4sigma,772,0.0000
Threshold_4sigma,773,1.0000
Threshold_4sigma,774,0.0000
Threshold_4sigma,775,0.0001
Threshold_4sigma,776,0.0000
Threshold_4sigma,777,0.1401
Threshold_4sigma,778,0.2558
Threshold_4sigma,779,0.2456
Threshold_4sigma,780,0.3328
Threshold_4sigma,781,0.4702
Threshold_4sigma,782,0.4182
Threshold_4sigma,783,0.4210
Threshold_4sigma,784,0.3499
Threshold_4sigma,785,0.1102
Replay_200,0,0.0000
Replay_200,1,0.0000
Replay_200,2,0.1392
Replay_200,3,0.1236
Replay_200,4,0.1229
Replay_200,5,0.1610
Replay_200,6,0.1207
Replay_200,7,0.1662
Replay_200,8,0.1663
Replay_200,9,0.1710
Replay_200,10,0.0000
Replay_200,11,0.0000
Replay_200,12,0.0000
Replay_200,13,0.0000
Replay_200,14,0.0000
Replay_200,15,0.0000
Replay_200,16,0.0000
Replay_200,17,0.0000
Replay_200,18,0.0000
Replay_200,19,0.0000
Replay_200,20,0.0000
Replay_200,21,0.0000
Replay_200,22,0.0000
Replay_200,23,0.0000
Replay_200,24,0.0000
Replay_200,25,0.0000
Replay_200,26,0.0000
Replay_200,27,0.0000
Replay_200,28,0.0000
Replay_200,29,0.0000
Replay_200,30,0.0000
Replay_200,31,0.0000
Replay_200,32,0.0000
Replay_200,33,0.0000
Replay_200,34,0.0000
Replay_200,35,0.0000
Replay_200,36,0.0000
Replay_200,37,0.0000
Replay_200,38,0.0000
Replay_200,39,0.0000
Replay_200,40,0.0000
Replay_200,41,0.0000
Replay_200,42,0.0000
Replay_200,43,0.0000
Replay_200,44,0.0000
Replay_200,45,0.0000
Replay_200,46,0.0000
Replay_200,47,0.0000
Replay_200,48,0.0000
Replay_200,49,0.0000
Replay_200,50,0.0000
Replay_200,51,0.0000
Replay_200,52,0.0000
Replay_200,53,0.0000
Replay_200,54,0.0000
Replay_200,55,0.0000
Replay_200,56,0.0000
Replay_200,57,0.0000
Replay_200,58,0.0000
Replay_200,59,0.0000
Replay_200,60,0.0000
Replay_200,61,0.0000
Replay_200,62,0.0000
Replay_200,63,0.0000
Replay_200,64,0.0000
Replay_200,65,0.0000
Replay_200,66,0.0000
Replay_200,67,0.0000
Replay_200,68,0.0000
Replay_200,69,0.0000
Replay_200,70,0.0000
Replay_200,71,0.0000
Replay_200,72,0.0000
Replay_200,73,0.0000
Replay_200,74,0.0000
Replay_200,75,0.0000
Replay_200,76,0.0000
Replay_200,77,0.0000
Replay_200,78,0.0000
Replay_200,79,0.0000
Replay_200,80,0.0000
Replay_200,81,0.0000
Replay_200,82,0.0000
Replay_200,83,0.0000
Replay_200,84,0.0000
Replay_200,85,0.0000
Replay_200,86,0.0000
Replay_200,87,0.0000
Replay_200,88,0.0000
Replay_200,89,0.0000
Replay_200,90,0.0000
Replay_200,91,1.0000
Replay_200,92,1.0000
Replay_200,93,1.0000
Replay_200,94,1.0000
Replay_200,95,1.0000
Replay_200,96,1.0000
Replay_200,97,1.0000
Replay_200,98,1.0000
Replay_200,99,1.0000
Replay_200,100,1.0000
Replay_200,101,1.0000
Replay_200,102,1.0000
Replay_200,103,1.0000
Replay_200,104,1.0000
Replay_200,105,1.0000
Replay_200,106,1.0000
Replay_200,107,1.0000
Replay_200,108,1.0000
Replay_200,109,1.0000
Replay_200,110,1.0000
Replay_200,111,1.0000
Replay_200,112,1.0000
Replay_200,113,1.0000
Replay_200,114,1.0000
Replay_200,115,1.0000
Replay_200,116,1.0000
Replay_200,117,1.0000
Replay_200,118,1.0000
Replay_200,119,1.0000
Replay_200,120,1.0000
Replay_200,121,1.0000
Replay_200,122,1.0000
Replay_200,123,1.0000
Replay_200,124,1.0000
Replay_200,125,1.0000
Replay_200,126,1.0000
Replay_200,127,1.0000
Replay_200,128,1.0000
Replay_200,129,1.0000
Replay_200,130,1.0000
Replay_200,131,1.0000
Replay_200,132,1.0000
Replay_200,133,1.0000
Replay_200,134,1.0000
Replay_200,135,1.0000
Replay_200,136,1.0000
Replay_200,137,1.0000
Replay_200,138,1.0000
Replay_200,139,1.0000
Replay_200,140,1.0000
Replay_200,141,1.0000
Replay_200,142,1.0000
Replay_200,143,1.0000
Replay_200,144,1.0000
Replay_200,145,1.0000
Replay_200,146,1.0000
Replay_200,147,1.0000
Replay_200,148,1.0000
Replay_200,149,1.0000
Replay_200,150,1.0000
Replay_200,151,1.0000
Replay_200,152,1.0000
Replay_200,153,1.0000
Replay_200,154,1.0000
Replay_200,155,1.0000
Replay_200,156,1.0000
Replay_200,157,1.0000
Replay_200,158,1.0000
Replay_200,159,1.0000
Replay_200,160,1.0000
Replay_200,161,1.0000
Replay_200,162,1.0000
Replay_200,163,1.0000
Replay_200,164,1.0000
Replay_200,165,1.0000
Replay_200,166,1.0000
Replay_200,167,1.0000
Replay_200,168,1.0000
Replay_200,169,1.0000
Replay_200,170,1.0000
Replay_200,171,1.0000
Replay_200,172,1.0000
Replay_200,173,1.0000
Replay_200,174,1.0000
Replay_200,175,1.0000
Replay_200,176,1.0000
Replay_200,177,1.0000
Replay_200,178,1.0000
Replay_200,179,1.0000
Replay_200,180,1.0000
Replay_200,181,1.0000
Replay_200,182,1.0000
Replay_200,183,1.0000
Replay_200,184,1.0000
Replay_200,185,1.0000
Replay_200,186,1.0000
Replay_200,187,1.0000
Replay_200,188,1.0000
Replay_200,189,1.0000
Replay_200,190,1.0000
Replay_200,191,1.0000
Replay_200,192,1.0000
Replay_200,193,1.0000
Replay_200,194,1.0000
Replay_200,195,1.0000
Replay_200,196,1.0000
Replay_200,197,1.0000
Replay_200,198,1.0000
Replay_200,199,1.0000
Replay_200,200,1.0000
Replay_200,201,1.0000
Replay_200,202,1.0000
Replay_200,203,1.0000
Replay_200,204,1.0000
Replay_200,205,1.0000
Replay_200,206,1.0000
Replay_200,207,1.0000
Replay_200,208,1.0000
Replay_200,209,1.0000
Replay_200,210,1.0000
Replay_200,211,1.0000
Replay_200,212,1.0000
Replay_200,213,1.0000
Replay_200,214,1.0000
Replay_200,215,1.0000
Replay_200,216,1.0000
Replay_200,217,1.0000
Replay_200,218,1.0000
Replay_200,219,1.0000
Replay_200,220,1.0000
Replay_200,221,1.0000
Replay_200,222,1.0000
Replay_200,223,1.0000
Replay_200,224,1.0000
Replay_200,225,1.0000
Replay_200,226,1.0000
Replay_200,227,1.0000
Replay_200,228,1.0000
Replay_200,229,1.0000
Replay_200,230,1.0000
Replay_200,231,1.0000
Replay_200,232,1.0000
Replay_200,233,1.0000
Replay_200,234,1.0000
Replay_200,235,1.0000
Replay_200,236,1.0000
Replay_200,237,1.0000
Replay_200,238,1.0000
Replay_200,239,1.0000
Replay_200,240,1.0000
Replay_200,241,1.0000
Replay_200,242,1.0000
Replay_200,243,1.0000
Replay_200,244,1.0000
Replay_200,245,1.0000
Replay_200,246,1.0000
Replay_200,247,1.0000
Replay_200,248,1.0000
Replay_200,249,1.0000
Replay_200,250,1.0000
Replay_200,251,1.0000
Replay_200,252,1.0000
Replay_200,253,1.0000
Replay_200,254,1.0000
Replay_200,255,1.0000
Replay_200,256,1.0000
Replay_200,257,1.0000
Replay_200,258,1.0000
Replay_200,259,1.0000
Replay_200,260,1.0000
Replay_200,261,1.0000
Replay_200,262,1.0000
Replay_200,263,1.0000
Replay_200,264,1.0000
Replay_200,265,1.0000
Replay_200,266,1.0000
Replay_200,267,1.0000
Replay_200,268,1.0000
Replay_200,269,1.0000
Replay_200,270,1.0000
Replay_200,271,1.0000
Replay_200,272,1.0000
Replay_200,273,1.0000
Replay_200,274,1.0000
Replay_200,275,1.0000
Replay_200,276,1.0000
Replay_200,277,1.0000
Replay_200,278,1.0000
Replay_200,279,1.0000
Replay_200,280,1.0000
Replay_200,281,1.0000
Replay_200,282,1.0000
Replay_200,283,1.0000
Replay_200,284,1.0000
Replay_200,285,1.0000
Replay_200,286,1.0000
Replay_200,287,1.0000
Replay_200,288,1.0000
Replay_200,289,1.0000
Replay_200,290,1.0000
Replay_200,291,1.0000
Replay_200,292,1.0000
Replay_200,293,1.0000
Replay_200,294,1.0000
Replay_200,295,1.0000
Replay_200,296,1.0000
Replay_200,297,1.0000
Replay_200,298,1.0000
Replay_200,299,1.0000
Replay_200,300,1.0000
Replay_200,301,1.0000
Replay_200,302,1.0000
Replay_200,303,1.0000
Replay_200,304,1.0000
Replay_200,305,1.0000
Replay_200,306,1.0000
Replay_200,307,1.0000
Replay_200,308,1.0000
Replay_200,309,1.0000
Replay_200,310,1.0000
Replay_200,311,1.0000
Replay_200,312,1.0000
Replay_200,313,1.0000
Replay_200,314,1.0000
Replay_200,315,1.0000
Replay_200,316,1.0000
Replay_200,317,1.0000
Replay_200,318,1.0000
Replay_200,319,1.0000
Replay_200,320,1.0000
Replay_200,321,1.0000
Replay_200,322,1.0000
Replay_200,323,1.0000
Replay_200,324,1.0000
Replay_200,325,1.0000
Replay_200,326,1.0000
Replay_200,327,1.0000
Replay_200,328,1.0000
Replay_200,329,1.0000
Replay_200,330,1.0000
Replay_200,331,1.0000
Replay_200,332,1.0000
Replay_200,333,1.0000
Replay_200,334,1.0000
Replay_200,335,1.0000
Replay_200,336,1.0000
Replay_200,337,1.0000
Replay_200,338,1.0000
Replay_200,339,1.0000
Replay_200,340,1.0000
Replay_200,341,1.0000
Replay_200,342,1.0000
Replay_200,343,1.0000
Replay_200,344,1.0000
Replay_200,345,1.0000
Replay_200,346,1.0000
Replay_200,347,1.0000
Replay_200,348,1.0000
Replay_200,349,1.0000
Replay_200,350,1.0000
Replay_200,351,1.0000
Replay_200,352,1.0000
Replay_200,353,1.0000
Replay_200,354,1.0000
Replay_200,355,1.0000
Replay_200,356,1.0000
Replay_200,357,1.0000
Replay_200,358,1.0000
Replay_200,359,1.0000
Replay_200,360,1.0000
Replay_200,361,1.0000
Replay_200,362,1.0000
Replay_200,363,1.0000
Replay_200,364,1.0000
Replay_200,365,1.0000
Replay_200,366,1.0000
Replay_200,367,1.0000
Replay_200,368,1.0000
Replay_200,369,1.0000
Replay_200,370,1.0000
Replay_200,371,1.0000
Replay_200,372,1.0000
Replay_200,373,1.0000
Replay_200,374,1.0000
Replay_200,375,1.0000
Replay_200,376,1.0000
Replay_200,377,1.0000
Replay_200,378,1.0000
Replay_200,379,1.0000
Replay_200,380,1.0000
Replay_200,381,1.0000
Replay_200,382,1.0000
Replay_200,383,1.0000
Replay_200,384,1.0000
Replay_200,385,1.0000
Replay_200,386,1.0000
Replay_200,387,1.0000
Replay_200,388,1.0000
Replay_200,389,1.0000
Replay_200,390,1.0000
Replay_200,391,1.0000
Replay_200,392,1.0000
Replay_200,393,1.0000
Replay_200,394,1.0000
Replay_200,395,1.0000
Replay_200,396,1.0000
Replay_200,397,1.0000
Replay_200,398,1.0000
Replay_200,399,1.0000
Replay_200,400,1.0000
Replay_200,401,1.0000
Replay_200,402,1.0000
Replay_200,403,1.0000
Replay_200,404,1.0000
Replay_200,405,1.0000
Replay_200,406,1.0000
Replay_200,407,1.0000
Replay_200,408,1.0000
Replay_200,409,1.0000
Replay_200,410,1.0000
Replay_200,411,1.0000
Replay_200,412,1.0000
Replay_200,413,1.0000
Replay_200,414,1.0000
Replay_200,415,1.0000
Replay_200,416,1.0000
Replay_200,417,1.0000
Replay_200,418,1.0000
Replay_200,419,1.0000
Replay_200,420,1.0000
Replay_200,421,1.0000
Replay_200,422,1.0000
Replay_200,423,1.0000
Replay_200,424,1.0000
Replay_200,425,1.0000
Replay_200,426,1.0000
Replay_200,427,1.0000
Replay_200,428,1.0000
Replay_200,429,1.0000
Replay_200,430,1.0000
Replay_200,431,1.0000
Replay_200,432,1.0000
Replay_200,433,1.0000
Replay_200,434,1.0000
Replay_200,435,1.0000
Replay_200,436,1.0000
Replay_200,437,1.0000
Replay_200,438,1.0000
Replay_200,439,1.0000
Replay_200,440,1.0000
Replay_200,441,1.0000
Replay_200,442,1.0000
Replay_200,443,1.0000
Replay_200,444,1.0000
Replay_200,445,1.0000
Replay_200,446,1.0000
Replay_200,447,1.0000
Replay_200,448,1.0000
Replay_200,449,1.0000
Replay_200,450,1.0000
Replay_200,451,1.0000
Replay_200,452,1.0000
Replay_200,453,1.0000
Replay_200,454,1.0000
Replay_200,455,1.0000
Replay_200,456,1.0000
Replay_200,457,1.0000
Replay_200,458,1.0000
Replay_200,459,1.0000
Replay_200,460,1.0000
Replay_200,461,1.0000
Replay_200,462,1.0000
Replay_200,463,1.0000
Replay_200,464,1.0000
Replay_200,465,1.0000
Replay_200,466,1.0000
Replay_200,467,1.0000
Replay_200,468,1.0000
Replay_200,469,1.0000
Replay_200,470,1.0000
Replay_200,471,1.0000
Replay_200,472,1.0000
Replay_200,473,1.0000
Replay_200,474,1.0000
Replay_200,475,1.0000
Replay_200,476,1.0000
Replay_200,477,1.0000
Replay_200,478,1.0000
Replay_200,479,1.0000
Replay_200,480,1.0000
Replay_200,481,1.0000
Replay_200,482,1.0000
Replay_200,483,1.0000
Replay_200,484,1.0000
Replay_200,485,1.0000
Replay_200,486,1.0000
Replay_200,487,1.0000
Replay_200,488,1.0000
Replay_200,489,1.0000
Replay_200,490,1.0000
Replay_200,491,1.0000
Replay_200,492,1.0000
Replay_200,493,1.0000
Replay_200,494,1.0000
Replay_200,495,1.0000
Replay_200,496,1.0000
Replay_200,497,1.0000
Replay_200,498,1.0000
Replay_200,499,1.0000
Replay_200,500,1.0000
Replay_200,501,1.0000
Replay_200,502,1.0000
Replay_200,503,1.0000
Replay_200,504,1.0000
Replay_200,505,1.0000
Replay_200,506,1.0000
Replay_200,507,1.0000
Replay_200,508,1.0000
Replay_200,509,1.0000
Replay_200,510,1.0000
Replay_200,511,1.0000
Replay_200,512,1.0000
Replay_200,513,1.0000
Replay_200,514,1.0000
Replay_200,515,1.0000
Replay_200,516,1.0000
Replay_200,517,1.0000
Replay_200,518,1.0000
Replay_200,519,1.0000
Replay_200,520,1.0000
Replay_200,521,1.0000
Replay_200,522,1.0000
Replay_200,523,1.0000
Replay_200,524,1.0000
Replay_200,525,1.0000
Replay_200,526,1.0000
Replay_200,527,1.0000
Replay_200,528,1.0000
Replay_200,529,1.0000
Replay_200,530,1.0000
Replay_200,531,1.0000
Replay_200,532,1.0000
Replay_200,533,1.0000
Replay_200,534,1.0000
Replay_200,535,1.0000
Replay_200,536,1.0000
Replay_200,537,1.0000
Replay_200,538,1.0000
Replay_200,539,1.0000
Replay_200,540,1.0000
Replay_200,541,1.0000
Replay_200,542,1.0000
Replay_200,543,1.0000
Replay_200,544,1.0000
Replay_200,545,1.0000
Replay_200,546,1.0000
Replay_200,547,1.0000
Replay_200,548,1.0000
Replay_200,549,1.0000
Replay_200,550,1.0000
Replay_200,551,1.0000
Replay_200,552,1.0000
Replay_200,553,1.0000
Replay_200,554,1.0000
Replay_200,555,1.0000
Replay_200,556,1.0000
Replay_200,557,1.0000
Replay_200,558,1.0000
Replay_200,559,1.0000
Replay_200,560,1.0000
Replay_200,561,1.0000
Replay_200,562,1.0000
Replay_200,563,1.0000
Replay_200,564,1.0000
Replay_200,565,1.0000
Replay_200,566,1.0000
Replay_200,567,1.0000
Replay_200,568,1.0000
Replay_200,569,1.0000
Replay_200,570,1.0000
Replay_200,571,1.0000
Replay_200,572,1.0000
Replay_200,573,1.0000
Replay_200,574,1.0000
Replay_200,575,1.0000
Replay_200,576,1.0000
Replay_200,577,1.0000
Replay_200,578,1.0000
Replay_200,579,1.0000
Replay_200,580,1.0000
Replay_200,581,1.0000
Replay_200,582,1.0000
Replay_200,583,1.0000
Replay_200,584,1.0000
Replay_200,585,1.0000
Replay_200,586,1.0000
Replay_200,587,1.0000
Replay_200,588,1.0000
Replay_200,589,1.0000
Replay_200,590,1.0000
Replay_200,591,1.0000
Replay_200,592,1.0000
Replay_200,593,1.0000
Replay_200,594,1.0000
Replay_200,595,1.0000
Replay_200,596,1.0000
Replay_200,597,1.0000
Replay_200,598,1.0000
Replay_200,599,1.0000
Replay_200,600,1.0000
Replay_200,601,1.0000
Replay_200,602,1.0000
Replay_200,603,1.0000
Replay_200,604,1.0000
Replay_200,605,1.0000
Replay_200,606,1.0000
Replay_200,607,1.0000
Replay_200,608,1.0000
Replay_200,609,1.0000
Replay_200,610,1.0000
Replay_200,611,1.0000
Replay_200,612,1.0000
Replay_200,613,1.0000
Replay_200,614,1.0000
Replay_200,615,1.0000
Replay_200,616,1.0000
Replay_200,617,1.0000
Replay_200,618,1.0000
Replay_200,619,1.0000
Replay_200,620,1.0000
Replay_200,621,1.0000
Replay_200,622,1.0000
Replay_200,623,1.0000
Replay_200,624,1.0000
Replay_200,625,1.0000
Replay_200,626,1.0000
Replay_200,627,1.0000
Replay_200,628,1.0000
Replay_200,629,1.0000
Replay_200,630,1.0000
Replay_200,631,1.0000
Replay_200,632,1.0000
Replay_200,633,1.0000
Replay_200,634,1.0000
Replay_200,635,1.0000
Replay_200,636,1.0000
Replay_200,637,1.0000
Replay_200,638,1.0000
Replay_200,639,1.0000
Replay_200,640,1.0000
Replay_200,641,1.0000
Replay_200,642,1.0000
Replay_200,643,1.0000
Replay_200,644,1.0000
Replay_200,645,1.0000
Replay_200,646,1.0000
Replay_200,647,1.0000
Replay_200,648,1.0000
Replay_200,649,1.0000
Replay_200,650,1.0000
Replay_200,651,1.0000
Replay_200,652,1.0000
Replay_200,653,1.0000
Replay_200,654,1.0000
Replay_200,655,1.0000
Replay_200,656,1.0000
Replay_200,657,1.0000
Replay_200,658,1.0000
Replay_200,659,1.0000
Replay_200,660,1.0000
Replay_200,661,1.0000
Replay_200,662,1.0000
Replay_200,663,1.0000
Replay_200,664,1.0000
Replay_200,665,1.0000
Replay_200,666,1.0000
Replay_200,667,1.0000
Replay_200,668,1.0000
Replay_200,669,1.0000
Replay_200,670,1.0000
Replay_200,671,1.0000
Replay_200,672,1.0000
Replay_200,673,1.0000
Replay_200,674,1.0000
Replay_200,675,1.0000
Replay_200,676,1.0000
Replay_200,677,1.0000
Replay_200,678,1.0000
Replay_200,679,1.0000
Replay_200,680,1.0000
Replay_200,681,1.0000
Replay_200,682,1.0000
Replay_200,683,1.0000
Replay_200,684,1.0000
Replay_200,685,1.0000
Replay_200,686,1.0000
Replay_200,687,1.0000
Replay_200,688,1.0000
Replay_200,689,1.0000
Replay_200,690,1.0000
Replay_200,691,1.0000
Replay_200,692,1.0000
Replay_200,693,1.0000
Replay_200,694,1.0000
Replay_200,695,1.0000
Replay_200,696,1.0000
Replay_200,697,1.0000
Replay_200,698,1.0000
Replay_200,699,1.0000
Replay_200,700,1.0000
Replay_200,701,1.0000
Replay_200,702,1.0000
Replay_200,703,1.0000
Replay_200,704,1.0000
Replay_200,705,1.0000
Replay_200,706,1.0000
Replay_200,707,1.0000
Replay_200,708,1.0000
Replay_200,709,1.0000
Replay_200,710,1.0000
Replay_200,711,1.0000
Replay_200,712,1.0000
Replay_200,713,1.0000
Replay_200,714,1.0000
Replay_200,715,1.0000
Replay_200,716,1.0000
Replay_200,717,1.0000
Replay_200,718,1.0000
Replay_200,719,1.0000
Replay_200,720,1.0000
Replay_200,721,1.0000
Replay_200,722,1.0000
Replay_200,723,1.0000
Replay_200,724,1.0000
Replay_200,725,1.0000
Replay_200,726,1.0000
Replay_200,727,1.0000
Replay_200,728,1.0000
Replay_200,729,1.0000
Replay_200,730,1.0000
Replay_200,731,1.0000
Replay_200,732,1.0000
Replay_200,733,1.0000
Replay_200,734,1.0000
Replay_200,735,1.0000
Replay_200,736,1.0000
Replay_200,737,1.0000
Replay_200,738,1.0000
Replay_200,739,1.0000
Replay_200,740,1.0000
Replay_200,741,1.0000
Replay_200,742,1.0000
Replay_200,743,1.0000
Replay_200,744,1.0000
Replay_200,745,1.0000
Replay_200,746,1.0000
Replay_200,747,1.0000
Replay_200,748,1.0000
Replay_200,749,1.0000
Replay_200,750,1.0000
Replay_200,751,1.0000
Replay_200,752,1.0000
Replay_200,753,1.0000
Replay_200,754,1.0000
Replay_200,755,1.0000
Replay_200,756,1.0000
Replay_200,757,1.0000
Replay_200,758,1.0000
Replay_200,759,1.0000
Replay_200,760,1.0000
Replay_200,761,1.0000
Replay_200,762,1.0000
Replay_200,763,1.0000
Replay_200,764,1.0000
Replay_200,765,1.0000
Replay_200,766,1.0000
Replay_200,767,1.0000
Replay_200,768,1.0000
Replay_200,769,1.0000
Replay_200,770,1.0000
Replay_200,771,1.0000
Replay_200,772,0.0000
Replay_200,773,1.0000
Replay_200,774,0.0000
Replay_200,775,0.0001
Replay_200,776,0.0000
Replay_200,777,0.2396
Replay_200,778,0.2558
Replay_200,779,0.2584
Replay_200,780,0.3329
Replay_200,781,0.4702
Replay_200,782,0.4182
Replay_200,783,0.4210
Replay_200,784,0.3499
Replay_200,785,0.1102
Replay_500,0,0.0000
Replay_500,1,0.0000
Replay_500,2,0.1392
Replay_500,3,0.1236
Replay_500,4,0.1229
Replay_500,5,0.1610
Replay_500,6,0.1207
Replay_500,7,0.1662
Replay_500,8,0.1663
Replay_500,9,0.1710
Replay_500,10,0.0000
Replay_500,11,0.0000
Replay_500,12,0.0000
Replay_500,13,0.0000
Replay_500,14,0.0000
Replay_500,15,0.0000
Replay_500,16,0.0000
Replay_500,17,0.0000
Replay_500,18,0.0000
Replay_500,19,0.0000
Replay_500,20,0.0000
Replay_500,21,0.0000
Replay_500,22,0.0000
Replay_500,23,0.0000
Replay_500,24,0.0000
Replay_500,25,0.0000
Replay_500,26,0.0000
Replay_500,27,0.0000
Replay_500,28,0.0000
Replay_500,29,0.0000
Replay_500,30,0.0000
Replay_500,31,0.0000
Replay_500,32,0.0000
Replay_500,33,0.0000
Replay_500,34,0.0000
Replay_500,35,0.0000
Replay_500,36,0.0000
Replay_500,37,0.0000
Replay_500,38,0.0000
Replay_500,39,0.0000
Replay_500,40,0.0000
Replay_500,41,0.0000
Replay_500,42,0.0000
Replay_500,43,0.0000
Replay_500,44,0.0000
Replay_500,45,0.0000
Replay_500,46,0.0000
Replay_500,47,0.0000
Replay_500,48,0.0000
Replay_500,49,0.0000
Replay_500,50,0.0000
Replay_500,51,0.0000
Replay_500,52,0.0000
Replay_500,53,0.0000
Replay_500,54,0.0000
Replay_500,55,0.0000
Replay_500,56,0.0000
Replay_500,57,0.0000
Replay_500,58,0.0000
Replay_500,59,0.0000
Replay_500,60,0.0000
Replay_500,61,0.0000
Replay_500,62,0.0000
Replay_500,63,0.0000
Replay_500,64,0.0000
Replay_500,65,0.0000
Replay_500,66,0.0000
Replay_500,67,0.0000
Replay_500,68,0.0000
Replay_500,69,0.0000
Replay_500,70,0.0000
Replay_500,71,0.0000
Replay_500,72,0.0000
Replay_500,73,0.0000
Replay_500,74,0.0000
Replay_500,75,0.0000
Replay_500,76,0.0000
Replay_500,77,0.0000
Replay_500,78,0.0000
Replay_500,79,0.0000
Replay_500,80,0.0000
Replay_500,81,0.0000
Replay_500,82,0.0000
Replay_500,83,0.0000
Replay_500,84,0.0000
Replay_500,85,0.0000
Replay_500,86,0.0000
Replay_500,87,0.0000
Replay_500,88,0.0000
Replay_500,89,0.0000
Replay_500,90,0.0000
Replay_500,91,1.0000
Replay_500,92,1.0000
Replay_500,93,1.0000
Replay_500,94,1.0000
Replay_500,95,1.0000
Replay_500,96,1.0000
Replay_500,97,1.0000
Replay_500,98,1.0000
Replay_500,99,1.0000
Replay_500,100,1.0000
Replay_500,101,1.0000
Replay_500,102,1.0000
Replay_500,103,1.0000
Replay_500,104,1.0000
Replay_500,105,1.0000
Replay_500,106,1.0000
Replay_500,107,1.0000
Replay_500,108,1.0000
Replay_500,109,1.0000
Replay_500,110,1.0000
Replay_500,111,1.0000
Replay_500,112,1.0000
Replay_500,113,1.0000
Replay_500,114,1.0000
Replay_500,115,1.0000
Replay_500,116,1.0000
Replay_500,117,1.0000
Replay_500,118,1.0000
Replay_500,119,1.0000
Replay_500,120,1.0000
Replay_500,121,1.0000
Replay_500,122,1.0000
Replay_500,123,1.0000
Replay_500,124,1.0000
Replay_500,125,1.0000
Replay_500,126,1.0000
Replay_500,127,1.0000
Replay_500,128,1.0000
Replay_500,129,1.0000
Replay_500,130,1.0000
Replay_500,131,1.0000
Replay_500,132,1.0000
Replay_500,133,1.0000
Replay_500,134,1.0000
Replay_500,135,1.0000
Replay_500,136,1.0000
Replay_500,137,1.0000
Replay_500,138,1.0000
Replay_500,139,1.0000
Replay_500,140,1.0000
Replay_500,141,1.0000
Replay_500,142,1.0000
Replay_500,143,1.0000
Replay_500,144,1.0000
Replay_500,145,1.0000
Replay_500,146,1.0000
Replay_500,147,1.0000
Replay_500,148,1.0000
Replay_500,149,1.0000
Replay_500,150,1.0000
Replay_500,151,1.0000
Replay_500,152,1.0000
Replay_500,153,1.0000
Replay_500,154,1.0000
Replay_500,155,1.0000
Replay_500,156,1.0000
Replay_500,157,1.0000
Replay_500,158,1.0000
Replay_500,159,1.0000
Replay_500,160,1.0000
Replay_500,161,1.0000
Replay_500,162,1.0000
Replay_500,163,1.0000
Replay_500,164,1.0000
Replay_500,165,1.0000
Replay_500,166,1.0000
Replay_500,167,1.0000
Replay_500,168,1.0000
Replay_500,169,1.0000
Replay_500,170,1.0000
Replay_500,171,1.0000
Replay_500,172,1.0000
Replay_500,173,1.0000
Replay_500,174,1.0000
Replay_500,175,1.0000
Replay_500,176,1.0000
Replay_500,177,1.0000
Replay_500,178,1.0000
Replay_500,179,1.0000
Replay_500,180,1.0000
Replay_500,181,1.0000
Replay_500,182,1.0000
Replay_500,183,1.0000
Replay_500,184,1.0000
Replay_500,185,1.0000
Replay_500,186,1.0000
Replay_500,187,1.0000
Replay_500,188,1.0000
Replay_500,189,1.0000
Replay_500,190,1.0000
Replay_500,191,1.0000
Replay_500,192,1.0000
Replay_500,193,1.0000
Replay_500,194,1.0000
Replay_500,195,1.0000
Replay_500,196,1.0000
Replay_500,197,1.0000
Replay_500,198,1.0000
Replay_500,199,1.0000
Replay_500,200,1.0000
Replay_500,201,1.0000
Replay_500,202,1.0000
Replay_500,203,1.0000
Replay_500,204,1.0000
Replay_500,205,1.0000
Replay_500,206,1.0000
Replay_500,207,1.0000
Replay_500,208,1.0000
Replay_500,209,1.0000
Replay_500,210,1.0000
Replay_500,211,1.0000
Replay_500,212,1.0000
Replay_500,213,1.0000
Replay_500,214,1.0000
Replay_500,215,1.0000
Replay_500,216,1.0000
Replay_500,217,1.0000
Replay_500,218,1.0000
Replay_500,219,1.0000
Replay_500,220,1.0000
Replay_500,221,1.0000
Replay_500,222,1.0000
Replay_500,223,1.0000
Replay_500,224,1.0000
Replay_500,225,1.0000
Replay_500,226,1.0000
Replay_500,227,1.0000
Replay_500,228,1.0000
Replay_500,229,1.0000
Replay_500,230,1.0000
Replay_500,231,1.0000
Replay_500,232,1.0000
Replay_500,233,1.0000
Replay_500,234,1.0000
Replay_500,235,1.0000
Replay_500,236,1.0000
Replay_500,237,1.0000
Replay_500,238,1.0000
Replay_500,239,1.0000
Replay_500,240,1.0000
Replay_500,241,1.0000
Replay_500,242,1.0000
Replay_500,243,1.0000
Replay_500,244,1.0000
Replay_500,245,1.0000
Replay_500,246,1.0000
Replay_500,247,1.0000
Replay_500,248,1.0000
Replay_500,249,1.0000
Replay_500,250,1.0000
Replay_500,251,1.0000
Replay_500,252,1.0000
Replay_500,253,1.0000
Replay_500,254,1.0000
Replay_500,255,1.0000
Replay_500,256,1.0000
Replay_500,257,1.0000
Replay_500,258,1.0000
Replay_500,259,1.0000
Replay_500,260,1.0000
Replay_500,261,1.0000
Replay_500,262,1.0000
Replay_500,263,1.0000
Replay_500,264,1.0000
Replay_500,265,1.0000
Replay_500,266,1.0000
Replay_500,267,1.0000
Replay_500,268,1.0000
Replay_500,269,1.0000
Replay_500,270,1.0000
Replay_500,271,1.0000
Replay_500,272,1.0000
Replay_500,273,1.0000
Replay_500,274,1.0000
Replay_500,275,1.0000
Replay_500,276,1.0000
Replay_500,277,1.0000
Replay_500,278,1.0000
Replay_500,279,1.0000
Replay_500,280,1.0000
Replay_500,281,1.0000
Replay_500,282,1.0000
Replay_500,283,1.0000
Replay_500,284,1.0000
Replay_500,285,1.0000
Replay_500,286,1.0000
Replay_500,287,1.0000
Replay_500,288,1.0000
Replay_500,289,1.0000
Replay_500,290,1.0000
Replay_500,291,1.0000
Replay_500,292,1.0000
Replay_500,293,1.0000
Replay_500,294,1.0000
Replay_500,295,1.0000
Replay_500,296,1.0000
Replay_500,297,1.0000
Replay_500,298,1.0000
Replay_500,299,1.0000
Replay_500,300,1.0000
Replay_500,301,1.0000
Replay_500,302,1.0000
Replay_500,303,1.0000
Replay_500,304,1.0000
Replay_500,305,1.0000
Replay_500,306,1.0000
Replay_500,307,1.0000
Replay_500,308,1.0000
Replay_500,309,1.0000
Replay_500,310,1.0000
Replay_500,311,1.0000
Replay_500,312,1.0000
Replay_500,313,1.0000
Replay_500,314,1.0000
Replay_500,315,1.0000
Replay_500,316,1.0000
Replay_500,317,1.0000
Replay_500,318,1.0000
Replay_500,319,1.0000
Replay_500,320,1.0000
Replay_500,321,1.0000
Replay_500,322,1.0000
Replay_500,323,1.0000
Replay_500,324,1.0000
Replay_500,325,1.0000
Replay_500,326,1.0000
Replay_500,327,1.0000
Replay_500,328,1.0000
Replay_500,329,1.0000
Replay_500,330,1.0000
Replay_500,331,1.0000
Replay_500,332,1.0000
Replay_500,333,1.0000
Replay_500,334,1.0000
Replay_500,335,1.0000
Replay_500,336,1.0000
Replay_500,337,1.0000
Replay_500,338,1.0000
Replay_500,339,1.0000
Replay_500,340,1.0000
Replay_500,341,1.0000
Replay_500,342,1.0000
Replay_500,343,1.0000
Replay_500,344,1.0000
Replay_500,345,1.0000
Replay_500,346,1.0000
Replay_500,347,1.0000
Replay_500,348,1.0000
Replay_500,349,1.0000
Replay_500,350,1.0000
Replay_500,351,1.0000
Replay_500,352,1.0000
Replay_500,353,1.0000
Replay_500,354,1.0000
Replay_500,355,1.0000
Replay_500,356,1.0000
Replay_500,357,1.0000
Replay_500,358,1.0000
Replay_500,359,1.0000
Replay_500,360,1.0000
Replay_500,361,1.0000
Replay_500,362,1.0000
Replay_500,363,1.0000
Replay_500,364,1.0000
Replay_500,365,1.0000
Replay_500,366,1.0000
Replay_500,367,1.0000
Replay_500,368,1.0000
Replay_500,369,1.0000
Replay_500,370,1.0000
Replay_500,371,1.0000
Replay_500,372,1.0000
Replay_500,373,1.0000
Replay_500,374,1.0000
Replay_500,375,1.0000
Replay_500,376,1.0000
Replay_500,377,1.0000
Replay_500,378,1.0000
Replay_500,379,1.0000
Replay_500,380,1.0000
Replay_500,381,1.0000
Replay_500,382,1.0000
Replay_500,383,1.0000
Replay_500,384,1.0000
Replay_500,385,1.0000
Replay_500,386,1.0000
Replay_500,387,1.0000
Replay_500,388,1.0000
Replay_500,389,1.0000
Replay_500,390,1.0000
Replay_500,391,1.0000
Replay_500,392,1.0000
Replay_500,393,1.0000
Replay_500,394,1.0000
Replay_500,395,1.0000
Replay_500,396,1.0000
Replay_500,397,1.0000
Replay_500,398,1.0000
Replay_500,399,1.0000
Replay_500,400,1.0000
Replay_500,401,1.0000
Replay_500,402,1.0000
Replay_500,403,1.0000
Replay_500,404,1.0000
Replay_500,405,1.0000
Replay_500,406,1.0000
Replay_500,407,1.0000
Replay_500,408,1.0000
Replay_500,409,1.0000
Replay_500,410,1.0000
Replay_500,411,1.0000
Replay_500,412,1.0000
Replay_500,413,1.0000
Replay_500,414,1.0000
Replay_500,415,1.0000
Replay_500,416,1.0000
Replay_500,417,1.0000
Replay_500,418,1.0000
Replay_500,419,1.0000
Replay_500,420,1.0000
Replay_500,421,1.0000
Replay_500,422,1.0000
Replay_500,423,1.0000
Replay_500,424,1.0000
Replay_500,425,1.0000
Replay_500,426,1.0000
Replay_500,427,1.0000
Replay_500,428,1.0000
Replay_500,429,1.0000
Replay_500,430,1.0000
Replay_500,431,1.0000
Replay_500,432,1.0000
Replay_500,433,1.0000
Replay_500,434,1.0000
Replay_500,435,1.0000
Replay_500,436,1.0000
Replay_500,437,1.0000
Replay_500,438,1.0000
Replay_500,439,1.0000
Replay_500,440,1.0000
Replay_500,441,1.0000
Replay_500,442,1.0000
Replay_500,443,1.0000
Replay_500,444,1.0000
Replay_500,445,1.0000
Replay_500,446,1.0000
Replay_500,447,1.0000
Replay_500,448,1.0000
Replay_500,449,1.0000
Replay_500,450,1.0000
Replay_500,451,1.0000
Replay_500,452,1.0000
Replay_500,453,1.0000
Replay_500,454,1.0000
Replay_500,455,1.0000
Replay_500,456,1.0000
Replay_500,457,1.0000
Replay_500,458,1.0000
Replay_500,459,1.0000
Replay_500,460,1.0000
Replay_500,461,1.0000
Replay_500,462,1.0000
Replay_500,463,1.0000
Replay_500,464,1.0000
Replay_500,465,1.0000
Replay_500,466,1.0000
Replay_500,467,1.0000
Replay_500,468,1.0000
Replay_500,469,1.0000
Replay_500,470,1.0000
Replay_500,471,1.0000
Replay_500,472,1.0000
Replay_500,473,1.0000
Replay_500,474,1.0000
Replay_500,475,1.0000
Replay_500,476,1.0000
Replay_500,477,1.0000
Replay_500,478,1.0000
Replay_500,479,1.0000
Replay_500,480,1.0000
Replay_500,481,1.0000
Replay_500,482,1.0000
Replay_500,483,1.0000
Replay_500,484,1.0000
Replay_500,485,1.0000
Replay_500,486,1.0000
Replay_500,487,1.0000
Replay_500,488,1.0000
Replay_500,489,1.0000
Replay_500,490,1.0000
Replay_500,491,1.0000
Replay_500,492,1.0000
Replay_500,493,1.0000
Replay_500,494,1.0000
Replay_500,495,1.0000
Replay_500,496,1.0000
Replay_500,497,1.0000
Replay_500,498,1.0000
Replay_500,499,1.0000
Replay_500,500,1.0000
Replay_500,501,1.0000
Replay_500,502,1.0000
Replay_500,503,1.0000
Replay_500,504,1.0000
Replay_500,505,1.0000
Replay_500,506,1.0000
Replay_500,507,1.0000
Replay_500,508,1.0000
Replay_500,509,1.0000
Replay_500,510,1.0000
Replay_500,511,1.0000
Replay_500,512,1.0000
Replay_500,513,1.0000
Replay_500,514,1.0000
Replay_500,515,1.0000
Replay_500,516,1.0000
Replay_500,517,1.0000
Replay_500,518,1.0000
Replay_500,519,1.0000
Replay_500,520,1.0000
Replay_500,521,1.0000
Replay_500,522,1.0000
Replay_500,523,1.0000
Replay_500,524,1.0000
Replay_500,525,1.0000
Replay_500,526,1.0000
Replay_500,527,1.0000
Replay_500,528,1.0000
Replay_500,529,1.0000
Replay_500,530,1.0000
Replay_500,531,1.0000
Replay_500,532,1.0000
Replay_500,533,1.0000
Replay_500,534,1.0000
Replay_500,535,1.0000
Replay_500,536,1.0000
Replay_500,537,1.0000
Replay_500,538,1.0000
Replay_500,539,1.0000
Replay_500,540,1.0000
Replay_500,541,1.0000
Replay_500,542,1.0000
Replay_500,543,1.0000
Replay_500,544,1.0000
Replay_500,545,1.0000
Replay_500,546,1.0000
Replay_500,547,1.0000
Replay_500,548,1.0000
Replay_500,549,1.0000
Replay_500,550,1.0000
Replay_500,551,1.0000
Replay_500,552,1.0000
Replay_500,553,1.0000
Replay_500,554,1.0000
Replay_500,555,1.0000
Replay_500,556,1.0000
Replay_500,557,1.0000
Replay_500,558,1.0000
Replay_500,559,1.0000
Replay_500,560,1.0000
Replay_500,561,1.0000
Replay_500,562,1.0000
Replay_500,563,1.0000
Replay_500,564,1.0000
Replay_500,565,1.0000
Replay_500,566,1.0000
Replay_500,567,1.0000
Replay_500,568,1.0000
Replay_500,569,1.0000
Replay_500,570,1.0000
Replay_500,571,1.0000
Replay_500,572,1.0000
Replay_500,573,1.0000
Replay_500,574,1.0000
Replay_500,575,1.0000
Replay_500,576,1.0000
Replay_500,577,1.0000
Replay_500,578,1.0000
Replay_500,579,1.0000
Replay_500,580,1.0000
Replay_500,581,1.0000
Replay_500,582,1.0000
Replay_500,583,1.0000
Replay_500,584,1.0000
Replay_500,585,1.0000
Replay_500,586,1.0000
Replay_500,587,1.0000
Replay_500,588,1.0000
Replay_500,589,1.0000
Replay_500,590,1.0000
Replay_500,591,1.0000
Replay_500,592,1.0000
Replay_500,593,1.0000
Replay_500,594,1.0000
Replay_500,595,1.0000
Replay_500,596,1.0000
Replay_500,597,1.0000
Replay_500,598,1.0000
Replay_500,599,1.0000
Replay_500,600,1.0000
Replay_500,601,1.0000
Replay_500,602,1.0000
Replay_500,603,1.0000
Replay_500,604,1.0000
Replay_500,605,1.0000
Replay_500,606,1.0000
Replay_500,607,1.0000
Replay_500,608,1.0000
Replay_500,609,1.0000
Replay_500,610,1.0000
Replay_500,611,1.0000
Replay_500,612,1.0000
Replay_500,613,1.0000
Replay_500,614,1.0000
Replay_500,615,1.0000
Replay_500,616,1.0000
Replay_500,617,1.0000
Replay_500,618,1.0000
Replay_500,619,1.0000
Replay_500,620,1.0000
Replay_500,621,1.0000
Replay_500,622,1.0000
Replay_500,623,1.0000
Replay_500,624,1.0000
Replay_500,625,1.0000
Replay_500,626,1.0000
Replay_500,627,1.0000
Replay_500,628,1.0000
Replay_500,629,1.0000
Replay_500,630,1.0000
Replay_500,631,1.0000
Replay_500,632,1.0000
Replay_500,633,1.0000
Replay_500,634,1.0000
Replay_500,635,1.0000
Replay_500,636,1.0000
Replay_500,637,1.0000
Replay_500,638,1.0000
Replay_500,639,1.0000
Replay_500,640,1.0000
Replay_500,641,1.0000
Replay_500,642,1.0000
Replay_500,643,1.0000
Replay_500,644,1.0000
Replay_500,645,1.0000
Replay_500,646,1.0000
Replay_500,647,1.0000
Replay_500,648,1.0000
Replay_500,649,1.0000
Replay_500,650,1.0000
Replay_500,651,1.0000
Replay_500,652,1.0000
Replay_500,653,1.0000
Replay_500,654,1.0000
Replay_500,655,1.0000
Replay_500,656,1.0000
Replay_500,657,1.0000
Replay_500,658,1.0000
Replay_500,659,1.0000
Replay_500,660,1.0000
Replay_500,661,1.0000
Replay_500,662,1.0000
Replay_500,663,1.0000
Replay_500,664,1.0000
Replay_500,665,1.0000
Replay_500,666,1.0000
Replay_500,667,1.0000
Replay_500,668,1.0000
Replay_500,669,1.0000
Replay_500,670,1.0000
Replay_500,671,1.0000
Replay_500,672,1.0000
Replay_500,673,1.0000
Replay_500,674,1.0000
Replay_500,675,1.0000
Replay_500,676,1.0000
Replay_500,677,1.0000
Replay_500,678,1.0000
Replay_500,679,1.0000
Replay_500,680,1.0000
Replay_500,681,1.0000
Replay_500,682,1.0000
Replay_500,683,1.0000
Replay_500,684,1.0000
Replay_500,685,1.0000
Replay_500,686,1.0000
Replay_500,687,1.0000
Replay_500,688,1.0000
Replay_500,689,1.0000
Replay_500,690,1.0000
Replay_500,691,1.0000
Replay_500,692,1.0000
Replay_500,693,1.0000
Replay_500,694,1.0000
Replay_500,695,1.0000
Replay_500,696,1.0000
Replay_500,697,1.0000
Replay_500,698,1.0000
Replay_500,699,1.0000
Replay_500,700,1.0000
Replay_500,701,1.0000
Replay_500,702,1.0000
Replay_500,703,1.0000
Replay_500,704,1.0000
Replay_500,705,1.0000
Replay_500,706,1.0000
Replay_500,707,1.0000
Replay_500,708,1.0000
Replay_500,709,1.0000
Replay_500,710,1.0000
Replay_500,711,1.0000
Replay_500,712,1.0000
Replay_500,713,1.0000
Replay_500,714,1.0000
Replay_500,715,1.0000
Replay_500,716,1.0000
Replay_500,717,1.0000
Replay_500,718,1.0000
Replay_500,719,1.0000
Replay_500,720,1.0000
Replay_500,721,1.0000
Replay_500,722,1.0000
Replay_500,723,1.0000
Replay_500,724,1.0000
Replay_500,725,1.0000
Replay_500,726,1.0000
Replay_500,727,1.0000
Replay_500,728,1.0000
Replay_500,729,1.0000
Replay_500,730,1.0000
Replay_500,731,1.0000
Replay_500,732,1.0000
Replay_500,733,1.0000
Replay_500,734,1.0000
Replay_500,735,1.0000
Replay_500,736,1.0000
Replay_500,737,1.0000
Replay_500,738,1.0000
Replay_500,739,1.0000
Replay_500,740,1.0000
Replay_500,741,1.0000
Replay_500,742,1.0000
Replay_500,743,1.0000
Replay_500,744,1.0000
Replay_500,745,1.0000
Replay_500,746,1.0000
Replay_500,747,1.0000
Replay_500,748,1.0000
Replay_500,749,1.0000
Replay_500,750,1.0000
Replay_500,751,1.0000
Replay_500,752,1.0000
Replay_500,753,1.0000
Replay_500,754,1.0000
Replay_500,755,1.0000
Replay_500,756,1.0000
Replay_500,757,1.0000
Replay_500,758,1.0000
Replay_500,759,1.0000
Replay_500,760,1.0000
Replay_500,761,1.0000
Replay_500,762,1.0000
Replay_500,763,1.0000
Replay_500,764,1.0000
Replay_500,765,1.0000
Replay_500,766,1.0000
Replay_500,767,1.0000
Replay_500,768,1.0000
Replay_500,769,1.0000
Replay_500,770,1.0000
Replay_500,771,1.0000
Replay_500,772,0.0000
Replay_500,773,1.0000
Replay_500,774,0.0000
Replay_500,775,0.0001
Replay_500,776,0.0000
Replay_500,777,0.2396
Replay_500,778,0.2558
Replay_500,779,0.2584
Replay_500,780,0.3329
Replay_500,781,0.4702
Replay_500,782,0.4182
Replay_500,783,0.4210
Replay_500,784,0.3499
Replay_500,785,0.1102
Replay_1000,0,0.0000
Replay_1000,1,0.0000
Replay_1000,2,0.1392
Replay_1000,3,0.1236
Replay_1000,4,0.1229
Replay_1000,5,0.1610
Replay_1000,6,0.1207
Replay_1000,7,0.1662
Replay_1000,8,0.1663
Replay_1000,9,0.1710
Replay_1000,10,0.0000
Replay_1000,11,0.0000
Replay_1000,12,0.0000
Replay_1000,13,0.0000
Replay_1000,14,0.0000
Replay_1000,15,0.0000
Replay_1000,16,0.0000
Replay_1000,17,0.0000
Replay_1000,18,0.0000
Replay_1000,19,0.0000
Replay_1000,20,0.0000
Replay_1000,21,0.0000
Replay_1000,22,0.0000
Replay_1000,23,0.0000
Replay_1000,24,0.0000
Replay_1000,25,0.0000
Replay_1000,26,0.0000
Replay_1000,27,0.0000
Replay_1000,28,0.0000
Replay_1000,29,0.0000
Replay_1000,30,0.0000
Replay_1000,31,0.0000
Replay_1000,32,0.0000
Replay_1000,33,0.0000
Replay_1000,34,0.0000
Replay_1000,35,0.0000
Replay_1000,36,0.0000
Replay_1000,37,0.0000
Replay_1000,38,0.0000
Replay_1000,39,0.0000
Replay_1000,40,0.0000
Replay_1000,41,0.0000
Replay_1000,42,0.0000
Replay_1000,43,0.0000
Replay_1000,44,0.0000
Replay_1000,45,0.0000
Replay_1000,46,0.0000
Replay_1000,47,0.0000
Replay_1000,48,0.0000
Replay_1000,49,0.0000
Replay_1000,50,0.0000
Replay_1000,51,0.0000
Replay_1000,52,0.0000
Replay_1000,53,0.0000
Replay_1000,54,0.0000
Replay_1000,55,0.0000
Replay_1000,56,0.0000
Replay_1000,57,0.0000
Replay_1000,58,0.0000
Replay_1000,59,0.0000
Replay_1000,60,0.0000
Replay_1000,61,0.0000
Replay_1000,62,0.0000
Replay_1000,63,0.0000
Replay_1000,64,0.0000
Replay_1000,65,0.0000
Replay_1000,66,0.0000
Replay_1000,67,0.0000
Replay_1000,68,0.0000
Replay_1000,69,0.0000
Replay_1000,70,0.0000
Replay_1000,71,0.0000
Replay_1000,72,0.0000
Replay_1000,73,0.0000
Replay_1000,74,0.0000
Replay_1000,75,0.0000
Replay_1000,76,0.0000
Replay_1000,77,0.0000
Replay_1000,78,0.0000
Replay_1000,79,0.0000
Replay_1000,80,0.0000
Replay_1000,81,0.0000
Replay_1000,82,0.0000
Replay_1000,83,0.0000
Replay_1000,84,0.0000
Replay_1000,85,0.0000
Replay_1000,86,0.0000
Replay_1000,87,0.0000
Replay_1000,88,0.0000
Replay_1000,89,0.0000
Replay_1000,90,0.0000
Replay_1000,91,1.0000
Replay_1000,92,1.0000
Replay_1000,93,1.0000
Replay_1000,94,1.0000
Replay_1000,95,1.0000
Replay_1000,96,1.0000
Replay_1000,97,1.0000
Replay_1000,98,1.0000
Replay_1000,99,1.0000
Replay_1000,100,1.0000
Replay_1000,101,1.0000
Replay_1000,102,1.0000
Replay_1000,103,1.0000
Replay_1000,104,1.0000
Replay_1000,105,1.0000
Replay_1000,106,1.0000
Replay_1000,107,1.0000
Replay_1000,108,1.0000
Replay_1000,109,1.0000
Replay_1000,110,1.0000
Replay_1000,111,1.0000
Replay_1000,112,1.0000
Replay_1000,113,1.0000
Replay_1000,114,1.0000
Replay_1000,115,1.0000
Replay_1000,116,1.0000
Replay_1000,117,1.0000
Replay_1000,118,1.0000
Replay_1000,119,1.0000
Replay_1000,120,1.0000
Replay_1000,121,1.0000
Replay_1000,122,1.0000
Replay_1000,123,1.0000
Replay_1000,124,1.0000
Replay_1000,125,1.0000
Replay_1000,126,1.0000
Replay_1000,127,1.0000
Replay_1000,128,1.0000
Replay_1000,129,1.0000
Replay_1000,130,1.0000
Replay_1000,131,1.0000
Replay_1000,132,1.0000
Replay_1000,133,1.0000
Replay_1000,134,1.0000
Replay_1000,135,1.0000
Replay_1000,136,1.0000
Replay_1000,137,1.0000
Replay_1000,138,1.0000
Replay_1000,139,1.0000
Replay_1000,140,1.0000
Replay_1000,141,1.0000
Replay_1000,142,1.0000
Replay_1000,143,1.0000
Replay_1000,144,1.0000
Replay_1000,145,1.0000
Replay_1000,146,1.0000
Replay_1000,147,1.0000
Replay_1000,148,1.0000
Replay_1000,149,1.0000
Replay_1000,150,1.0000
Replay_1000,151,1.0000
Replay_1000,152,1.0000
Replay_1000,153,1.0000
Replay_1000,154,1.0000
Replay_1000,155,1.0000
Replay_1000,156,1.0000
Replay_1000,157,1.0000
Replay_1000,158,1.0000
Replay_1000,159,1.0000
Replay_1000,160,1.0000
Replay_1000,161,1.0000
Replay_1000,162,1.0000
Replay_1000,163,1.0000
Replay_1000,164,1.0000
Replay_1000,165,1.0000
Replay_1000,166,1.0000
Replay_1000,167,1.0000
Replay_1000,168,1.0000
Replay_1000,169,1.0000
Replay_1000,170,1.0000
Replay_1000,171,1.0000
Replay_1000,172,1.0000
Replay_1000,173,1.0000
Replay_1000,174,1.0000
Replay_1000,175,1.0000
Replay_1000,176,1.0000
Replay_1000,177,1.0000
Replay_1000,178,1.0000
Replay_1000,179,1.0000
Replay_1000,180,1.0000
Replay_1000,181,1.0000
Replay_1000,182,1.0000
Replay_1000,183,1.0000
Replay_1000,184,1.0000
Replay_1000,185,1.0000
Replay_1000,186,1.0000
Replay_1000,187,1.0000
Replay_1000,188,1.0000
Replay_1000,189,1.0000
Replay_1000,190,1.0000
Replay_1000,191,1.0000
Replay_1000,192,1.0000
Replay_1000,193,1.0000
Replay_1000,194,1.0000
Replay_1000,195,1.0000
Replay_1000,196,1.0000
Replay_1000,197,1.0000
Replay_1000,198,1.0000
Replay_1000,199,1.0000
Replay_1000,200,1.0000
Replay_1000,201,1.0000
Replay_1000,202,1.0000
Replay_1000,203,1.0000
Replay_1000,204,1.0000
Replay_1000,205,1.0000
Replay_1000,206,1.0000
Replay_1000,207,1.0000
Replay_1000,208,1.0000
Replay_1000,209,1.0000
Replay_1000,210,1.0000
Replay_1000,211,1.0000
Replay_1000,212,1.0000
Replay_1000,213,1.0000
Replay_1000,214,1.0000
Replay_1000,215,1.0000
Replay_1000,216,1.0000
Replay_1000,217,1.0000
Replay_1000,218,1.0000
Replay_1000,219,1.0000
Replay_1000,220,1.0000
Replay_1000,221,1.0000
Replay_1000,222,1.0000
Replay_1000,223,1.0000
Replay_1000,224,1.0000
Replay_1000,225,1.0000
Replay_1000,226,1.0000
Replay_1000,227,1.0000
Replay_1000,228,1.0000
Replay_1000,229,1.0000
Replay_1000,230,1.0000
Replay_1000,231,1.0000
Replay_1000,232,1.0000
Replay_1000,233,1.0000
Replay_1000,234,1.0000
Replay_1000,235,1.0000
Replay_1000,236,1.0000
Replay_1000,237,1.0000
Replay_1000,238,1.0000
Replay_1000,239,1.0000
Replay_1000,240,1.0000
Replay_1000,241,1.0000
Replay_1000,242,1.0000
Replay_1000,243,1.0000
Replay_1000,244,1.0000
Replay_1000,245,1.0000
Replay_1000,246,1.0000
Replay_1000,247,1.0000
Replay_1000,248,1.0000
Replay_1000,249,1.0000
Replay_1000,250,1.0000
Replay_1000,251,1.0000
Replay_1000,252,1.0000
Replay_1000,253,1.0000
Replay_1000,254,1.0000
Replay_1000,255,1.0000
Replay_1000,256,1.0000
Replay_1000,257,1.0000
Replay_1000,258,1.0000
Replay_1000,259,1.0000
Replay_1000,260,1.0000
Replay_1000,261,1.0000
Replay_1000,262,1.0000
Replay_1000,263,1.0000
Replay_1000,264,1.0000
Replay_1000,265,1.0000
Replay_1000,266,1.0000
Replay_1000,267,1.0000
Replay_1000,268,1.0000
Replay_1000,269,1.0000
Replay_1000,270,1.0000
Replay_1000,271,1.0000
Replay_1000,272,1.0000
Replay_1000,273,1.0000
Replay_1000,274,1.0000
Replay_1000,275,1.0000
Replay_1000,276,1.0000
Replay_1000,277,1.0000
Replay_1000,278,1.0000
Replay_1000,279,1.0000
Replay_1000,280,1.0000
Replay_1000,281,1.0000
Replay_1000,282,1.0000
Replay_1000,283,1.0000
Replay_1000,284,1.0000
Replay_1000,285,1.0000
Replay_1000,286,1.0000
Replay_1000,287,1.0000
Replay_1000,288,1.0000
Replay_1000,289,1.0000
Replay_1000,290,1.0000
Replay_1000,291,1.0000
Replay_1000,292,1.0000
Replay_1000,293,1.0000
Replay_1000,294,1.0000
Replay_1000,295,1.0000
Replay_1000,296,1.0000
Replay_1000,297,1.0000
Replay_1000,298,1.0000
Replay_1000,299,1.0000
Replay_1000,300,1.0000
Replay_1000,301,1.0000
Replay_1000,302,1.0000
Replay_1000,303,1.0000
Replay_1000,304,1.0000
Replay_1000,305,1.0000
Replay_1000,306,1.0000
Replay_1000,307,1.0000
Replay_1000,308,1.0000
Replay_1000,309,1.0000
Replay_1000,310,1.0000
Replay_1000,311,1.0000
Replay_1000,312,1.0000
Replay_1000,313,1.0000
Replay_1000,314,1.0000
Replay_1000,315,1.0000
Replay_1000,316,1.0000
Replay_1000,317,1.0000
Replay_1000,318,1.0000
Replay_1000,319,1.0000
Replay_1000,320,1.0000
Replay_1000,321,1.0000
Replay_1000,322,1.0000
Replay_1000,323,1.0000
Replay_1000,324,1.0000
Replay_1000,325,1.0000
Replay_1000,326,1.0000
Replay_1000,327,1.0000
Replay_1000,328,1.0000
Replay_1000,329,1.0000
Replay_1000,330,1.0000
Replay_1000,331,1.0000
Replay_1000,332,1.0000
Replay_1000,333,1.0000
Replay_1000,334,1.0000
Replay_1000,335,1.0000
Replay_1000,336,1.0000
Replay_1000,337,1.0000
Replay_1000,338,1.0000
Replay_1000,339,1.0000
Replay_1000,340,1.0000
Replay_1000,341,1.0000
Replay_1000,342,1.0000
Replay_1000,343,1.0000
Replay_1000,344,1.0000
Replay_1000,345,1.0000
Replay_1000,346,1.0000
Replay_1000,347,1.0000
Replay_1000,348,1.0000
Replay_1000,349,1.0000
Replay_1000,350,1.0000
Replay_1000,351,1.0000
Replay_1000,352,1.0000
Replay_1000,353,1.0000
Replay_1000,354,1.0000
Replay_1000,355,1.0000
Replay_1000,356,1.0000
Replay_1000,357,1.0000
Replay_1000,358,1.0000
Replay_1000,359,1.0000
Replay_1000,360,1.0000
Replay_1000,361,1.0000
Replay_1000,362,1.0000
Replay_1000,363,1.0000
Replay_1000,364,1.0000
Replay_1000,365,1.0000
Replay_1000,366,1.0000
Replay_1000,367,1.0000
Replay_1000,368,1.0000
Replay_1000,369,1.0000
Replay_1000,370,1.0000
Replay_1000,371,1.0000
Replay_1000,372,1.0000
Replay_1000,373,1.0000
Replay_1000,374,1.0000
Replay_1000,375,1.0000
Replay_1000,376,1.0000
Replay_1000,377,1.0000
Replay_1000,378,1.0000
Replay_1000,379,1.0000
Replay_1000,380,1.0000
Replay_1000,381,1.0000
Replay_1000,382,1.0000
Replay_1000,383,1.0000
Replay_1000,384,1.0000
Replay_1000,385,1.0000
Replay_1000,386,1.0000
Replay_1000,387,1.0000
Replay_1000,388,1.0000
Replay_1000,389,1.0000
Replay_1000,390,1.0000
Replay_1000,391,1.0000
Replay_1000,392,1.0000
Replay_1000,393,1.0000
Replay_1000,394,1.0000
Replay_1000,395,1.0000
Replay_1000,396,1.0000
Replay_1000,397,1.0000
Replay_1000,398,1.0000
Replay_1000,399,1.0000
Replay_1000,400,1.0000
Replay_1000,401,1.0000
Replay_1000,402,1.0000
Replay_1000,403,1.0000
Replay_1000,404,1.0000
Replay_1000,405,1.0000
Replay_1000,406,1.0000
Replay_1000,407,1.0000
Replay_1000,408,1.0000
Replay_1000,409,1.0000
Replay_1000,410,1.0000
Replay_1000,411,1.0000
Replay_1000,412,1.0000
Replay_1000,413,1.0000
Replay_1000,414,1.0000
Replay_1000,415,1.0000
Replay_1000,416,1.0000
Replay_1000,417,1.0000
Replay_1000,418,1.0000
Replay_1000,419,1.0000
Replay_1000,420,1.0000
Replay_1000,421,1.0000
Replay_1000,422,1.0000
Replay_1000,423,1.0000
Replay_1000,424,1.0000
Replay_1000,425,1.0000
Replay_1000,426,1.0000
Replay_1000,427,1.0000
Replay_1000,428,1.0000
Replay_1000,429,1.0000
Replay_1000,430,1.0000
Replay_1000,431,1.0000
Replay_1000,432,1.0000
Replay_1000,433,1.0000
Replay_1000,434,1.0000
Replay_1000,435,1.0000
Replay_1000,436,1.0000
Replay_1000,437,1.0000
Replay_1000,438,1.0000
Replay_1000,439,1.0000
Replay_1000,440,1.0000
Replay_1000,441,1.0000
Replay_1000,442,1.0000
Replay_1000,443,1.0000
Replay_1000,444,1.0000
Replay_1000,445,1.0000
Replay_1000,446,1.0000
Replay_1000,447,1.0000
Replay_1000,448,1.0000
Replay_1000,449,1.0000
Replay_1000,450,1.0000
Replay_1000,451,1.0000
Replay_1000,452,1.0000
Replay_1000,453,1.0000
Replay_1000,454,1.0000
Replay_1000,455,1.0000
Replay_1000,456,1.0000
Replay_1000,457,1.0000
Replay_1000,458,1.0000
Replay_1000,459,1.0000
Replay_1000,460,1.0000
Replay_1000,461,1.0000
Replay_1000,462,1.0000
Replay_1000,463,1.0000
Replay_1000,464,1.0000
Replay_1000,465,1.0000
Replay_1000,466,1.0000
Replay_1000,467,1.0000
Replay_1000,468,1.0000
Replay_1000,469,1.0000
Replay_1000,470,1.0000
Replay_1000,471,1.0000
Replay_1000,472,1.0000
Replay_1000,473,1.0000
Replay_1000,474,1.0000
Replay_1000,475,1.0000
Replay_1000,476,1.0000
Replay_1000,477,1.0000
Replay_1000,478,1.0000
Replay_1000,479,1.0000
Replay_1000,480,1.0000
Replay_1000,481,1.0000
Replay_1000,482,1.0000
Replay_1000,483,1.0000
Replay_1000,484,1.0000
Replay_1000,485,1.0000
Replay_1000,486,1.0000
Replay_1000,487,1.0000
Replay_1000,488,1.0000
Replay_1000,489,1.0000
Replay_1000,490,1.0000
Replay_1000,491,1.0000
Replay_1000,492,1.0000
Replay_1000,493,1.0000
Replay_1000,494,1.0000
Replay_1000,495,1.0000
Replay_1000,496,1.0000
Replay_1000,497,1.0000
Replay_1000,498,1.0000
Replay_1000,499,1.0000
Replay_1000,500,1.0000
Replay_1000,501,1.0000
Replay_1000,502,1.0000
Replay_1000,503,1.0000
Replay_1000,504,1.0000
Replay_1000,505,1.0000
Replay_1000,506,1.0000
Replay_1000,507,1.0000
Replay_1000,508,1.0000
Replay_1000,509,1.0000
Replay_1000,510,1.0000
Replay_1000,511,1.0000
Replay_1000,512,1.0000
Replay_1000,513,1.0000
Replay_1000,514,1.0000
Replay_1000,515,1.0000
Replay_1000,516,1.0000
Replay_1000,517,1.0000
Replay_1000,518,1.0000
Replay_1000,519,1.0000
Replay_1000,520,1.0000
Replay_1000,521,1.0000
Replay_1000,522,1.0000
Replay_1000,523,1.0000
Replay_1000,524,1.0000
Replay_1000,525,1.0000
Replay_1000,526,1.0000
Replay_1000,527,1.0000
Replay_1000,528,1.0000
Replay_1000,529,1.0000
Replay_1000,530,1.0000
Replay_1000,531,1.0000
Replay_1000,532,1.0000
Replay_1000,533,1.0000
Replay_1000,534,1.0000
Replay_1000,535,1.0000
Replay_1000,536,1.0000
Replay_1000,537,1.0000
Replay_1000,538,1.0000
Replay_1000,539,1.0000
Replay_1000,540,1.0000
Replay_1000,541,1.0000
Replay_1000,542,1.0000
Replay_1000,543,1.0000
Replay_1000,544,1.0000
Replay_1000,545,1.0000
Replay_1000,546,1.0000
Replay_1000,547,1.0000
Replay_1000,548,1.0000
Replay_1000,549,1.0000
Replay_1000,550,1.0000
Replay_1000,551,1.0000
Replay_1000,552,1.0000
Replay_1000,553,1.0000
Replay_1000,554,1.0000
Replay_1000,555,1.0000
Replay_1000,556,1.0000
Replay_1000,557,1.0000
Replay_1000,558,1.0000
Replay_1000,559,1.0000
Replay_1000,560,1.0000
Replay_1000,561,1.0000
Replay_1000,562,1.0000
Replay_1000,563,1.0000
Replay_1000,564,1.0000
Replay_1000,565,1.0000
Replay_1000,566,1.0000
Replay_1000,567,1.0000
Replay_1000,568,1.0000
Replay_1000,569,1.0000
Replay_1000,570,1.0000
Replay_1000,571,1.0000
Replay_1000,572,1.0000
Replay_1000,573,1.0000
Replay_1000,574,1.0000
Replay_1000,575,1.0000
Replay_1000,576,1.0000
Replay_1000,577,1.0000
Replay_1000,578,1.0000
Replay_1000,579,1.0000
Replay_1000,580,1.0000
Replay_1000,581,1.0000
Replay_1000,582,1.0000
Replay_1000,583,1.0000
Replay_1000,584,1.0000
Replay_1000,585,1.0000
Replay_1000,586,1.0000
Replay_1000,587,1.0000
Replay_1000,588,1.0000
Replay_1000,589,1.0000
Replay_1000,590,1.0000
Replay_1000,591,1.0000
Replay_1000,592,1.0000
Replay_1000,593,1.0000
Replay_1000,594,1.0000
Replay_1000,595,1.0000
Replay_1000,596,1.0000
Replay_1000,597,1.0000
Replay_1000,598,1.0000
Replay_1000,599,1.0000
Replay_1000,600,1.0000
Replay_1000,601,1.0000
Replay_1000,602,1.0000
Replay_1000,603,1.0000
Replay_1000,604,1.0000
Replay_1000,605,1.0000
Replay_1000,606,1.0000
Replay_1000,607,1.0000
Replay_1000,608,1.0000
Replay_1000,609,1.0000
Replay_1000,610,1.0000
Replay_1000,611,1.0000
Replay_1000,612,1.0000
Replay_1000,613,1.0000
Replay_1000,614,1.0000
Replay_1000,615,1.0000
Replay_1000,616,1.0000
Replay_1000,617,1.0000
Replay_1000,618,1.0000
Replay_1000,619,1.0000
Replay_1000,620,1.0000
Replay_1000,621,1.0000
Replay_1000,622,1.0000
Replay_1000,623,1.0000
Replay_1000,624,1.0000
Replay_1000,625,1.0000
Replay_1000,626,1.0000
Replay_1000,627,1.0000
Replay_1000,628,1.0000
Replay_1000,629,1.0000
Replay_1000,630,1.0000
Replay_1000,631,1.0000
Replay_1000,632,1.0000
Replay_1000,633,1.0000
Replay_1000,634,1.0000
Replay_1000,635,1.0000
Replay_1000,636,1.0000
Replay_1000,637,1.0000
Replay_1000,638,1.0000
Replay_1000,639,1.0000
Replay_1000,640,1.0000
Replay_1000,641,1.0000
Replay_1000,642,1.0000
Replay_1000,643,1.0000
Replay_1000,644,1.0000
Replay_1000,645,1.0000
Replay_1000,646,1.0000
Replay_1000,647,1.0000
Replay_1000,648,1.0000
Replay_1000,649,1.0000
Replay_1000,650,1.0000
Replay_1000,651,1.0000
Replay_1000,652,1.0000
Replay_1000,653,1.0000
Replay_1000,654,1.0000
Replay_1000,655,1.0000
Replay_1000,656,1.0000
Replay_1000,657,1.0000
Replay_1000,658,1.0000
Replay_1000,659,1.0000
Replay_1000,660,1.0000
Replay_1000,661,1.0000
Replay_1000,662,1.0000
Replay_1000,663,1.0000
Replay_1000,664,1.0000
Replay_1000,665,1.0000
Replay_1000,666,1.0000
Replay_1000,667,1.0000
Replay_1000,668,1.0000
Replay_1000,669,1.0000
Replay_1000,670,1.0000
Replay_1000,671,1.0000
Replay_1000,672,1.0000
Replay_1000,673,1.0000
Replay_1000,674,1.0000
Replay_1000,675,1.0000
Replay_1000,676,1.0000
Replay_1000,677,1.0000
Replay_1000,678,1.0000
Replay_1000,679,1.0000
Replay_1000,680,1.0000
Replay_1000,681,1.0000
Replay_1000,682,1.0000
Replay_1000,683,1.0000
Replay_1000,684,1.0000
Replay_1000,685,1.0000
Replay_1000,686,1.0000
Replay_1000,687,1.0000
Replay_1000,688,1.0000
Replay_1000,689,1.0000
Replay_1000,690,1.0000
Replay_1000,691,1.0000
Replay_1000,692,1.0000
Replay_1000,693,1.0000
Replay_1000,694,1.0000
Replay_1000,695,1.0000
Replay_1000,696,1.0000
Replay_1000,697,1.0000
Replay_1000,698,1.0000
Replay_1000,699,1.0000
Replay_1000,700,1.0000
Replay_1000,701,1.0000
Replay_1000,702,1.0000
Replay_1000,703,1.0000
Replay_1000,704,1.0000
Replay_1000,705,1.0000
Replay_1000,706,1.0000
Replay_1000,707,1.0000
Replay_1000,708,1.0000
Replay_1000,709,1.0000
Replay_1000,710,1.0000
Replay_1000,711,1.0000
Replay_1000,712,1.0000
Replay_1000,713,1.0000
Replay_1000,714,1.0000
Replay_1000,715,1.0000
Replay_1000,716,1.0000
Replay_1000,717,1.0000
Replay_1000,718,1.0000
Replay_1000,719,1.0000
Replay_1000,720,1.0000
Replay_1000,721,1.0000
Replay_1000,722,1.0000
Replay_1000,723,1.0000
Replay_1000,724,1.0000
Replay_1000,725,1.0000
Replay_1000,726,1.0000
Replay_1000,727,1.0000
Replay_1000,728,1.0000
Replay_1000,729,1.0000
Replay_1000,730,1.0000
Replay_1000,731,1.0000
Replay_1000,732,1.0000
Replay_1000,733,1.0000
Replay_1000,734,1.0000
Replay_1000,735,1.0000
Replay_1000,736,1.0000
Replay_1000,737,1.0000
Replay_1000,738,1.0000
Replay_1000,739,1.0000
Replay_1000,740,1.0000
Replay_1000,741,1.0000
Replay_1000,742,1.0000
Replay_1000,743,1.0000
Replay_1000,744,1.0000
Replay_1000,745,1.0000
Replay_1000,746,1.0000
Replay_1000,747,1.0000
Replay_1000,748,1.0000
Replay_1000,749,1.0000
Replay_1000,750,1.0000
Replay_1000,751,1.0000
Replay_1000,752,1.0000
Replay_1000,753,1.0000
Replay_1000,754,1.0000
Replay_1000,755,1.0000
Replay_1000,756,1.0000
Replay_1000,757,1.0000
Replay_1000,758,1.0000
Replay_1000,759,1.0000
Replay_1000,760,1.0000
Replay_1000,761,1.0000
Replay_1000,762,1.0000
Replay_1000,763,1.0000
Replay_1000,764,1.0000
Replay_1000,765,1.0000
Replay_1000,766,1.0000
Replay_1000,767,1.0000
Replay_1000,768,1.0000
Replay_1000,769,1.0000
Replay_1000,770,1.0000
Replay_1000,771,1.0000
Replay_1000,772,0.0000
Replay_1000,773,1.0000
Replay_1000,774,0.0000
Replay_1000,775,0.0001
Replay_1000,776,0.0000
Replay_1000,777,0.2396
Replay_1000,778,0.2558
Replay_1000,779,0.2584
Replay_1000,780,0.3329
Replay_1000,781,0.4702
Replay_1000,782,0.4182
Replay_1000,783,0.4210
Replay_1000,784,0.3499
Replay_1000,785,0.1102
